name,material,template,render
acacia_planks_beams,acacia_planks,cube_all,
acacia_planks_brick_pattern,acacia_planks,cube_all,
acacia_planks_brick_paving,acacia_planks,cube_all,
acacia_planks_bricks,acacia_planks,cube_all,
acacia_planks_crate,acacia_planks,cube_all,
acacia_planks_diagonal_stripes,acacia_planks,cube_all,
acacia_planks_diagonal_tiles,acacia_planks,cube_all,
acacia_planks_dotted,acacia_planks,cube_all,
acacia_planks_fine_mosaic,acacia_planks,cube_all,
acacia_planks_flooring,acacia_planks,cube_all,
acacia_planks_large_tiles,acacia_planks,cube_all,
acacia_planks_mosaic,acacia_planks,cube_all,
acacia_planks_panel,acacia_planks,cube_all,
acacia_planks_pattern,acacia_planks,cube_all,
acacia_planks_rotated_bricks,acacia_planks,cube_all,
acacia_planks_shavings,acacia_planks,cube_all,
acacia_planks_small_bricks,acacia_planks,cube_all,
acacia_planks_small_tiles,acacia_planks,cube_all,
acacia_planks_squares,acacia_planks,cube_all,
acacia_planks_wavy,acacia_planks,cube_all,
acacia_planks_woven,acacia_planks,cube_all,
acacia_planks_basket_woven,acacia_planks,cube_all,
acacia_planks_boxed,acacia_planks,cube_all,
acacia_planks_brick_bond,acacia_planks,cube_all,
acacia_planks_bricky,acacia_planks,cube_all,
acacia_planks_cornered,acacia_planks,cube_all,
acacia_planks_crated,acacia_planks,cube_all,
acacia_planks_cross_laced,acacia_planks,cube_all,
acacia_planks_crossed,acacia_planks,cube_all,
acacia_planks_detailed,acacia_planks,cube_all,
acacia_planks_diagonal,acacia_planks,cube_all,
acacia_planks_diamond,acacia_planks,cube_all,
acacia_planks_double_herringbone,acacia_planks,cube_all,
acacia_planks_enclosed,acacia_planks,cube_all,
acacia_planks_fine,acacia_planks,cube_all,
acacia_planks_fine_vertical,acacia_planks,cube_all,
acacia_planks_framed,acacia_planks,cube_all,
acacia_planks_herringbone,acacia_planks,cube_all,
acacia_planks_hewn,acacia_planks,cube_all,
acacia_planks_laced,acacia_planks,cube_all,
acacia_planks_nailed,acacia_planks,cube_all,
acacia_planks_natural,acacia_planks,cube_all,
acacia_planks_pegged,acacia_planks,cube_all,
acacia_planks_polished,acacia_planks,cube_all,
acacia_planks_railed,acacia_planks,cube_all,
acacia_planks_shifted,acacia_planks,cube_all,
acacia_planks_slanted,acacia_planks,cube_all,
acacia_planks_smooth,acacia_planks,cube_all,
acacia_planks_stacked,acacia_planks,cube_all,
acacia_planks_thin,acacia_planks,cube_all,
acacia_planks_tiled,acacia_planks,cube_all,
acacia_planks_versailles,acacia_planks,cube_all,
acacia_planks_vertical,acacia_planks,cube_all,
acacia_planks_vertically_railed,acacia_planks,cube_all,
acacia_planks_whirlwind,acacia_planks,cube_all,
acacia_planks_wickered,acacia_planks,cube_all,
amethyst_block_beams,amethyst_block,cube_all,
amethyst_block_bordered_diagonal_tiles,amethyst_block,cube_all,
amethyst_block_bricks,amethyst_block,cube_all,
amethyst_block_cut,amethyst_block,cube_all,
amethyst_block_diagonal_tiles,amethyst_block,cube_all,
amethyst_block_edged,amethyst_block,cube_all,
amethyst_block_jewel,amethyst_block,cube_all,
amethyst_block_mini_tiles,amethyst_block,cube_all,
amethyst_block_scales,amethyst_block,cube_all,
amethyst_block_shiny,amethyst_block,cube_all,
amethyst_block_smooth,amethyst_block,cube_all,
amethyst_block_tiles,amethyst_block,cube_all,
amethyst_block_angry,amethyst_block,cube_all,
amethyst_block_bordered,amethyst_block,cube_all,
amethyst_block_brick_bordered,amethyst_block,cube_all,
amethyst_block_carved,amethyst_block,cube_all,
amethyst_block_checkered_tiles,amethyst_block,cube_all,
amethyst_block_cobbled,amethyst_block,cube_all,
amethyst_block_cracked_bricks,amethyst_block,cube_all,
amethyst_block_cracked_disordered_bricks,amethyst_block,cube_all,
amethyst_block_cracked_flat_tiles,amethyst_block,cube_all,
amethyst_block_creeper_carving,amethyst_block,cube_all,
amethyst_block_crying,amethyst_block,cube_all,
amethyst_block_curly,amethyst_block,cube_all,
amethyst_block_cut_column,amethyst_block,cube_all,
amethyst_block_cut_blank,amethyst_block,cube_all,
amethyst_block_diagonal,amethyst_block,cube_all,
amethyst_block_duh,amethyst_block,cube_all,
amethyst_block_edged_bricks,amethyst_block,cube_all,
amethyst_block_engraved,amethyst_block,cube_all,
amethyst_block_eroded,amethyst_block,cube_all,
amethyst_block_etched_bricks,amethyst_block,cube_all,
amethyst_block_fine,amethyst_block,cube_all,
amethyst_block_flat_tiles,amethyst_block,cube_all,
amethyst_block_glad,amethyst_block,cube_all,
amethyst_block_inlayed,amethyst_block,cube_all,
amethyst_block_inscribed,amethyst_block,cube_all,
amethyst_block_jeweled,amethyst_block,cube_all,
amethyst_block_layed_bricks,amethyst_block,cube_all,
amethyst_block_loded,amethyst_block,cube_all,
amethyst_block_offset_bricks,amethyst_block,cube_all,
amethyst_block_ornate,amethyst_block,cube_all,
amethyst_block_overlapping_tiles,amethyst_block,cube_all,
amethyst_block_polished,amethyst_block,cube_all,
amethyst_block_prismal_remnants,amethyst_block,cube_all,
amethyst_block_rough,amethyst_block,cube_all,
amethyst_block_rounded_bricks,amethyst_block,cube_all,
amethyst_block_runic_carved,amethyst_block,cube_all,
amethyst_block_sad,amethyst_block,cube_all,
amethyst_block_sanded,amethyst_block,cube_all,
amethyst_block_simple,amethyst_block,cube_all,
amethyst_block_small_bricks,amethyst_block,cube_all,
amethyst_block_small_diamond,amethyst_block,cube_all,
amethyst_block_smooth_column,amethyst_block,cube_all,
amethyst_block_smooth_inlayed,amethyst_block,cube_all,
amethyst_block_smooth_ringed,amethyst_block,cube_all,
amethyst_block_smoothed_double_inlayed,amethyst_block,cube_all,
amethyst_block_spiraled,amethyst_block,cube_all,
amethyst_block_stacked_bricks,amethyst_block,cube_all,
amethyst_block_thick_inlayed,amethyst_block,cube_all,
amethyst_block_tiled,amethyst_block,cube_all,
amethyst_block_tiled_column,amethyst_block,cube_all,
amethyst_block_tiled_bordered,amethyst_block,cube_all,
amethyst_block_tiny_bricks,amethyst_block,cube_all,
amethyst_block_tiny_brick_bordered,amethyst_block,cube_all,
amethyst_block_tiny_layered_bricks,amethyst_block,cube_all,
amethyst_block_tiny_layered_slabs,amethyst_block,cube_all,
amethyst_block_trodden,amethyst_block,cube_all,
amethyst_block_unamused,amethyst_block,cube_all,
amethyst_block_vertical_cut,amethyst_block,cube_all,
amethyst_block_vertical_disordered_bricks,amethyst_block,cube_all,
amethyst_block_weathered,amethyst_block,cube_all,
ancient_debris_bricks,ancient_debris,cube_all,
ancient_debris_mini_tiles,ancient_debris,cube_all,
ancient_debris_scales,ancient_debris,cube_all,
ancient_debris_angry,ancient_debris,cube_all,
ancient_debris_bordered,ancient_debris,cube_all,
ancient_debris_brick_bordered,ancient_debris,cube_all,
ancient_debris_carved,ancient_debris,cube_all,
ancient_debris_checkered_tiles,ancient_debris,cube_all,
ancient_debris_cobbled,ancient_debris,cube_all,
ancient_debris_cracked_bricks,ancient_debris,cube_all,
ancient_debris_cracked_disordered_bricks,ancient_debris,cube_all,
ancient_debris_cracked_flat_tiles,ancient_debris,cube_all,
ancient_debris_creeper_carving,ancient_debris,cube_all,
ancient_debris_crying,ancient_debris,cube_all,
ancient_debris_curly,ancient_debris,cube_all,
ancient_debris_cut_column,ancient_debris,cube_all,
ancient_debris_cut_blank,ancient_debris,cube_all,
ancient_debris_duh,ancient_debris,cube_all,
ancient_debris_edged_bricks,ancient_debris,cube_all,
ancient_debris_engraved,ancient_debris,cube_all,
ancient_debris_eroded,ancient_debris,cube_all,
ancient_debris_etched_bricks,ancient_debris,cube_all,
ancient_debris_fine,ancient_debris,cube_all,
ancient_debris_flat_tiles,ancient_debris,cube_all,
ancient_debris_glad,ancient_debris,cube_all,
ancient_debris_inlayed,ancient_debris,cube_all,
ancient_debris_inscribed,ancient_debris,cube_all,
ancient_debris_layed_bricks,ancient_debris,cube_all,
ancient_debris_loded,ancient_debris,cube_all,
ancient_debris_offset_bricks,ancient_debris,cube_all,
ancient_debris_ornate,ancient_debris,cube_all,
ancient_debris_overlapping_tiles,ancient_debris,cube_all,
ancient_debris_polished,ancient_debris,cube_all,
ancient_debris_prismal_remnants,ancient_debris,cube_all,
ancient_debris_rough,ancient_debris,cube_all,
ancient_debris_rounded_bricks,ancient_debris,cube_all,
ancient_debris_runic_carved,ancient_debris,cube_all,
ancient_debris_sad,ancient_debris,cube_all,
ancient_debris_sanded,ancient_debris,cube_all,
ancient_debris_simple,ancient_debris,cube_all,
ancient_debris_small_bricks,ancient_debris,cube_all,
ancient_debris_smooth_column,ancient_debris,cube_all,
ancient_debris_smooth_inlayed,ancient_debris,cube_all,
ancient_debris_smooth_ringed,ancient_debris,cube_all,
ancient_debris_smoothed_double_inlayed,ancient_debris,cube_all,
ancient_debris_spiraled,ancient_debris,cube_all,
ancient_debris_stacked_bricks,ancient_debris,cube_all,
ancient_debris_thick_inlayed,ancient_debris,cube_all,
ancient_debris_tiled,ancient_debris,cube_all,
ancient_debris_tiled_column,ancient_debris,cube_all,
ancient_debris_tiled_bordered,ancient_debris,cube_all,
ancient_debris_tiny_bricks,ancient_debris,cube_all,
ancient_debris_tiny_brick_bordered,ancient_debris,cube_all,
ancient_debris_tiny_layered_bricks,ancient_debris,cube_all,
ancient_debris_tiny_layered_slabs,ancient_debris,cube_all,
ancient_debris_trodden,ancient_debris,cube_all,
ancient_debris_unamused,ancient_debris,cube_all,
ancient_debris_vertical_cut,ancient_debris,cube_all,
ancient_debris_vertical_disordered_bricks,ancient_debris,cube_all,
ancient_debris_weathered,ancient_debris,cube_all,
andesite_brick_pattern,andesite,cube_all,
andesite_brick_paving,andesite,cube_all,
andesite_bricks,andesite,cube_all,
andesite_cut_polished,andesite,cube_all,
andesite_cut_small_brick,andesite,cube_all,
andesite_diagonal_bricks,andesite,cube_all,
andesite_diamond_pavers,andesite,cube_all,
andesite_dotted,andesite,cube_all,
andesite_large_bricks,andesite,cube_all,
andesite_large_bricks_cracked,andesite,cube_all,
andesite_mini_tiles,andesite,cube_all,
andesite_paving,andesite,cube_all,
andesite_polished,andesite,cube_all,
andesite_rotated_bricks,andesite,cube_all,
andesite_scales,andesite,cube_all,
andesite_small_brick,andesite,cube_all,
andesite_squares,andesite,cube_all,
andesite_tiles,andesite,cube_all,
andesite_wavy,andesite,cube_all,
andesite_angry,andesite,cube_all,
andesite_bordered,andesite,cube_all,
andesite_brick_bordered,andesite,cube_all,
andesite_carved,andesite,cube_all,
andesite_checkered_tiles,andesite,cube_all,
andesite_cobbled,andesite,cube_all,
andesite_cracked_bricks,andesite,cube_all,
andesite_cracked_disordered_bricks,andesite,cube_all,
andesite_cracked_flat_tiles,andesite,cube_all,
andesite_cracked_tiny_tiles,andesite,cube_all,
andesite_creeper_carving,andesite,cube_all,
andesite_crying,andesite,cube_all,
andesite_curly,andesite,cube_all,
andesite_cut_column,andesite,cube_all,
andesite_cut_blank,andesite,cube_all,
andesite_duh,andesite,cube_all,
andesite_edged_bricks,andesite,cube_all,
andesite_engraved,andesite,cube_all,
andesite_eroded,andesite,cube_all,
andesite_etched_bricks,andesite,cube_all,
andesite_fine,andesite,cube_all,
andesite_flat_tiles,andesite,cube_all,
andesite_glad,andesite,cube_all,
andesite_inlayed,andesite,cube_all,
andesite_inscribed,andesite,cube_all,
andesite_layed_bricks,andesite,cube_all,
andesite_loded,andesite,cube_all,
andesite_mossy_bricks,andesite,cube_all,
andesite_mossy_cobbled,andesite,cube_all,
andesite_mossy_large_bricks,andesite,cube_all,
andesite_offset_bricks,andesite,cube_all,
andesite_ornate,andesite,cube_all,
andesite_overlapping_tiles,andesite,cube_all,
andesite_polished,andesite,cube_all,
andesite_prismal_remnants,andesite,cube_all,
andesite_rough,andesite,cube_all,
andesite_rounded_bricks,andesite,cube_all,
andesite_runic_carved,andesite,cube_all,
andesite_sad,andesite,cube_all,
andesite_sanded,andesite,cube_all,
andesite_simple,andesite,cube_all,
andesite_small_bricks,andesite,cube_all,
andesite_smooth_column,andesite,cube_all,
andesite_smooth_inlayed,andesite,cube_all,
andesite_smooth_ringed,andesite,cube_all,
andesite_smoothed_double_inlayed,andesite,cube_all,
andesite_spiraled,andesite,cube_all,
andesite_stacked_bricks,andesite,cube_all,
andesite_thick_inlayed,andesite,cube_all,
andesite_tiled,andesite,cube_all,
andesite_tiled_column,andesite,cube_all,
andesite_tiled_bordered,andesite,cube_all,
andesite_tiny_bricks,andesite,cube_all,
andesite_tiny_brick_bordered,andesite,cube_all,
andesite_tiny_layered_bricks,andesite,cube_all,
andesite_tiny_layered_slabs,andesite,cube_all,
andesite_trodden,andesite,cube_all,
andesite_unamused,andesite,cube_all,
andesite_vertical_cut,andesite,cube_all,
andesite_vertical_disordered_bricks,andesite,cube_all,
andesite_weathered,andesite,cube_all,
asurine_angry,asurine,cube_all,
asurine_bricks,asurine,cube_all,
asurine_cut_polished,asurine,cube_all,
asurine_cut_small_brick,asurine,cube_all,
asurine_mini_tiles,asurine,cube_all,
asurine_scales,asurine,cube_all,
asurine_bordered,asurine,cube_all,
asurine_brick_bordered,asurine,cube_all,
asurine_carved,asurine,cube_all,
asurine_checkered_tiles,asurine,cube_all,
asurine_cobbled,asurine,cube_all,
asurine_cracked_bricks,asurine,cube_all,
asurine_cracked_disordered_bricks,asurine,cube_all,
asurine_cracked_flat_tiles,asurine,cube_all,
asurine_creeper_carving,asurine,cube_all,
asurine_crying,asurine,cube_all,
asurine_cut_blank,asurine,cube_all,
asurine_duh,asurine,cube_all,
asurine_edged_bricks,asurine,cube_all,
asurine_engraved,asurine,cube_all,
asurine_eroded,asurine,cube_all,
asurine_etched_bricks,asurine,cube_all,
asurine_flat_tiles,asurine,cube_all,
asurine_glad,asurine,cube_all,
asurine_inlayed,asurine,cube_all,
asurine_inscribed,asurine,cube_all,
asurine_layed_bricks,asurine,cube_all,
asurine_loded,asurine,cube_all,
asurine_offset_bricks,asurine,cube_all,
asurine_overlapping_tiles,asurine,cube_all,
asurine_polished,asurine,cube_all,
asurine_prismal_remnants,asurine,cube_all,
asurine_rough,asurine,cube_all,
asurine_rounded_bricks,asurine,cube_all,
asurine_runic_carved,asurine,cube_all,
asurine_sad,asurine,cube_all,
asurine_sanded,asurine,cube_all,
asurine_small_bricks,asurine,cube_all,
asurine_smooth_inlayed,asurine,cube_all,
asurine_smooth_ringed,asurine,cube_all,
asurine_smoothed_double_inlayed,asurine,cube_all,
asurine_spiraled,asurine,cube_all,
asurine_stacked_bricks,asurine,cube_all,
asurine_thick_inlayed,asurine,cube_all,
asurine_tiled,asurine,cube_all,
asurine_tiled_bordered,asurine,cube_all,
asurine_tiny_bricks,asurine,cube_all,
asurine_tiny_brick_bordered,asurine,cube_all,
asurine_tiny_layered_bricks,asurine,cube_all,
asurine_tiny_layered_slabs,asurine,cube_all,
asurine_trodden,asurine,cube_all,
asurine_unamused,asurine,cube_all,
asurine_vertical_cut,asurine,cube_all,
asurine_vertical_disordered_bricks,asurine,cube_all,
asurine_weathered,asurine,cube_all,
bamboo_planks_beams,bamboo_planks,cube_all,
bamboo_planks_brick_pattern,bamboo_planks,cube_all,
bamboo_planks_brick_paving,bamboo_planks,cube_all,
bamboo_planks_bricks,bamboo_planks,cube_all,
bamboo_planks_crate,bamboo_planks,cube_all,
bamboo_planks_diagonal_stripes,bamboo_planks,cube_all,
bamboo_planks_diagonal_tiles,bamboo_planks,cube_all,
bamboo_planks_dotted,bamboo_planks,cube_all,
bamboo_planks_fine_mosaic,bamboo_planks,cube_all,
bamboo_planks_flooring,bamboo_planks,cube_all,
bamboo_planks_large_tiles,bamboo_planks,cube_all,
bamboo_planks_mosaic,bamboo_planks,cube_all,
bamboo_planks_panel,bamboo_planks,cube_all,
bamboo_planks_pattern,bamboo_planks,cube_all,
bamboo_planks_rotated_bricks,bamboo_planks,cube_all,
bamboo_planks_shavings,bamboo_planks,cube_all,
bamboo_planks_small_bricks,bamboo_planks,cube_all,
bamboo_planks_small_tiles,bamboo_planks,cube_all,
bamboo_planks_squares,bamboo_planks,cube_all,
bamboo_planks_tiles,bamboo_planks,cube_all,
bamboo_planks_wavy,bamboo_planks,cube_all,
bamboo_planks_woven,bamboo_planks,cube_all,
bamboo_planks_basket_woven,bamboo_planks,cube_all,
bamboo_planks_boxed,bamboo_planks,cube_all,
bamboo_planks_brick_bond,bamboo_planks,cube_all,
bamboo_planks_bricky,bamboo_planks,cube_all,
bamboo_planks_cornered,bamboo_planks,cube_all,
bamboo_planks_crated,bamboo_planks,cube_all,
bamboo_planks_cross_laced,bamboo_planks,cube_all,
bamboo_planks_crossed,bamboo_planks,cube_all,
bamboo_planks_detailed,bamboo_planks,cube_all,
bamboo_planks_diagonal,bamboo_planks,cube_all,
bamboo_planks_diamond,bamboo_planks,cube_all,
bamboo_planks_double_herringbone,bamboo_planks,cube_all,
bamboo_planks_enclosed,bamboo_planks,cube_all,
bamboo_planks_fine,bamboo_planks,cube_all,
bamboo_planks_fine_vertical,bamboo_planks,cube_all,
bamboo_planks_framed,bamboo_planks,cube_all,
bamboo_planks_herringbone,bamboo_planks,cube_all,
bamboo_planks_hewn,bamboo_planks,cube_all,
bamboo_planks_laced,bamboo_planks,cube_all,
bamboo_planks_nailed,bamboo_planks,cube_all,
bamboo_planks_natural,bamboo_planks,cube_all,
bamboo_planks_pegged,bamboo_planks,cube_all,
bamboo_planks_railed,bamboo_planks,cube_all,
bamboo_planks_reinforced,bamboo_planks,cube_all,
bamboo_planks_shifted,bamboo_planks,cube_all,
bamboo_planks_slanted,bamboo_planks,cube_all,
bamboo_planks_smooth,bamboo_planks,cube_all,
bamboo_planks_stacked,bamboo_planks,cube_all,
bamboo_planks_thin,bamboo_planks,cube_all,
bamboo_planks_tied,bamboo_planks,cube_all,
bamboo_planks_tiled,bamboo_planks,cube_all,
bamboo_planks_versailles,bamboo_planks,cube_all,
bamboo_planks_vertical,bamboo_planks,cube_all,
bamboo_planks_vertically_railed,bamboo_planks,cube_all,
bamboo_planks_whirlwind,bamboo_planks,cube_all,
bamboo_planks_wickered,bamboo_planks,cube_all,
basalt_angry,basalt,cube_all,
basalt_beams,basalt,cube_all,
basalt_bordered,basalt,cube_all,
basalt_bordered_polished,basalt,cube_all,
basalt_bricks,basalt,cube_all,
basalt_chiseled_piglin,basalt,cube_all,
basalt_diagonal_tiles,basalt,cube_all,
basalt_mini_tiles,basalt,cube_all,
basalt_pattern,basalt,cube_all,
basalt_patterned,basalt,cube_all,
basalt_scales,basalt,cube_all,
basalt_tiles,basalt,cube_all,
basalt_bordered,basalt,cube_all,
basalt_brick_bordered,basalt,cube_all,
basalt_carved,basalt,cube_all,
basalt_checkered_tiles,basalt,cube_all,
basalt_chiseled,basalt,cube_all,
basalt_cobbled,basalt,cube_all,
basalt_cracked_bricks,basalt,cube_all,
basalt_cracked_disordered_bricks,basalt,cube_all,
basalt_cracked_flat_tiles,basalt,cube_all,
basalt_cracked_tiny_tiles,basalt,cube_all,
basalt_creeper_carving,basalt,cube_all,
basalt_crying,basalt,cube_all,
basalt_curly,basalt,cube_all,
basalt_cut_column,basalt,cube_all,
basalt_cut_blank,basalt,cube_all,
basalt_duh,basalt,cube_all,
basalt_edged_bricks,basalt,cube_all,
basalt_engraved,basalt,cube_all,
basalt_eroded,basalt,cube_all,
basalt_etched_bricks,basalt,cube_all,
basalt_fine,basalt,cube_all,
basalt_flat_tiles,basalt,cube_all,
basalt_glad,basalt,cube_all,
basalt_inlayed,basalt,cube_all,
basalt_inscribed,basalt,cube_all,
basalt_layed_bricks,basalt,cube_all,
basalt_loded,basalt,cube_all,
basalt_mossy_bricks,basalt,cube_all,
basalt_mossy_cobbled,basalt,cube_all,
basalt_offset_bricks,basalt,cube_all,
basalt_ornate,basalt,cube_all,
basalt_overlapping_tiles,basalt,cube_all,
basalt_polished,basalt,cube_all,
basalt_prismal_remnants,basalt,cube_all,
basalt_rough,basalt,cube_all,
basalt_rounded_bricks,basalt,cube_all,
basalt_runic_carved,basalt,cube_all,
basalt_sad,basalt,cube_all,
basalt_sanded,basalt,cube_all,
basalt_simple,basalt,cube_all,
basalt_small_bricks,basalt,cube_all,
basalt_smooth_column,basalt,cube_all,
basalt_smooth_inlayed,basalt,cube_all,
basalt_smooth_ringed,basalt,cube_all,
basalt_smoothed_double_inlayed,basalt,cube_all,
basalt_spiraled,basalt,cube_all,
basalt_stacked_bricks,basalt,cube_all,
basalt_thick_inlayed,basalt,cube_all,
basalt_tiled,basalt,cube_all,
basalt_tiled_column,basalt,cube_all,
basalt_tiled_bordered,basalt,cube_all,
basalt_tiny_bricks,basalt,cube_all,
basalt_tiny_brick_bordered,basalt,cube_all,
basalt_tiny_layered_bricks,basalt,cube_all,
basalt_tiny_layered_slabs,basalt,cube_all,
basalt_trodden,basalt,cube_all,
basalt_unamused,basalt,cube_all,
basalt_vertical_cut,basalt,cube_all,
basalt_vertical_disordered_bricks,basalt,cube_all,
basalt_weathered,basalt,cube_all,
birch_planks_basket_woven,birch_planks,cube_all,
birch_planks_beams,birch_planks,cube_all,
birch_planks_brick_pattern,birch_planks,cube_all,
birch_planks_brick_paving,birch_planks,cube_all,
birch_planks_bricks,birch_planks,cube_all,
birch_planks_crate,birch_planks,cube_all,
birch_planks_diagonal_stripes,birch_planks,cube_all,
birch_planks_diagonal_tiles,birch_planks,cube_all,
birch_planks_dotted,birch_planks,cube_all,
birch_planks_fine_mosaic,birch_planks,cube_all,
birch_planks_flooring,birch_planks,cube_all,
birch_planks_large_tiles,birch_planks,cube_all,
birch_planks_mosaic,birch_planks,cube_all,
birch_planks_panel,birch_planks,cube_all,
birch_planks_pattern,birch_planks,cube_all,
birch_planks_rotated_bricks,birch_planks,cube_all,
birch_planks_shavings,birch_planks,cube_all,
birch_planks_small_bricks,birch_planks,cube_all,
birch_planks_small_tiles,birch_planks,cube_all,
birch_planks_squares,birch_planks,cube_all,
birch_planks_tiles,birch_planks,cube_all,
birch_planks_wavy,birch_planks,cube_all,
birch_planks_woven,birch_planks,cube_all,
birch_planks_boxed,birch_planks,cube_all,
birch_planks_brick_bond,birch_planks,cube_all,
birch_planks_bricky,birch_planks,cube_all,
birch_planks_cornered,birch_planks,cube_all,
birch_planks_crated,birch_planks,cube_all,
birch_planks_cross_laced,birch_planks,cube_all,
birch_planks_crossed,birch_planks,cube_all,
birch_planks_detailed,birch_planks,cube_all,
birch_planks_diagonal,birch_planks,cube_all,
birch_planks_diamond,birch_planks,cube_all,
birch_planks_double_herringbone,birch_planks,cube_all,
birch_planks_enclosed,birch_planks,cube_all,
birch_planks_fine,birch_planks,cube_all,
birch_planks_fine_vertical,birch_planks,cube_all,
birch_planks_framed,birch_planks,cube_all,
birch_planks_herringbone,birch_planks,cube_all,
birch_planks_hewn,birch_planks,cube_all,
birch_planks_laced,birch_planks,cube_all,
birch_planks_nailed,birch_planks,cube_all,
birch_planks_natural,birch_planks,cube_all,
birch_planks_pegged,birch_planks,cube_all,
birch_planks_railed,birch_planks,cube_all,
birch_planks_shifted,birch_planks,cube_all,
birch_planks_slanted,birch_planks,cube_all,
birch_planks_smooth,birch_planks,cube_all,
birch_planks_stacked,birch_planks,cube_all,
birch_planks_thin,birch_planks,cube_all,
birch_planks_tiled,birch_planks,cube_all,
birch_planks_versailles,birch_planks,cube_all,
birch_planks_vertical,birch_planks,cube_all,
birch_planks_vertically_railed,birch_planks,cube_all,
birch_planks_whirlwind,birch_planks,cube_all,
birch_planks_wickered,birch_planks,cube_all,
black_concrete,black_concrete,cube_all,
black_concrete_bricks,black_concrete,cube_all,
black_concrete_panel,black_concrete,cube_all,
black_concrete_tiles,black_concrete,cube_all,
black_concrete_bolted,black_concrete,cube_all,
black_concrete_creeper,black_concrete,cube_all,
black_concrete_grid,black_concrete,cube_all,
black_concrete_grill,black_concrete,cube_all,
black_concrete_hazard,black_concrete,cube_all,
black_concrete_mosaic,black_concrete,cube_all,
black_concrete_pegged,black_concrete,cube_all,
black_concrete_railed,black_concrete,cube_all,
black_concrete_reinforced,black_concrete,cube_all,
black_concrete_rusted,black_concrete,cube_all,
black_concrete_smooth,black_concrete,cube_all,
black_concrete_stacked,black_concrete,cube_all,
black_concrete_stop,black_concrete,cube_all,
black_concrete_striped,black_concrete,cube_all,
black_concrete_warning,black_concrete,cube_all,
black_concrete_wired,black_concrete,cube_all,
black_glazed_terracotta_pillar_sides,black_glazed_terracotta,cube_all,
black_glazed_terracotta_pillar_top,black_glazed_terracotta,cube_all,
black_glazed_terracotta_smooth_tiles,black_glazed_terracotta,cube_all,
black_glazed_terracotta_tiles,black_glazed_terracotta,cube_all,
black_glazed_terracotta_decorated,black_glazed_terracotta,cube_all,
black_glazed_terracotta_hexagonical,black_glazed_terracotta,cube_all,
black_glazed_terracotta_minimized,black_glazed_terracotta,cube_all,
black_glazed_terracotta_paved,black_glazed_terracotta,cube_all,
black_glazed_terracotta_shrunken,black_glazed_terracotta,cube_all,
black_glazed_terracotta_starry,black_glazed_terracotta,cube_all,
black_glazed_terracotta_waved,black_glazed_terracotta,cube_all,
black_glazed_terracotta_fancy,black_glazed_terracotta,cube_all,
black_framed_glass,black_stained_glass,glass,translucent
black_stained_clear_glass,black_stained_glass,glass,translucent
black_stained_glass,black_stained_glass,glass,translucent
scratched_glass_black,black_stained_glass,glass,translucent
black_terracotta,black_terracotta,cube_all,
black_terracotta_bricks,black_terracotta,cube_all,
black_terracotta_column,black_terracotta,cube_all,
black_terracotta_small_bricks,black_terracotta,cube_all,
black_terracotta_tile,black_terracotta,cube_all,
black_terracotta_tiles,black_terracotta,cube_all,
black_terracotta_chiseled,black_terracotta,cube_all,
black_terracotta_chiseled_bricks,black_terracotta,cube_all,
black_terracotta_crossed,black_terracotta,cube_all,
black_terracotta_curled,black_terracotta,cube_all,
black_terracotta_cut,black_terracotta,cube_all,
black_terracotta_decorated,black_terracotta,cube_all,
black_terracotta_hexagonical,black_terracotta,cube_all,
black_terracotta_layered,black_terracotta,cube_all,
black_terracotta_small_tiles,black_terracotta,cube_all,
black_terracotta_triangular,black_terracotta,cube_all,
black_wool_barky,black_wool,cube_all,
black_wool_blocky,black_wool,cube_all,
black_wool_bundled,black_wool,cube_all,
black_wool_cross_haired,black_wool,cube_all,
black_wool_cubed,black_wool,cube_all,
black_wool_knitted,black_wool,cube_all,
black_wool_patched,black_wool,cube_all,
black_wool_ribbled,black_wool,cube_all,
black_wool_scaled,black_wool,cube_all,
black_wool_soft,black_wool,cube_all,
black_wool_stringed,black_wool,cube_all,
black_wool_tiled,black_wool,cube_all,
black_wool_tripped,black_wool,cube_all,
black_wool_wickered,black_wool,cube_all,
black_wool_windmill,black_wool,cube_all,
black_wool_woved,black_wool,cube_all,
black_wool_cornered,black_wool,cube_all,
black_wool_crafted,black_wool,cube_all,
black_wool_harsh_quilted,black_wool,cube_all,
black_wool_rectangle,black_wool,cube_all,
black_wool_delicate,black_wool,cube_all,
black_wool_ornamented,black_wool,cube_all,
black_wool_legacy,black_wool,cube_all,
black_wool_llama,black_wool,cube_all,
blackstone_angry,blackstone,cube_all,
blackstone_brick_pattern,blackstone,cube_all,
blackstone_brick_paving,blackstone,cube_all,
blackstone_bricks,blackstone,cube_all,
blackstone_diagonal_bricks,blackstone,cube_all,
blackstone_mini_tiles,blackstone,cube_all,
blackstone_polished,blackstone,cube_all,
blackstone_rotated_bricks,blackstone,cube_all,
blackstone_scales,blackstone,cube_all,
blackstone_tiles,blackstone,cube_all,
blackstone_bordered,blackstone,cube_all,
blackstone_brick_bordered,blackstone,cube_all,
blackstone_carved,blackstone,cube_all,
blackstone_checkered_tiles,blackstone,cube_all,
blackstone_cobbled,blackstone,cube_all,
blackstone_cracked_bricks,blackstone,cube_all,
blackstone_cracked_disordered_bricks,blackstone,cube_all,
blackstone_cracked_flat_tiles,blackstone,cube_all,
blackstone_cracked_smooth_bricks,blackstone,cube_all,
blackstone_cracked_tiny_tiles,blackstone,cube_all,
blackstone_creeper_carving,blackstone,cube_all,
blackstone_crying,blackstone,cube_all,
blackstone_curly,blackstone,cube_all,
blackstone_cut_column,blackstone,cube_all,
blackstone_cut_blank,blackstone,cube_all,
blackstone_duh,blackstone,cube_all,
blackstone_edged_bricks,blackstone,cube_all,
blackstone_engraved,blackstone,cube_all,
blackstone_eroded,blackstone,cube_all,
blackstone_etched_bricks,blackstone,cube_all,
blackstone_fine,blackstone,cube_all,
blackstone_flat_tiles,blackstone,cube_all,
blackstone_glad,blackstone,cube_all,
blackstone_inlayed,blackstone,cube_all,
blackstone_inscribed,blackstone,cube_all,
blackstone_layed_bricks,blackstone,cube_all,
blackstone_loded,blackstone,cube_all,
blackstone_mossy_bricks,blackstone,cube_all,
blackstone_mossy_cobbled,blackstone,cube_all,
blackstone_offset_bricks,blackstone,cube_all,
blackstone_ornate,blackstone,cube_all,
blackstone_overlapping_tiles,blackstone,cube_all,
blackstone_polished,blackstone,cube_all,
blackstone_prismal_remnants,blackstone,cube_all,
blackstone_rough,blackstone,cube_all,
blackstone_rounded_bricks,blackstone,cube_all,
blackstone_runic_carved,blackstone,cube_all,
blackstone_sad,blackstone,cube_all,
blackstone_sanded,blackstone,cube_all,
blackstone_simple,blackstone,cube_all,
blackstone_small_bricks,blackstone,cube_all,
blackstone_smooth_bricks,blackstone,cube_all,
blackstone_smooth_column,blackstone,cube_all,
blackstone_smooth_inlayed,blackstone,cube_all,
blackstone_smooth_ringed,blackstone,cube_all,
blackstone_smoothed_double_inlayed,blackstone,cube_all,
blackstone_spiraled,blackstone,cube_all,
blackstone_stacked_bricks,blackstone,cube_all,
blackstone_thick_inlayed,blackstone,cube_all,
blackstone_tiled,blackstone,cube_all,
blackstone_tiled_column,blackstone,cube_all,
blackstone_tiled_bordered,blackstone,cube_all,
blackstone_tiny_bricks,blackstone,cube_all,
blackstone_tiny_brick_bordered,blackstone,cube_all,
blackstone_tiny_layered_bricks,blackstone,cube_all,
blackstone_tiny_layered_slabs,blackstone,cube_all,
blackstone_trodden,blackstone,cube_all,
blackstone_unamused,blackstone,cube_all,
blackstone_vertical_cut,blackstone,cube_all,
blackstone_vertical_disordered_bricks,blackstone,cube_all,
blackstone_weathered,blackstone,cube_all,
bloodstone,bloodstone,cube_all,
bloodstone_bricks,bloodstone,cube_all,
blue_concrete,blue_concrete,cube_all,
blue_concrete_bricks,blue_concrete,cube_all,
blue_concrete_panel,blue_concrete,cube_all,
blue_concrete_tiles,blue_concrete,cube_all,
blue_concrete_bolted,blue_concrete,cube_all,
blue_concrete_creeper,blue_concrete,cube_all,
blue_concrete_grid,blue_concrete,cube_all,
blue_concrete_grill,blue_concrete,cube_all,
blue_concrete_hazard,blue_concrete,cube_all,
blue_concrete_mosaic,blue_concrete,cube_all,
blue_concrete_pegged,blue_concrete,cube_all,
blue_concrete_railed,blue_concrete,cube_all,
blue_concrete_reinforced,blue_concrete,cube_all,
blue_concrete_rusted,blue_concrete,cube_all,
blue_concrete_smooth,blue_concrete,cube_all,
blue_concrete_stacked,blue_concrete,cube_all,
blue_concrete_stop,blue_concrete,cube_all,
blue_concrete_striped,blue_concrete,cube_all,
blue_concrete_warning,blue_concrete,cube_all,
blue_concrete_wired,blue_concrete,cube_all,
blue_glazed_terracotta_pillar_sides,blue_glazed_terracotta,cube_all,
blue_glazed_terracotta_pillar_top,blue_glazed_terracotta,cube_all,
blue_glazed_terracotta_smooth_tiles,blue_glazed_terracotta,cube_all,
blue_glazed_terracotta_tiles,blue_glazed_terracotta,cube_all,
blue_glazed_terracotta_decorated,blue_glazed_terracotta,cube_all,
blue_glazed_terracotta_hexagonical,blue_glazed_terracotta,cube_all,
blue_glazed_terracotta_minimized,blue_glazed_terracotta,cube_all,
blue_glazed_terracotta_paved,blue_glazed_terracotta,cube_all,
blue_glazed_terracotta_shrunken,blue_glazed_terracotta,cube_all,
blue_glazed_terracotta_starry,blue_glazed_terracotta,cube_all,
blue_glazed_terracotta_waved,blue_glazed_terracotta,cube_all,
blue_glazed_terracotta_fancy,blue_glazed_terracotta,cube_all,
blue_ice_angry,blue_ice,cube_all,
blue_ice_bordered,blue_ice,cube_all,
blue_ice_bricks,blue_ice,cube_all,
blue_ice_chiseled,blue_ice,cube_all,
blue_ice_cone,blue_ice,cube_all,
blue_ice_cracked,blue_ice,cube_all,
blue_ice_mini_tiles,blue_ice,cube_all,
blue_ice_patterned,blue_ice,cube_all,
blue_ice_rocky,blue_ice,cube_all,
blue_ice_scales,blue_ice,cube_all,
blue_ice_slanted_tiles,blue_ice,cube_all,
blue_ice_tiles,blue_ice,cube_all,
blue_ice_bordered,blue_ice,cube_all,
blue_ice_brick_bordered,blue_ice,cube_all,
blue_ice_carved,blue_ice,cube_all,
blue_ice_checkered_tiles,blue_ice,cube_all,
blue_ice_cobbled,blue_ice,cube_all,
blue_ice_cracked_bricks,blue_ice,cube_all,
blue_ice_cracked_disordered_bricks,blue_ice,cube_all,
blue_ice_cracked_flat_tiles,blue_ice,cube_all,
blue_ice_creeper_carving,blue_ice,cube_all,
blue_ice_crying,blue_ice,cube_all,
blue_ice_curly,blue_ice,cube_all,
blue_ice_cut_blank,blue_ice,cube_all,
blue_ice_cut_column,blue_ice,cube_all,
blue_ice_duh,blue_ice,cube_all,
blue_ice_edged_bricks,blue_ice,cube_all,
blue_ice_engraved,blue_ice,cube_all,
blue_ice_eroded,blue_ice,cube_all,
blue_ice_etched_bricks,blue_ice,cube_all,
blue_ice_fine,blue_ice,cube_all,
blue_ice_flat_tiles,blue_ice,cube_all,
blue_ice_glad,blue_ice,cube_all,
blue_ice_inlayed,blue_ice,cube_all,
blue_ice_inscribed,blue_ice,cube_all,
blue_ice_layed_bricks,blue_ice,cube_all,
blue_ice_loded,blue_ice,cube_all,
blue_ice_offset_bricks,blue_ice,cube_all,
blue_ice_ornate,blue_ice,cube_all,
blue_ice_overlapping_tiles,blue_ice,cube_all,
blue_ice_polished,blue_ice,cube_all,
blue_ice_prismal_remnants,blue_ice,cube_all,
blue_ice_rough,blue_ice,cube_all,
blue_ice_rounded_bricks,blue_ice,cube_all,
blue_ice_runic_carved,blue_ice,cube_all,
blue_ice_sad,blue_ice,cube_all,
blue_ice_sanded,blue_ice,cube_all,
blue_ice_simple,blue_ice,cube_all,
blue_ice_small_bricks,blue_ice,cube_all,
blue_ice_smooth_column,blue_ice,cube_all,
blue_ice_smooth_inlayed,blue_ice,cube_all,
blue_ice_smooth_ringed,blue_ice,cube_all,
blue_ice_smoothed_double_inlayed,blue_ice,cube_all,
blue_ice_spiraled,blue_ice,cube_all,
blue_ice_stacked_bricks,blue_ice,cube_all,
blue_ice_thick_inlayed,blue_ice,cube_all,
blue_ice_tiled,blue_ice,cube_all,
blue_ice_tiled_column,blue_ice,cube_all,
blue_ice_tiled_bordered,blue_ice,cube_all,
blue_ice_tiny_bricks,blue_ice,cube_all,
blue_ice_tiny_brick_bordered,blue_ice,cube_all,
blue_ice_tiny_layered_bricks,blue_ice,cube_all,
blue_ice_tiny_layered_slabs,blue_ice,cube_all,
blue_ice_trodden,blue_ice,cube_all,
blue_ice_unamused,blue_ice,cube_all,
blue_ice_vertical_cut,blue_ice,cube_all,
blue_ice_vertical_disordered_bricks,blue_ice,cube_all,
blue_ice_weathered,blue_ice,cube_all,
blue_framed_glass,blue_stained_glass,glass,translucent
blue_stained_clear_glass,blue_stained_glass,glass,translucent
blue_stained_glass,blue_stained_glass,glass,translucent
scratched_glass_blue,blue_stained_glass,glass,translucent
blue_terracotta,blue_terracotta,cube_all,
blue_terracotta_bricks,blue_terracotta,cube_all,
blue_terracotta_column,blue_terracotta,cube_all,
blue_terracotta_small_bricks,blue_terracotta,cube_all,
blue_terracotta_tile,blue_terracotta,cube_all,
blue_terracotta_tiles,blue_terracotta,cube_all,
blue_terracotta_chiseled,blue_terracotta,cube_all,
blue_terracotta_chiseled_bricks,blue_terracotta,cube_all,
blue_terracotta_crossed,blue_terracotta,cube_all,
blue_terracotta_curled,blue_terracotta,cube_all,
blue_terracotta_cut,blue_terracotta,cube_all,
blue_terracotta_decorated,blue_terracotta,cube_all,
blue_terracotta_hexagonical,blue_terracotta,cube_all,
blue_terracotta_layered,blue_terracotta,cube_all,
blue_terracotta_small_tiles,blue_terracotta,cube_all,
blue_terracotta_triangular,blue_terracotta,cube_all,
blue_wool_barky,blue_wool,cube_all,
blue_wool_blocky,blue_wool,cube_all,
blue_wool_bundled,blue_wool,cube_all,
blue_wool_cross_haired,blue_wool,cube_all,
blue_wool_cubed,blue_wool,cube_all,
blue_wool_knitted,blue_wool,cube_all,
blue_wool_patched,blue_wool,cube_all,
blue_wool_ribbled,blue_wool,cube_all,
blue_wool_scaled,blue_wool,cube_all,
blue_wool_soft,blue_wool,cube_all,
blue_wool_stringed,blue_wool,cube_all,
blue_wool_tiled,blue_wool,cube_all,
blue_wool_tripped,blue_wool,cube_all,
blue_wool_wickered,blue_wool,cube_all,
blue_wool_windmill,blue_wool,cube_all,
blue_wool_woved,blue_wool,cube_all,
blue_wool_cornered,blue_wool,cube_all,
blue_wool_crafted,blue_wool,cube_all,
blue_wool_harsh_quilted,blue_wool,cube_all,
blue_wool_rectangle,blue_wool,cube_all,
blue_wool_delicate,blue_wool,cube_all,
blue_wool_ornamented,blue_wool,cube_all,
blue_wool_legacy,blue_wool,cube_all,
blue_wool_llama,blue_wool,cube_all,
bone_block_bordered,bone_block,cube_all,
bone_block_chiseled,bone_block,cube_all,
bone_block_decorated_bordered,bone_block,cube_all,
bone_block_inverted_tiles,bone_block,cube_all,
bone_block_patterned,bone_block,cube_all,
borderless_bricks_angry,borderless_bricks,cube_all,
borderless_bricks_bordered,borderless_bricks,cube_all,
borderless_bricks_bricks,borderless_bricks,cube_all,
borderless_bricks_mini_tiles,borderless_bricks,cube_all,
borderless_bricks_scales,borderless_bricks,cube_all,
borderless_bricks_brick_bordered,borderless_bricks,cube_all,
borderless_bricks_carved,borderless_bricks,cube_all,
borderless_bricks_checkered_tiles,borderless_bricks,cube_all,
borderless_bricks_cobbled,borderless_bricks,cube_all,
borderless_bricks_cracked_bricks,borderless_bricks,cube_all,
borderless_bricks_cracked_disordered_bricks,borderless_bricks,cube_all,
borderless_bricks_cracked_flat_tiles,borderless_bricks,cube_all,
borderless_bricks_creeper_carving,borderless_bricks,cube_all,
borderless_bricks_crying,borderless_bricks,cube_all,
borderless_bricks_curly,borderless_bricks,cube_all,
borderless_bricks_cut_blank,borderless_bricks,cube_all,
borderless_bricks_cut_column,borderless_bricks,cube_all,
borderless_bricks_duh,borderless_bricks,cube_all,
borderless_bricks_edged_bricks,borderless_bricks,cube_all,
borderless_bricks_engraved,borderless_bricks,cube_all,
borderless_bricks_eroded,borderless_bricks,cube_all,
borderless_bricks_etched_bricks,borderless_bricks,cube_all,
borderless_bricks_fine,borderless_bricks,cube_all,
borderless_bricks_flat_tiles,borderless_bricks,cube_all,
borderless_bricks_glad,borderless_bricks,cube_all,
borderless_bricks_inlayed,borderless_bricks,cube_all,
borderless_bricks_inscribed,borderless_bricks,cube_all,
borderless_bricks_layed_bricks,borderless_bricks,cube_all,
borderless_bricks_loded,borderless_bricks,cube_all,
borderless_bricks_offset_bricks,borderless_bricks,cube_all,
borderless_bricks_ornate,borderless_bricks,cube_all,
borderless_bricks_overlapping_tiles,borderless_bricks,cube_all,
borderless_bricks_polished,borderless_bricks,cube_all,
borderless_bricks_prismal_remnants,borderless_bricks,cube_all,
borderless_bricks_rough,borderless_bricks,cube_all,
borderless_bricks_rounded_bricks,borderless_bricks,cube_all,
borderless_bricks_runic_carved,borderless_bricks,cube_all,
borderless_bricks_sad,borderless_bricks,cube_all,
borderless_bricks_sanded,borderless_bricks,cube_all,
borderless_bricks_simple,borderless_bricks,cube_all,
borderless_bricks_small_bricks,borderless_bricks,cube_all,
borderless_bricks_smooth_column,borderless_bricks,cube_all,
borderless_bricks_smooth_inlayed,borderless_bricks,cube_all,
borderless_bricks_smooth_ringed,borderless_bricks,cube_all,
borderless_bricks_smoothed_double_inlayed,borderless_bricks,cube_all,
borderless_bricks_spiraled,borderless_bricks,cube_all,
borderless_bricks_stacked_bricks,borderless_bricks,cube_all,
borderless_bricks_thick_inlayed,borderless_bricks,cube_all,
borderless_bricks_tiled_bordered,borderless_bricks,cube_all,
borderless_bricks_tiled,borderless_bricks,cube_all,
borderless_bricks_tiled_column,borderless_bricks,cube_all,
borderless_bricks_tiny_bricks,borderless_bricks,cube_all,
borderless_bricks_tiny_brick_bordered,borderless_bricks,cube_all,
borderless_bricks_tiny_layered_bricks,borderless_bricks,cube_all,
borderless_bricks_tiny_layered_slabs,borderless_bricks,cube_all,
borderless_bricks_trodden,borderless_bricks,cube_all,
borderless_bricks_unamused,borderless_bricks,cube_all,
borderless_bricks_vertical_cut,borderless_bricks,cube_all,
borderless_bricks_vertical_disordered_bricks,borderless_bricks,cube_all,
borderless_bricks_weathered,borderless_bricks,cube_all,
bricks_angry,bricks,cube_all,
bricks_bordered,bricks,cube_all,
bricks_brick_bordered,bricks,cube_all,
bricks_bricks,bricks,cube_all,
bricks_mini_tiles,bricks,cube_all,
bricks_scales,bricks,cube_all,
bricks_carved,bricks,cube_all,
bricks_checkered_tiles,bricks,cube_all,
bricks_chiseled,bricks,cube_all,
bricks_cobbled,bricks,cube_all,
bricks_cracked_bricks,bricks,cube_all,
bricks_cracked_disordered_bricks,bricks,cube_all,
bricks_cracked_flat_tiles,bricks,cube_all,
bricks_creeper_carving,bricks,cube_all,
bricks_crying,bricks,cube_all,
bricks_curly,bricks,cube_all,
bricks_cut_blank,bricks,cube_all,
bricks_cut_column,bricks,cube_all,
bricks_duh,bricks,cube_all,
bricks_edged_bricks,bricks,cube_all,
bricks_engraved,bricks,cube_all,
bricks_eroded,bricks,cube_all,
bricks_etched_bricks,bricks,cube_all,
bricks_fine,bricks,cube_all,
bricks_flat_tiles,bricks,cube_all,
bricks_glad,bricks,cube_all,
bricks_inlayed,bricks,cube_all,
bricks_inscribed,bricks,cube_all,
bricks_layed_bricks,bricks,cube_all,
bricks_loded,bricks,cube_all,
bricks_offset_bricks,bricks,cube_all,
bricks_ornate,bricks,cube_all,
bricks_overlapping_tiles,bricks,cube_all,
bricks_polished,bricks,cube_all,
bricks_prismal_remnants,bricks,cube_all,
bricks_rough,bricks,cube_all,
bricks_rounded_bricks,bricks,cube_all,
bricks_runic_carved,bricks,cube_all,
bricks_sad,bricks,cube_all,
bricks_sanded,bricks,cube_all,
bricks_simple,bricks,cube_all,
bricks_small_bricks,bricks,cube_all,
bricks_smooth_column,bricks,cube_all,
bricks_smooth_inlayed,bricks,cube_all,
bricks_smooth_ringed,bricks,cube_all,
bricks_smoothed_double_inlayed,bricks,cube_all,
bricks_spiraled,bricks,cube_all,
bricks_stacked_bricks,bricks,cube_all,
bricks_thick_inlayed,bricks,cube_all,
bricks_tiled_bordered,bricks,cube_all,
bricks_tiled,bricks,cube_all,
bricks_tiled_column,bricks,cube_all,
bricks_tiny_brick_bordered,bricks,cube_all,
bricks_tiny_bricks,bricks,cube_all,
bricks_tiny_layered_bricks,bricks,cube_all,
bricks_tiny_layered_slabs,bricks,cube_all,
bricks_trodden,bricks,cube_all,
bricks_unamused,bricks,cube_all,
bricks_vertical_cut,bricks,cube_all,
bricks_vertical_disordered_bricks,bricks,cube_all,
bricks_weathered,bricks,cube_all,
brown_concrete_bolted,brown_concrete,cube_all,
brown_concrete,brown_concrete,cube_all,
brown_concrete_bricks,brown_concrete,cube_all,
brown_concrete_panel,brown_concrete,cube_all,
brown_concrete_tiles,brown_concrete,cube_all,
brown_concrete_creeper,brown_concrete,cube_all,
brown_concrete_grid,brown_concrete,cube_all,
brown_concrete_grill,brown_concrete,cube_all,
brown_concrete_hazard,brown_concrete,cube_all,
brown_concrete_mosaic,brown_concrete,cube_all,
brown_concrete_pegged,brown_concrete,cube_all,
brown_concrete_railed,brown_concrete,cube_all,
brown_concrete_reinforced,brown_concrete,cube_all,
brown_concrete_rusted,brown_concrete,cube_all,
brown_concrete_smooth,brown_concrete,cube_all,
brown_concrete_stacked,brown_concrete,cube_all,
brown_concrete_stop,brown_concrete,cube_all,
brown_concrete_striped,brown_concrete,cube_all,
brown_concrete_warning,brown_concrete,cube_all,
brown_concrete_wired,brown_concrete,cube_all,
brown_glazed_terracotta_pillar_sides,brown_glazed_terracotta,cube_all,
brown_glazed_terracotta_pillar_top,brown_glazed_terracotta,cube_all,
brown_glazed_terracotta_smooth_tiles,brown_glazed_terracotta,cube_all,
brown_glazed_terracotta_tiles,brown_glazed_terracotta,cube_all,
brown_glazed_terracotta_decorated,brown_glazed_terracotta,cube_all,
brown_glazed_terracotta_hexagonical,brown_glazed_terracotta,cube_all,
brown_glazed_terracotta_minimized,brown_glazed_terracotta,cube_all,
brown_glazed_terracotta_paved,brown_glazed_terracotta,cube_all,
brown_glazed_terracotta_shrunken,brown_glazed_terracotta,cube_all,
brown_glazed_terracotta_starry,brown_glazed_terracotta,cube_all,
brown_glazed_terracotta_waved,brown_glazed_terracotta,cube_all,
brown_glazed_terracotta_fancy,brown_glazed_terracotta,cube_all,
brown_mushroom_block_dark_dusted,brown_mushroom_block,cube_all,
brown_mushroom_block_dark_freckled,brown_mushroom_block,cube_all,
brown_mushroom_block_dark_scaled,brown_mushroom_block,cube_all,
brown_mushroom_block_dark_smooth,brown_mushroom_block,cube_all,
brown_mushroom_block_dark_spotted,brown_mushroom_block,cube_all,
brown_mushroom_block_dark_sprinkled,brown_mushroom_block,cube_all,
brown_mushroom_block_dusted,brown_mushroom_block,cube_all,
brown_mushroom_block_freckled,brown_mushroom_block,cube_all,
brown_mushroom_block_light_dusted,brown_mushroom_block,cube_all,
brown_mushroom_block_light_freckled,brown_mushroom_block,cube_all,
brown_mushroom_block_light_scaled,brown_mushroom_block,cube_all,
brown_mushroom_block_light_smooth,brown_mushroom_block,cube_all,
brown_mushroom_block_light_spotted,brown_mushroom_block,cube_all,
brown_mushroom_block_light_sprinkled,brown_mushroom_block,cube_all,
brown_mushroom_block_scaled,brown_mushroom_block,cube_all,
brown_mushroom_block_smooth,brown_mushroom_block,cube_all,
brown_mushroom_block_spotted,brown_mushroom_block,cube_all,
brown_mushroom_block_sprinkled,brown_mushroom_block,cube_all,
brown_mushroom_block_white_dusted,brown_mushroom_block,cube_all,
brown_mushroom_block_white_freckled,brown_mushroom_block,cube_all,
brown_mushroom_block_white_spotted,brown_mushroom_block,cube_all,
brown_mushroom_block_white_sprinkled,brown_mushroom_block,cube_all,
brown_framed_glass,brown_stained_glass,glass,translucent
brown_stained_clear_glass,brown_stained_glass,glass,translucent
brown_stained_glass,brown_stained_glass,glass,translucent
scratched_glass_brown,brown_stained_glass,glass,translucent
brown_terracotta,brown_terracotta,cube_all,
brown_terracotta_bricks,brown_terracotta,cube_all,
brown_terracotta_column,brown_terracotta,cube_all,
brown_terracotta_small_bricks,brown_terracotta,cube_all,
brown_terracotta_tile,brown_terracotta,cube_all,
brown_terracotta_tiles,brown_terracotta,cube_all,
brown_terracotta_chiseled,brown_terracotta,cube_all,
brown_terracotta_chiseled_bricks,brown_terracotta,cube_all,
brown_terracotta_crossed,brown_terracotta,cube_all,
brown_terracotta_curled,brown_terracotta,cube_all,
brown_terracotta_cut,brown_terracotta,cube_all,
brown_terracotta_decorated,brown_terracotta,cube_all,
brown_terracotta_hexagonical,brown_terracotta,cube_all,
brown_terracotta_layered,brown_terracotta,cube_all,
brown_terracotta_small_tiles,brown_terracotta,cube_all,
brown_terracotta_triangular,brown_terracotta,cube_all,
brown_wool_barky,brown_wool,cube_all,
brown_wool_blocky,brown_wool,cube_all,
brown_wool_bundled,brown_wool,cube_all,
brown_wool_cross_haired,brown_wool,cube_all,
brown_wool_cubed,brown_wool,cube_all,
brown_wool_knitted,brown_wool,cube_all,
brown_wool_patched,brown_wool,cube_all,
brown_wool_ribbled,brown_wool,cube_all,
brown_wool_scaled,brown_wool,cube_all,
brown_wool_soft,brown_wool,cube_all,
brown_wool_stringed,brown_wool,cube_all,
brown_wool_tiled,brown_wool,cube_all,
brown_wool_tripped,brown_wool,cube_all,
brown_wool_wickered,brown_wool,cube_all,
brown_wool_windmill,brown_wool,cube_all,
brown_wool_woved,brown_wool,cube_all,
brown_wool_cornered,brown_wool,cube_all,
brown_wool_crafted,brown_wool,cube_all,
brown_wool_harsh_quilted,brown_wool,cube_all,
brown_wool_rectangle,brown_wool,cube_all,
brown_wool_delicate,brown_wool,cube_all,
brown_wool_ornamented,brown_wool,cube_all,
brown_wool_legacy,brown_wool,cube_all,
brown_wool_llama,brown_wool,cube_all,
calcite_angry,calcite,cube_all,
calcite_bordered,calcite,cube_all,
calcite_brick_bordered,calcite,cube_all,
calcite_bricks,calcite,cube_all,
calcite_cut_polished,calcite,cube_all,
calcite_cut_small_brick,calcite,cube_all,
calcite_mini_tiles,calcite,cube_all,
calcite_scales,calcite,cube_all,
calcite_small_brick,calcite,cube_all,
calcite_carved,calcite,cube_all,
calcite_checkered_tiles,calcite,cube_all,
calcite_cobbled,calcite,cube_all,
calcite_cracked_bricks,calcite,cube_all,
calcite_cracked_disordered_bricks,calcite,cube_all,
calcite_cracked_flat_tiles,calcite,cube_all,
calcite_cracked_tiny_tiles,calcite,cube_all,
calcite_creeper_carving,calcite,cube_all,
calcite_crying,calcite,cube_all,
calcite_curly,calcite,cube_all,
calcite_cut_blank,calcite,cube_all,
calcite_cut_column,calcite,cube_all,
calcite_duh,calcite,cube_all,
calcite_edged_bricks,calcite,cube_all,
calcite_engraved,calcite,cube_all,
calcite_eroded,calcite,cube_all,
calcite_etched_bricks,calcite,cube_all,
calcite_fine,calcite,cube_all,
calcite_flat_tiles,calcite,cube_all,
calcite_glad,calcite,cube_all,
calcite_inlayed,calcite,cube_all,
calcite_inscribed,calcite,cube_all,
calcite_layed_bricks,calcite,cube_all,
calcite_loded,calcite,cube_all,
calcite_mossy_bricks,calcite,cube_all,
calcite_mossy_cobbled,calcite,cube_all,
calcite_offset_bricks,calcite,cube_all,
calcite_ornate,calcite,cube_all,
calcite_overlapping_tiles,calcite,cube_all,
calcite_polished,calcite,cube_all,
calcite_prismal_remnants,calcite,cube_all,
calcite_rough,calcite,cube_all,
calcite_rounded_bricks,calcite,cube_all,
calcite_runic_carved,calcite,cube_all,
calcite_sad,calcite,cube_all,
calcite_sanded,calcite,cube_all,
calcite_simple,calcite,cube_all,
calcite_small_bricks,calcite,cube_all,
calcite_small_diamonds,calcite,cube_all,
calcite_smooth_column,calcite,cube_all,
calcite_smooth_inlayed,calcite,cube_all,
calcite_smooth_ringed,calcite,cube_all,
calcite_smoothed_double_inlayed,calcite,cube_all,
calcite_spiraled,calcite,cube_all,
calcite_stacked_bricks,calcite,cube_all,
calcite_thick_inlayed,calcite,cube_all,
calcite_tiled_bordered,calcite,cube_all,
calcite_tiled,calcite,cube_all,
calcite_tiled_column,calcite,cube_all,
calcite_tiny_brick_bordered,calcite,cube_all,
calcite_tiny_bricks,calcite,cube_all,
calcite_tiny_layered_bricks,calcite,cube_all,
calcite_tiny_layered_slabs,calcite,cube_all,
calcite_trodden,calcite,cube_all,
calcite_unamused,calcite,cube_all,
calcite_vertical_cut,calcite,cube_all,
calcite_vertical_disordered_bricks,calcite,cube_all,
calcite_weathered,calcite,cube_all,
cherry_planks_basket_woven,cherry_planks,cube_all,
cherry_planks_boxed,cherry_planks,cube_all,
cherry_planks_brick_bond,cherry_planks,cube_all,
cherry_planks_bricky,cherry_planks,cube_all,
cherry_planks_beams,cherry_planks,cube_all,
cherry_planks_brick_pattern,cherry_planks,cube_all,
cherry_planks_brick_paving,cherry_planks,cube_all,
cherry_planks_bricks,cherry_planks,cube_all,
cherry_planks_crate,cherry_planks,cube_all,
cherry_planks_diagonal_stripes,cherry_planks,cube_all,
cherry_planks_diagonal_tiles,cherry_planks,cube_all,
cherry_planks_dotted,cherry_planks,cube_all,
cherry_planks_fine_mosaic,cherry_planks,cube_all,
cherry_planks_flooring,cherry_planks,cube_all,
cherry_planks_large_tiles,cherry_planks,cube_all,
cherry_planks_mosaic,cherry_planks,cube_all,
cherry_planks_panel,cherry_planks,cube_all,
cherry_planks_pattern,cherry_planks,cube_all,
cherry_planks_rotated_bricks,cherry_planks,cube_all,
cherry_planks_shavings,cherry_planks,cube_all,
cherry_planks_small_bricks,cherry_planks,cube_all,
cherry_planks_small_tiles,cherry_planks,cube_all,
cherry_planks_squares,cherry_planks,cube_all,
cherry_planks_tiles,cherry_planks,cube_all,
cherry_planks_wavy,cherry_planks,cube_all,
cherry_planks_woven,cherry_planks,cube_all,
cherry_planks_cornered,cherry_planks,cube_all,
cherry_planks_crated,cherry_planks,cube_all,
cherry_planks_cross_laced,cherry_planks,cube_all,
cherry_planks_crossed,cherry_planks,cube_all,
cherry_planks_detailed,cherry_planks,cube_all,
cherry_planks_diagonal,cherry_planks,cube_all,
cherry_planks_diamond,cherry_planks,cube_all,
cherry_planks_double_herringbone,cherry_planks,cube_all,
cherry_planks_enclosed,cherry_planks,cube_all,
cherry_planks_fine,cherry_planks,cube_all,
cherry_planks_fine_vertical,cherry_planks,cube_all,
cherry_planks_framed,cherry_planks,cube_all,
cherry_planks_herringbone,cherry_planks,cube_all,
cherry_planks_hewn,cherry_planks,cube_all,
cherry_planks_laced,cherry_planks,cube_all,
cherry_planks_nailed,cherry_planks,cube_all,
cherry_planks_natural,cherry_planks,cube_all,
cherry_planks_pegged,cherry_planks,cube_all,
cherry_planks_polished,cherry_planks,cube_all,
cherry_planks_railed,cherry_planks,cube_all,
cherry_planks_shifted,cherry_planks,cube_all,
cherry_planks_slanted,cherry_planks,cube_all,
cherry_planks_smooth,cherry_planks,cube_all,
cherry_planks_stacked,cherry_planks,cube_all,
cherry_planks_thin,cherry_planks,cube_all,
cherry_planks_tiled,cherry_planks,cube_all,
cherry_planks_versailles,cherry_planks,cube_all,
cherry_planks_vertical,cherry_planks,cube_all,
cherry_planks_vertically_railed,cherry_planks,cube_all,
cherry_planks_whirlwind,cherry_planks,cube_all,
cherry_planks_wickered,cherry_planks,cube_all,
clay_angry,clay,cube_all,
clay_bordered,clay,cube_all,
clay_brick_bordered,clay,cube_all,
clay_carved,clay,cube_all,
clay_checkered_tiles,clay,cube_all,
clay_bricks,clay,cube_all,
clay_mini_tiles,clay,cube_all,
clay_scales,clay,cube_all,
clay_cobbled,clay,cube_all,
clay_cracked_bricks,clay,cube_all,
clay_cracked_disordered_bricks,clay,cube_all,
clay_cracked_flat_tiles,clay,cube_all,
clay_creeper_carving,clay,cube_all,
clay_crying,clay,cube_all,
clay_curly,clay,cube_all,
clay_cut_blank,clay,cube_all,
clay_cut_column,clay,cube_all,
clay_duh,clay,cube_all,
clay_edged_bricks,clay,cube_all,
clay_engraved,clay,cube_all,
clay_eroded,clay,cube_all,
clay_etched_bricks,clay,cube_all,
clay_fine,clay,cube_all,
clay_flat_tiles,clay,cube_all,
clay_glad,clay,cube_all,
clay_inlayed,clay,cube_all,
clay_inscribed,clay,cube_all,
clay_layed_bricks,clay,cube_all,
clay_loded,clay,cube_all,
clay_offset_bricks,clay,cube_all,
clay_ornate,clay,cube_all,
clay_overlapping_tiles,clay,cube_all,
clay_polished,clay,cube_all,
clay_prismal_remnants,clay,cube_all,
clay_rough,clay,cube_all,
clay_rounded_bricks,clay,cube_all,
clay_runic_carved,clay,cube_all,
clay_sad,clay,cube_all,
clay_sanded,clay,cube_all,
clay_simple,clay,cube_all,
clay_small_bricks,clay,cube_all,
clay_smooth_column,clay,cube_all,
clay_smooth_inlayed,clay,cube_all,
clay_smooth_ringed,clay,cube_all,
clay_smoothed_double_inlayed,clay,cube_all,
clay_spiraled,clay,cube_all,
clay_stacked_bricks,clay,cube_all,
clay_thick_inlayed,clay,cube_all,
clay_tiled_bordered,clay,cube_all,
clay_tiled,clay,cube_all,
clay_tiled_column,clay,cube_all,
clay_tiny_brick_bordered,clay,cube_all,
clay_tiny_bricks,clay,cube_all,
clay_tiny_layered_bricks,clay,cube_all,
clay_tiny_layered_slabs,clay,cube_all,
clay_trodden,clay,cube_all,
clay_unamused,clay,cube_all,
clay_vertical_cut,clay,cube_all,
clay_vertical_disordered_bricks,clay,cube_all,
clay_weathered,clay,cube_all,
coal_block_angry,coal_block,cube_all,
coal_block_bordered,coal_block,cube_all,
coal_block_brick_bordered,coal_block,cube_all,
coal_block_carved,coal_block,cube_all,
coal_block_checkered_tiles,coal_block,cube_all,
coal_block_bricks,coal_block,cube_all,
coal_block_carved,coal_block,cube_all,
coal_block_chiseled,coal_block,cube_all,
coal_block_circles,coal_block,cube_all,
coal_block_compacted,coal_block,cube_all,
coal_block_mini_tiles,coal_block,cube_all,
coal_block_ovals,coal_block,cube_all,
coal_block_pattern,coal_block,cube_all,
coal_block_polished,coal_block,cube_all,
coal_block_rotated_bricks,coal_block,cube_all,
coal_block_scales,coal_block,cube_all,
coal_block_small_tiles,coal_block,cube_all,
coal_block_stripes,coal_block,cube_all,
coal_block_cobbled,coal_block,cube_all,
coal_block_cracked_bricks,coal_block,cube_all,
coal_block_cracked_disordered_bricks,coal_block,cube_all,
coal_block_cracked_flat_tiles,coal_block,cube_all,
coal_block_creeper_carving,coal_block,cube_all,
coal_block_crying,coal_block,cube_all,
coal_block_curly,coal_block,cube_all,
coal_block_cut_blank,coal_block,cube_all,
coal_block_cut_column,coal_block,cube_all,
coal_block_duh,coal_block,cube_all,
coal_block_edged_bricks,coal_block,cube_all,
coal_block_engraved,coal_block,cube_all,
coal_block_eroded,coal_block,cube_all,
coal_block_etched_bricks,coal_block,cube_all,
coal_block_fine,coal_block,cube_all,
coal_block_flat_tiles,coal_block,cube_all,
coal_block_glad,coal_block,cube_all,
coal_block_inlayed,coal_block,cube_all,
coal_block_inscribed,coal_block,cube_all,
coal_block_layed_bricks,coal_block,cube_all,
coal_block_loded,coal_block,cube_all,
coal_block_offset_bricks,coal_block,cube_all,
coal_block_ornate,coal_block,cube_all,
coal_block_overlapping_tiles,coal_block,cube_all,
coal_block_polished,coal_block,cube_all,
coal_block_prismal_remnants,coal_block,cube_all,
coal_block_rough,coal_block,cube_all,
coal_block_rounded_bricks,coal_block,cube_all,
coal_block_runic_carved,coal_block,cube_all,
coal_block_sad,coal_block,cube_all,
coal_block_sanded,coal_block,cube_all,
coal_block_simple,coal_block,cube_all,
coal_block_small_bricks,coal_block,cube_all,
coal_block_smooth_column,coal_block,cube_all,
coal_block_smooth_inlayed,coal_block,cube_all,
coal_block_smooth_ringed,coal_block,cube_all,
coal_block_smoothed_double_inlayed,coal_block,cube_all,
coal_block_spiraled,coal_block,cube_all,
coal_block_stacked_bricks,coal_block,cube_all,
coal_block_thick_inlayed,coal_block,cube_all,
coal_block_tiled_bordered,coal_block,cube_all,
coal_block_tiled,coal_block,cube_all,
coal_block_tiled_column,coal_block,cube_all,
coal_block_tiny_brick_bordered,coal_block,cube_all,
coal_block_tiny_bricks,coal_block,cube_all,
coal_block_tiny_layered_bricks,coal_block,cube_all,
coal_block_tiny_layered_slabs,coal_block,cube_all,
coal_block_trodden,coal_block,cube_all,
coal_block_unamused,coal_block,cube_all,
coal_block_vertical_cut,coal_block,cube_all,
coal_block_vertical_disordered_bricks,coal_block,cube_all,
coal_block_weathered,coal_block,cube_all,
cobbled_deepslate_beams,cobbled_deepslate,cube_all,
cobbled_deepslate_brick_pattern,cobbled_deepslate,cube_all,
cobbled_deepslate_brick_paving,cobbled_deepslate,cube_all,
cobbled_deepslate_bricks,cobbled_deepslate,cube_all,
cobbled_deepslate_large_tiles,cobbled_deepslate,cube_all,
cobbled_deepslate_paving,cobbled_deepslate,cube_all,
cobbled_deepslate_pulverized,cobbled_deepslate,cube_all,
cobbled_deepslate_rotated_bricks,cobbled_deepslate,cube_all,
cobbled_deepslate_small_tiles,cobbled_deepslate,cube_all,
cobbled_deepslate_squares,cobbled_deepslate,cube_all,
cobbled_deepslate_stripes,cobbled_deepslate,cube_all,
cobbled_deepslate_tiles,cobbled_deepslate,cube_all,
cobbled_deepslate_worn_stripes,cobbled_deepslate,cube_all,
cobblestone_angry,cobblestone,cube_all,
cobblestone_bordered,cobblestone,cube_all,
cobblestone_brick_bordered,cobblestone,cube_all,
cobblestone_carved,cobblestone,cube_all,
cobblestone_checkered_tiles,cobblestone,cube_all,
cobblestone_cobbled,cobblestone,cube_all,
cobblestone_beams,cobblestone,cube_all,
cobblestone_brick_pattern,cobblestone,cube_all,
cobblestone_brick_paving,cobblestone,cube_all,
cobblestone_bricks,cobblestone,cube_all,
cobblestone_chiseled_border,cobblestone,cube_all,
cobblestone_crosses,cobblestone,cube_all,
cobblestone_dented,cobblestone,cube_all,
cobblestone_diamond_pavers,cobblestone,cube_all,
cobblestone_inverted_dented,cobblestone,cube_all,
cobblestone_large_squares,cobblestone,cube_all,
cobblestone_mini_tiles,cobblestone,cube_all,
cobblestone_paving,cobblestone,cube_all,
cobblestone_polished,cobblestone,cube_all,
cobblestone_pulverized,cobblestone,cube_all,
cobblestone_rotated_bricks,cobblestone,cube_all,
cobblestone_scales,cobblestone,cube_all,
cobblestone_sheared,cobblestone,cube_all,
cobblestone_small_brick,cobblestone,cube_all,
cobblestone_small_tiles,cobblestone,cube_all,
cobblestone_squares,cobblestone,cube_all,
cobblestone_stripes,cobblestone,cube_all,
cobblestone_tiles,cobblestone,cube_all,
cobblestone_worn_stripes,cobblestone,cube_all,
cobblestone_cracked_bricks,cobblestone,cube_all,
cobblestone_cracked_disordered_bricks,cobblestone,cube_all,
cobblestone_cracked_flat_tiles,cobblestone,cube_all,
cobblestone_creeper_carving,cobblestone,cube_all,
cobblestone_crying,cobblestone,cube_all,
cobblestone_curly,cobblestone,cube_all,
cobblestone_cut_blank,cobblestone,cube_all,
cobblestone_cut_column,cobblestone,cube_all,
cobblestone_duh,cobblestone,cube_all,
cobblestone_edged_bricks,cobblestone,cube_all,
cobblestone_engraved,cobblestone,cube_all,
cobblestone_eroded,cobblestone,cube_all,
cobblestone_etched_bricks,cobblestone,cube_all,
cobblestone_fine,cobblestone,cube_all,
cobblestone_flat_tiles,cobblestone,cube_all,
cobblestone_glad,cobblestone,cube_all,
cobblestone_inlayed,cobblestone,cube_all,
cobblestone_inscribed,cobblestone,cube_all,
cobblestone_layed_bricks,cobblestone,cube_all,
cobblestone_loded,cobblestone,cube_all,
cobblestone_offset_bricks,cobblestone,cube_all,
cobblestone_ornate,cobblestone,cube_all,
cobblestone_overlapping_tiles,cobblestone,cube_all,
cobblestone_polished,cobblestone,cube_all,
cobblestone_prismal_remnants,cobblestone,cube_all,
cobblestone_rough,cobblestone,cube_all,
cobblestone_rounded_bricks,cobblestone,cube_all,
cobblestone_runic_carved,cobblestone,cube_all,
cobblestone_sad,cobblestone,cube_all,
cobblestone_sanded,cobblestone,cube_all,
cobblestone_simple,cobblestone,cube_all,
cobblestone_small_bricks,cobblestone,cube_all,
cobblestone_smooth_column,cobblestone,cube_all,
cobblestone_smooth_inlayed,cobblestone,cube_all,
cobblestone_smooth_ringed,cobblestone,cube_all,
cobblestone_smoothed_double_inlayed,cobblestone,cube_all,
cobblestone_spiraled,cobblestone,cube_all,
cobblestone_stacked_bricks,cobblestone,cube_all,
cobblestone_thick_inlayed,cobblestone,cube_all,
cobblestone_tiled_bordered,cobblestone,cube_all,
cobblestone_tiled,cobblestone,cube_all,
cobblestone_tiled_column,cobblestone,cube_all,
cobblestone_tiny_brick_bordered,cobblestone,cube_all,
cobblestone_tiny_bricks,cobblestone,cube_all,
cobblestone_tiny_layered_bricks,cobblestone,cube_all,
cobblestone_tiny_layered_slabs,cobblestone,cube_all,
cobblestone_trodden,cobblestone,cube_all,
cobblestone_unamused,cobblestone,cube_all,
cobblestone_vertical_cut,cobblestone,cube_all,
cobblestone_vertical_disordered_bricks,cobblestone,cube_all,
cobblestone_weathered,cobblestone,cube_all,
copper_block,copper_block,cube_all,
copper_block_bars,copper_block,cube_all,
copper_block_circles,copper_block,cube_all,
copper_block_gears,copper_block,cube_all,
copper_block_lines,copper_block,cube_all,
copper_block_pattern,copper_block,cube_all,
copper_block_polished,copper_block,cube_all,
copper_block_shafts,copper_block,cube_all,
copper_block_small_bricks,copper_block,cube_all,
copper_grate,copper_block,cube_all,cutout
crimsite_angry,crimsite,cube_all,
crimsite_bordered,crimsite,cube_all,
crimsite_brick_bordered,crimsite,cube_all,
crimsite_carved,crimsite,cube_all,
crimsite_checkered_tiles,crimsite,cube_all,
crimsite_cobbled,crimsite,cube_all,
crimsite_cracked_bricks,crimsite,cube_all,
crimsite_cracked_disordered_bricks,crimsite,cube_all,
crimsite_cracked_flat_tiles,crimsite,cube_all,
crimsite_creeper_carving,crimsite,cube_all,
crimsite_bricks,crimsite,cube_all,
crimsite_cut_polished,crimsite,cube_all,
crimsite_cut_small_brick,crimsite,cube_all,
crimsite_mini_tiles,crimsite,cube_all,
crimsite_scales,crimsite,cube_all,
crimsite_crying,crimsite,cube_all,
crimsite_cut_blank,crimsite,cube_all,
crimsite_duh,crimsite,cube_all,
crimsite_edged_bricks,crimsite,cube_all,
crimsite_engraved,crimsite,cube_all,
crimsite_eroded,crimsite,cube_all,
crimsite_etched_bricks,crimsite,cube_all,
crimsite_flat_tiles,crimsite,cube_all,
crimsite_glad,crimsite,cube_all,
crimsite_inlayed,crimsite,cube_all,
crimsite_inscribed,crimsite,cube_all,
crimsite_layed_bricks,crimsite,cube_all,
crimsite_loded,crimsite,cube_all,
crimsite_offset_bricks,crimsite,cube_all,
crimsite_overlapping_tiles,crimsite,cube_all,
crimsite_polished,crimsite,cube_all,
crimsite_prismal_remnants,crimsite,cube_all,
crimsite_rough,crimsite,cube_all,
crimsite_rounded_bricks,crimsite,cube_all,
crimsite_runic_carved,crimsite,cube_all,
crimsite_sad,crimsite,cube_all,
crimsite_sanded,crimsite,cube_all,
crimsite_small_bricks,crimsite,cube_all,
crimsite_smooth_inlayed,crimsite,cube_all,
crimsite_smooth_ringed,crimsite,cube_all,
crimsite_smoothed_double_inlayed,crimsite,cube_all,
crimsite_spiraled,crimsite,cube_all,
crimsite_stacked_bricks,crimsite,cube_all,
crimsite_thick_inlayed,crimsite,cube_all,
crimsite_tiled_bordered,crimsite,cube_all,
crimsite_tiled,crimsite,cube_all,
crimsite_tiny_brick_bordered,crimsite,cube_all,
crimsite_tiny_bricks,crimsite,cube_all,
crimsite_tiny_layered_bricks,crimsite,cube_all,
crimsite_tiny_layered_slabs,crimsite,cube_all,
crimsite_trodden,crimsite,cube_all,
crimsite_unamused,crimsite,cube_all,
crimsite_vertical_cut,crimsite,cube_all,
crimsite_vertical_disordered_bricks,crimsite,cube_all,
crimsite_weathered,crimsite,cube_all,
crimson_planks_basket_woven,crimson_planks,cube_all,
crimson_planks_boxed,crimson_planks,cube_all,
crimson_planks_brick_bond,crimson_planks,cube_all,
crimson_planks_bricky,crimson_planks,cube_all,
crimson_planks_cornered,crimson_planks,cube_all,
crimson_planks_crated,crimson_planks,cube_all,
crimson_planks_beams,crimson_planks,cube_all,
crimson_planks_brick_pattern,crimson_planks,cube_all,
crimson_planks_brick_paving,crimson_planks,cube_all,
crimson_planks_bricks,crimson_planks,cube_all,
crimson_planks_crate,crimson_planks,cube_all,
crimson_planks_diagonal_stripes,crimson_planks,cube_all,
crimson_planks_diagonal_tiles,crimson_planks,cube_all,
crimson_planks_dotted,crimson_planks,cube_all,
crimson_planks_fine_mosaic,crimson_planks,cube_all,
crimson_planks_flooring,crimson_planks,cube_all,
crimson_planks_large_tiles,crimson_planks,cube_all,
crimson_planks_mosaic,crimson_planks,cube_all,
crimson_planks_panel,crimson_planks,cube_all,
crimson_planks_pattern,crimson_planks,cube_all,
crimson_planks_rotated_bricks,crimson_planks,cube_all,
crimson_planks_shavings,crimson_planks,cube_all,
crimson_planks_small_bricks,crimson_planks,cube_all,
crimson_planks_small_tiles,crimson_planks,cube_all,
crimson_planks_squares,crimson_planks,cube_all,
crimson_planks_tiles,crimson_planks,cube_all,
crimson_planks_wavy,crimson_planks,cube_all,
crimson_planks_woven,crimson_planks,cube_all,
crimson_planks_cross_laced,crimson_planks,cube_all,
crimson_planks_crossed,crimson_planks,cube_all,
crimson_planks_detailed,crimson_planks,cube_all,
crimson_planks_diagonal,crimson_planks,cube_all,
crimson_planks_diamond,crimson_planks,cube_all,
crimson_planks_double_herringbone,crimson_planks,cube_all,
crimson_planks_enclosed,crimson_planks,cube_all,
crimson_planks_fine,crimson_planks,cube_all,
crimson_planks_fine_vertical,crimson_planks,cube_all,
crimson_planks_framed,crimson_planks,cube_all,
crimson_planks_herringbone,crimson_planks,cube_all,
crimson_planks_hewn,crimson_planks,cube_all,
crimson_planks_laced,crimson_planks,cube_all,
crimson_planks_nailed,crimson_planks,cube_all,
crimson_planks_natural,crimson_planks,cube_all,
crimson_planks_pegged,crimson_planks,cube_all,
crimson_planks_polished,crimson_planks,cube_all,
crimson_planks_railed,crimson_planks,cube_all,
crimson_planks_shifted,crimson_planks,cube_all,
crimson_planks_slanted,crimson_planks,cube_all,
crimson_planks_smooth,crimson_planks,cube_all,
crimson_planks_stacked,crimson_planks,cube_all,
crimson_planks_thin,crimson_planks,cube_all,
crimson_planks_tiled,crimson_planks,cube_all,
crimson_planks_versailles,crimson_planks,cube_all,
crimson_planks_vertical,crimson_planks,cube_all,
crimson_planks_vertically_railed,crimson_planks,cube_all,
crimson_planks_whirlwind,crimson_planks,cube_all,
crimson_planks_wickered,crimson_planks,cube_all,
crying_obsidian_angry,crying_obsidian,cube_all,
crying_obsidian_bordered,crying_obsidian,cube_all,
crying_obsidian_brick_bordered,crying_obsidian,cube_all,
crying_obsidian_carved,crying_obsidian,cube_all,
crying_obsidian_checkered_tiles,crying_obsidian,cube_all,
crying_obsidian_cobbled,crying_obsidian,cube_all,
crying_obsidian_cracked_bricks,crying_obsidian,cube_all,
crying_obsidian_cracked_disordered_bricks,crying_obsidian,cube_all,
crying_obsidian_cracked_flat_tiles,crying_obsidian,cube_all,
crying_obsidian_creeper_carving,crying_obsidian,cube_all,
crying_obsidian_crying,crying_obsidian,cube_all,
crying_obsidian_bricks,crying_obsidian,cube_all,
crying_obsidian_mini_tiles,crying_obsidian,cube_all,
crying_obsidian_scales,crying_obsidian,cube_all,
crying_obsidian_curly,crying_obsidian,cube_all,
crying_obsidian_cut_blank,crying_obsidian,cube_all,
crying_obsidian_cut_column,crying_obsidian,cube_all,
crying_obsidian_duh,crying_obsidian,cube_all,
crying_obsidian_edged_bricks,crying_obsidian,cube_all,
crying_obsidian_engraved,crying_obsidian,cube_all,
crying_obsidian_eroded,crying_obsidian,cube_all,
crying_obsidian_etched_bricks,crying_obsidian,cube_all,
crying_obsidian_fine,crying_obsidian,cube_all,
crying_obsidian_flat_tiles,crying_obsidian,cube_all,
crying_obsidian_glad,crying_obsidian,cube_all,
crying_obsidian_inlayed,crying_obsidian,cube_all,
crying_obsidian_inscribed,crying_obsidian,cube_all,
crying_obsidian_layed_bricks,crying_obsidian,cube_all,
crying_obsidian_loded,crying_obsidian,cube_all,
crying_obsidian_offset_bricks,crying_obsidian,cube_all,
crying_obsidian_ornate,crying_obsidian,cube_all,
crying_obsidian_overlapping_tiles,crying_obsidian,cube_all,
crying_obsidian_polished,crying_obsidian,cube_all,
crying_obsidian_prismal_remnants,crying_obsidian,cube_all,
crying_obsidian_rough,crying_obsidian,cube_all,
crying_obsidian_rounded_bricks,crying_obsidian,cube_all,
crying_obsidian_runic_carved,crying_obsidian,cube_all,
crying_obsidian_sad,crying_obsidian,cube_all,
crying_obsidian_sanded,crying_obsidian,cube_all,
crying_obsidian_simple,crying_obsidian,cube_all,
crying_obsidian_small_bricks,crying_obsidian,cube_all,
crying_obsidian_smooth_column,crying_obsidian,cube_all,
crying_obsidian_smooth_inlayed,crying_obsidian,cube_all,
crying_obsidian_smooth_ringed,crying_obsidian,cube_all,
crying_obsidian_smoothed_double_inlayed,crying_obsidian,cube_all,
crying_obsidian_spiraled,crying_obsidian,cube_all,
crying_obsidian_stacked_bricks,crying_obsidian,cube_all,
crying_obsidian_thick_inlayed,crying_obsidian,cube_all,
crying_obsidian_tiled_bordered,crying_obsidian,cube_all,
crying_obsidian_tiled,crying_obsidian,cube_all,
crying_obsidian_tiled_column,crying_obsidian,cube_all,
crying_obsidian_tiny_brick_bordered,crying_obsidian,cube_all,
crying_obsidian_tiny_bricks,crying_obsidian,cube_all,
crying_obsidian_tiny_layered_bricks,crying_obsidian,cube_all,
crying_obsidian_tiny_layered_slabs,crying_obsidian,cube_all,
crying_obsidian_trodden,crying_obsidian,cube_all,
crying_obsidian_unamused,crying_obsidian,cube_all,
crying_obsidian_vertical_cut,crying_obsidian,cube_all,
crying_obsidian_vertical_disordered_bricks,crying_obsidian,cube_all,
crying_obsidian_weathered,crying_obsidian,cube_all,
cyan_concrete_bolted,cyan_concrete,cube_all,
cyan_concrete_creeper,cyan_concrete,cube_all,
cyan_concrete,cyan_concrete,cube_all,
cyan_concrete_bricks,cyan_concrete,cube_all,
cyan_concrete_panel,cyan_concrete,cube_all,
cyan_concrete_tiles,cyan_concrete,cube_all,
cyan_concrete_grid,cyan_concrete,cube_all,
cyan_concrete_grill,cyan_concrete,cube_all,
cyan_concrete_hazard,cyan_concrete,cube_all,
cyan_concrete_mosaic,cyan_concrete,cube_all,
cyan_concrete_pegged,cyan_concrete,cube_all,
cyan_concrete_railed,cyan_concrete,cube_all,
cyan_concrete_reinforced,cyan_concrete,cube_all,
cyan_concrete_rusted,cyan_concrete,cube_all,
cyan_concrete_smooth,cyan_concrete,cube_all,
cyan_concrete_stacked,cyan_concrete,cube_all,
cyan_concrete_stop,cyan_concrete,cube_all,
cyan_concrete_striped,cyan_concrete,cube_all,
cyan_concrete_warning,cyan_concrete,cube_all,
cyan_concrete_wired,cyan_concrete,cube_all,
cyan_glazed_terracotta_pillar_sides,cyan_glazed_terracotta,cube_all,
cyan_glazed_terracotta_pillar_top,cyan_glazed_terracotta,cube_all,
cyan_glazed_terracotta_smooth_tiles,cyan_glazed_terracotta,cube_all,
cyan_glazed_terracotta_tiles,cyan_glazed_terracotta,cube_all,
cyan_glazed_terracotta_decorated,cyan_glazed_terracotta,cube_all,
cyan_glazed_terracotta_hexagonical,cyan_glazed_terracotta,cube_all,
cyan_glazed_terracotta_minimized,cyan_glazed_terracotta,cube_all,
cyan_glazed_terracotta_paved,cyan_glazed_terracotta,cube_all,
cyan_glazed_terracotta_shrunken,cyan_glazed_terracotta,cube_all,
cyan_glazed_terracotta_starry,cyan_glazed_terracotta,cube_all,
cyan_glazed_terracotta_waved,cyan_glazed_terracotta,cube_all,
cyan_glazed_terracotta_fancy,cyan_glazed_terracotta,cube_all,
cyan_framed_glass,cyan_stained_glass,glass,translucent
cyan_stained_clear_glass,cyan_stained_glass,glass,translucent
cyan_stained_glass,cyan_stained_glass,glass,translucent
scratched_glass_cyan,cyan_stained_glass,glass,translucent
cyan_terracotta_chiseled,cyan_terracotta,cube_all,
cyan_terracotta_chiseled_bricks,cyan_terracotta,cube_all,
cyan_terracotta_crossed,cyan_terracotta,cube_all,
cyan_terracotta_curled,cyan_terracotta,cube_all,
cyan_terracotta_cut,cyan_terracotta,cube_all,
cyan_terracotta,cyan_terracotta,cube_all,
cyan_terracotta_bricks,cyan_terracotta,cube_all,
cyan_terracotta_column,cyan_terracotta,cube_all,
cyan_terracotta_small_bricks,cyan_terracotta,cube_all,
cyan_terracotta_tile,cyan_terracotta,cube_all,
cyan_terracotta_tiles,cyan_terracotta,cube_all,
cyan_terracotta_decorated,cyan_terracotta,cube_all,
cyan_terracotta_hexagonical,cyan_terracotta,cube_all,
cyan_terracotta_layered,cyan_terracotta,cube_all,
cyan_terracotta_small_tiles,cyan_terracotta,cube_all,
cyan_terracotta_triangular,cyan_terracotta,cube_all,
cyan_wool_barky,cyan_wool,cube_all,
cyan_wool_blocky,cyan_wool,cube_all,
cyan_wool_bundled,cyan_wool,cube_all,
cyan_wool_cross_haired,cyan_wool,cube_all,
cyan_wool_cubed,cyan_wool,cube_all,
cyan_wool_knitted,cyan_wool,cube_all,
cyan_wool_patched,cyan_wool,cube_all,
cyan_wool_ribbled,cyan_wool,cube_all,
cyan_wool_scaled,cyan_wool,cube_all,
cyan_wool_soft,cyan_wool,cube_all,
cyan_wool_stringed,cyan_wool,cube_all,
cyan_wool_tiled,cyan_wool,cube_all,
cyan_wool_tripped,cyan_wool,cube_all,
cyan_wool_wickered,cyan_wool,cube_all,
cyan_wool_windmill,cyan_wool,cube_all,
cyan_wool_woved,cyan_wool,cube_all,
cyan_wool_cornered,cyan_wool,cube_all,
cyan_wool_crafted,cyan_wool,cube_all,
cyan_wool_harsh_quilted,cyan_wool,cube_all,
cyan_wool_rectangle,cyan_wool,cube_all,
cyan_wool_delicate,cyan_wool,cube_all,
cyan_wool_ornamented,cyan_wool,cube_all,
cyan_wool_legacy,cyan_wool,cube_all,
cyan_wool_llama,cyan_wool,cube_all,
dark_limestone_angry,dark_limestone,cube_all,
dark_limestone_bordered,dark_limestone,cube_all,
dark_limestone_brick_bordered,dark_limestone,cube_all,
dark_limestone_carved,dark_limestone,cube_all,
dark_limestone_checkered_tiles,dark_limestone,cube_all,
dark_limestone_cobbled,dark_limestone,cube_all,
dark_limestone_cracked_bricks,dark_limestone,cube_all,
dark_limestone_cracked_disordered_bricks,dark_limestone,cube_all,
dark_limestone_cracked_flat_tiles,dark_limestone,cube_all,
dark_limestone_creeper_carving,dark_limestone,cube_all,
dark_limestone_crying,dark_limestone,cube_all,
dark_limestone_cut_blank,dark_limestone,cube_all,
dark_limestone,dark_limestone,cube_all,
dark_limestone_bricks,dark_limestone,cube_all,
dark_limestone_mini_tiles,dark_limestone,cube_all,
dark_limestone_scales,dark_limestone,cube_all,
dark_limestone_duh,dark_limestone,cube_all,
dark_limestone_edged_bricks,dark_limestone,cube_all,
dark_limestone_engraved,dark_limestone,cube_all,
dark_limestone_eroded,dark_limestone,cube_all,
dark_limestone_etched_bricks,dark_limestone,cube_all,
dark_limestone_flat_tiles,dark_limestone,cube_all,
dark_limestone_glad,dark_limestone,cube_all,
dark_limestone_inlayed,dark_limestone,cube_all,
dark_limestone_inscribed,dark_limestone,cube_all,
dark_limestone_layed_bricks,dark_limestone,cube_all,
dark_limestone_loded,dark_limestone,cube_all,
dark_limestone_offset_bricks,dark_limestone,cube_all,
dark_limestone_overlapping_tiles,dark_limestone,cube_all,
dark_limestone_polished,dark_limestone,cube_all,
dark_limestone_prismal_remnants,dark_limestone,cube_all,
dark_limestone_rough,dark_limestone,cube_all,
dark_limestone_rounded_bricks,dark_limestone,cube_all,
dark_limestone_runic_carved,dark_limestone,cube_all,
dark_limestone_sad,dark_limestone,cube_all,
dark_limestone_sanded,dark_limestone,cube_all,
dark_limestone_small_bricks,dark_limestone,cube_all,
dark_limestone_smooth_inlayed,dark_limestone,cube_all,
dark_limestone_smooth_ringed,dark_limestone,cube_all,
dark_limestone_smoothed_double_inlayed,dark_limestone,cube_all,
dark_limestone_spiraled,dark_limestone,cube_all,
dark_limestone_stacked_bricks,dark_limestone,cube_all,
dark_limestone_thick_inlayed,dark_limestone,cube_all,
dark_limestone_tiled_bordered,dark_limestone,cube_all,
dark_limestone_tiled,dark_limestone,cube_all,
dark_limestone_tiny_brick_bordered,dark_limestone,cube_all,
dark_limestone_tiny_bricks,dark_limestone,cube_all,
dark_limestone_tiny_layered_bricks,dark_limestone,cube_all,
dark_limestone_tiny_layered_slabs,dark_limestone,cube_all,
dark_limestone_trodden,dark_limestone,cube_all,
dark_limestone_unamused,dark_limestone,cube_all,
dark_limestone_vertical_cut,dark_limestone,cube_all,
dark_limestone_vertical_disordered_bricks,dark_limestone,cube_all,
dark_limestone_weathered,dark_limestone,cube_all,
dark_oak_planks_basket_woven,dark_oak_planks,cube_all,
dark_oak_planks_boxed,dark_oak_planks,cube_all,
dark_oak_planks_brick_bond,dark_oak_planks,cube_all,
dark_oak_planks_bricky,dark_oak_planks,cube_all,
dark_oak_planks_cornered,dark_oak_planks,cube_all,
dark_oak_planks_crated,dark_oak_planks,cube_all,
dark_oak_planks_cross_laced,dark_oak_planks,cube_all,
dark_oak_planks_crossed,dark_oak_planks,cube_all,
dark_oak_planks_beams,dark_oak_planks,cube_all,
dark_oak_planks_brick_pattern,dark_oak_planks,cube_all,
dark_oak_planks_brick_paving,dark_oak_planks,cube_all,
dark_oak_planks_bricks,dark_oak_planks,cube_all,
dark_oak_planks_crate,dark_oak_planks,cube_all,
dark_oak_planks_diagonal_stripes,dark_oak_planks,cube_all,
dark_oak_planks_diagonal_tiles,dark_oak_planks,cube_all,
dark_oak_planks_dotted,dark_oak_planks,cube_all,
dark_oak_planks_fine_mosaic,dark_oak_planks,cube_all,
dark_oak_planks_flooring,dark_oak_planks,cube_all,
dark_oak_planks_large_tiles,dark_oak_planks,cube_all,
dark_oak_planks_mosaic,dark_oak_planks,cube_all,
dark_oak_planks_panel,dark_oak_planks,cube_all,
dark_oak_planks_pattern,dark_oak_planks,cube_all,
dark_oak_planks_rotated_bricks,dark_oak_planks,cube_all,
dark_oak_planks_shavings,dark_oak_planks,cube_all,
dark_oak_planks_small_bricks,dark_oak_planks,cube_all,
dark_oak_planks_small_tiles,dark_oak_planks,cube_all,
dark_oak_planks_squares,dark_oak_planks,cube_all,
dark_oak_planks_tiles,dark_oak_planks,cube_all,
dark_oak_planks_wavy,dark_oak_planks,cube_all,
dark_oak_planks_woven,dark_oak_planks,cube_all,
dark_oak_planks_detailed,dark_oak_planks,cube_all,
dark_oak_planks_diagonal,dark_oak_planks,cube_all,
dark_oak_planks_diamond,dark_oak_planks,cube_all,
dark_oak_planks_double_herringbone,dark_oak_planks,cube_all,
dark_oak_planks_enclosed,dark_oak_planks,cube_all,
dark_oak_planks_fine,dark_oak_planks,cube_all,
dark_oak_planks_fine_vertical,dark_oak_planks,cube_all,
dark_oak_planks_framed,dark_oak_planks,cube_all,
dark_oak_planks_herringbone,dark_oak_planks,cube_all,
dark_oak_planks_hewn,dark_oak_planks,cube_all,
dark_oak_planks_laced,dark_oak_planks,cube_all,
dark_oak_planks_nailed,dark_oak_planks,cube_all,
dark_oak_planks_natural,dark_oak_planks,cube_all,
dark_oak_planks_pegged,dark_oak_planks,cube_all,
dark_oak_planks_polished,dark_oak_planks,cube_all,
dark_oak_planks_railed,dark_oak_planks,cube_all,
dark_oak_planks_shifted,dark_oak_planks,cube_all,
dark_oak_planks_slanted,dark_oak_planks,cube_all,
dark_oak_planks_smooth,dark_oak_planks,cube_all,
dark_oak_planks_stacked,dark_oak_planks,cube_all,
dark_oak_planks_thin,dark_oak_planks,cube_all,
dark_oak_planks_tiled,dark_oak_planks,cube_all,
dark_oak_planks_versailles,dark_oak_planks,cube_all,
dark_oak_planks_vertical,dark_oak_planks,cube_all,
dark_oak_planks_vertically_railed,dark_oak_planks,cube_all,
dark_oak_planks_whirlwind,dark_oak_planks,cube_all,
dark_oak_planks_wickered,dark_oak_planks,cube_all,
dark_prismarine_angry,dark_prismarine,cube_all,
dark_prismarine_bordered,dark_prismarine,cube_all,
dark_prismarine_brick_bordered,dark_prismarine,cube_all,
dark_prismarine_carved,dark_prismarine,cube_all,
dark_prismarine_checkered_tiles,dark_prismarine,cube_all,
dark_prismarine_cobbled,dark_prismarine,cube_all,
dark_prismarine_cracked_bricks,dark_prismarine,cube_all,
dark_prismarine_cracked_disordered_bricks,dark_prismarine,cube_all,
dark_prismarine_cracked_flat_tiles,dark_prismarine,cube_all,
dark_prismarine_cracked_tiny_tiles,dark_prismarine,cube_all,
dark_prismarine_creeper_carving,dark_prismarine,cube_all,
dark_prismarine_crying,dark_prismarine,cube_all,
dark_prismarine_curly,dark_prismarine,cube_all,
dark_prismarine_cut_blank,dark_prismarine,cube_all,
dark_prismarine_cut_column,dark_prismarine,cube_all,
dark_prismarine_beams,dark_prismarine,cube_all,
dark_prismarine_brick_paving,dark_prismarine,cube_all,
dark_prismarine_bricks,dark_prismarine,cube_all,
dark_prismarine_cobbled_mossy,dark_prismarine,cube_all,
dark_prismarine_diamond_pavers,dark_prismarine,cube_all,
dark_prismarine_dotted,dark_prismarine,cube_all,
dark_prismarine_fabric,dark_prismarine,cube_all,
dark_prismarine_large_bricks,dark_prismarine,cube_all,
dark_prismarine_large_bricks_cracked,dark_prismarine,cube_all,
dark_prismarine_large_bricks_mossy,dark_prismarine,cube_all,
dark_prismarine_large_tiles,dark_prismarine,cube_all,
dark_prismarine_mini_tiles,dark_prismarine,cube_all,
dark_prismarine_rotated_bricks,dark_prismarine,cube_all,
dark_prismarine_rows,dark_prismarine,cube_all,
dark_prismarine_scales,dark_prismarine,cube_all,
dark_prismarine_small_brick,dark_prismarine,cube_all,
dark_prismarine_squares,dark_prismarine,cube_all,
dark_prismarine_tiles,dark_prismarine,cube_all,
dark_prismarine_wavy,dark_prismarine,cube_all,
dark_prismarine_woven,dark_prismarine,cube_all,
dark_prismarine_duh,dark_prismarine,cube_all,
dark_prismarine_edged_bricks,dark_prismarine,cube_all,
dark_prismarine_engraved,dark_prismarine,cube_all,
dark_prismarine_eroded,dark_prismarine,cube_all,
dark_prismarine_etched_bricks,dark_prismarine,cube_all,
dark_prismarine_fine,dark_prismarine,cube_all,
dark_prismarine_flat_tiles,dark_prismarine,cube_all,
dark_prismarine_glad,dark_prismarine,cube_all,
dark_prismarine_inlayed,dark_prismarine,cube_all,
dark_prismarine_inscribed,dark_prismarine,cube_all,
dark_prismarine_layed_bricks,dark_prismarine,cube_all,
dark_prismarine_loded,dark_prismarine,cube_all,
dark_prismarine_mossy_cobbled,dark_prismarine,cube_all,
dark_prismarine_mossy_bricks,dark_prismarine,cube_all,
dark_prismarine_offset_bricks,dark_prismarine,cube_all,
dark_prismarine_ornate,dark_prismarine,cube_all,
dark_prismarine_overlapping_tiles,dark_prismarine,cube_all,
dark_prismarine_polished,dark_prismarine,cube_all,
dark_prismarine_prismal_remnants,dark_prismarine,cube_all,
dark_prismarine_rough,dark_prismarine,cube_all,
dark_prismarine_rounded_bricks,dark_prismarine,cube_all,
dark_prismarine_runic_carved,dark_prismarine,cube_all,
dark_prismarine_sad,dark_prismarine,cube_all,
dark_prismarine_sanded,dark_prismarine,cube_all,
dark_prismarine_simple,dark_prismarine,cube_all,
dark_prismarine_small_bricks,dark_prismarine,cube_all,
dark_prismarine_smooth_column,dark_prismarine,cube_all,
dark_prismarine_smooth_inlayed,dark_prismarine,cube_all,
dark_prismarine_smooth_ringed,dark_prismarine,cube_all,
dark_prismarine_smoothed_double_inlayed,dark_prismarine,cube_all,
dark_prismarine_spiraled,dark_prismarine,cube_all,
dark_prismarine_stacked_bricks,dark_prismarine,cube_all,
dark_prismarine_thick_inlayed,dark_prismarine,cube_all,
dark_prismarine_tiled_bordered,dark_prismarine,cube_all,
dark_prismarine_tiled,dark_prismarine,cube_all,
dark_prismarine_tiled_column,dark_prismarine,cube_all,
dark_prismarine_tiny_brick_bordered,dark_prismarine,cube_all,
dark_prismarine_tiny_bricks,dark_prismarine,cube_all,
dark_prismarine_tiny_layered_bricks,dark_prismarine,cube_all,
dark_prismarine_tiny_layered_slabs,dark_prismarine,cube_all,
dark_prismarine_trodden,dark_prismarine,cube_all,
dark_prismarine_unamused,dark_prismarine,cube_all,
dark_prismarine_vertical_cut,dark_prismarine,cube_all,
dark_prismarine_vertical_disordered_bricks,dark_prismarine,cube_all,
dark_prismarine_weathered,dark_prismarine,cube_all,
deepslate_angry,deepslate,cube_all,
deepslate_bordered,deepslate,cube_all,
deepslate_brick_bordered,deepslate,cube_all,
deepslate_carved,deepslate,cube_all,
deepslate_checkered_tiles,deepslate,cube_all,
deepslate_cracked_disordered_bricks,deepslate,cube_all,
deepslate_cracked_flat_tiles,deepslate,cube_all,
deepslate_creeper_carving,deepslate,cube_all,
deepslate_crying,deepslate,cube_all,
deepslate_curly,deepslate,cube_all,
deepslate_cut_blank,deepslate,cube_all,
deepslate_cut_column,deepslate,cube_all,
deepslate_cut_polished,deepslate,cube_all,
deepslate_cut_small_brick,deepslate,cube_all,
deepslate_mini_tiles,deepslate,cube_all,
deepslate_scales,deepslate,cube_all,
deepslate_duh,deepslate,cube_all,
deepslate_edged_bricks,deepslate,cube_all,
deepslate_engraved,deepslate,cube_all,
deepslate_eroded,deepslate,cube_all,
deepslate_etched_bricks,deepslate,cube_all,
deepslate_fine,deepslate,cube_all,
deepslate_flat_tiles,deepslate,cube_all,
deepslate_glad,deepslate,cube_all,
deepslate_inlayed,deepslate,cube_all,
deepslate_inscribed,deepslate,cube_all,
deepslate_layed_bricks,deepslate,cube_all,
deepslate_layerd_bricks,deepslate,cube_all,
deepslate_loded,deepslate,cube_all,
deepslate_mossy_cobbled,deepslate,cube_all,
deepslate_mossy_bricks,deepslate,cube_all,
deepslate_offset_basalt,deepslate,cube_all,
deepslate_offset_bricks,deepslate,cube_all,
deepslate_ornate,deepslate,cube_all,
deepslate_overlapping_tiles,deepslate,cube_all,
deepslate_polished,deepslate,cube_all,
deepslate_prismal_remnants,deepslate,cube_all,
deepslate_rough,deepslate,cube_all,
deepslate_rounded_bricks,deepslate,cube_all,
deepslate_runic_carved,deepslate,cube_all,
deepslate_sad,deepslate,cube_all,
deepslate_sanded,deepslate,cube_all,
deepslate_simple,deepslate,cube_all,
deepslate_small_bricks,deepslate,cube_all,
deepslate_smooth_column,deepslate,cube_all,
deepslate_smooth_inlayed,deepslate,cube_all,
deepslate_smooth_ringed,deepslate,cube_all,
deepslate_smoothed_double_inlayed,deepslate,cube_all,
deepslate_spiraled,deepslate,cube_all,
deepslate_stacked_bricks,deepslate,cube_all,
deepslate_thick_inlayed,deepslate,cube_all,
deepslate_tiled_bordered,deepslate,cube_all,
deepslate_tiled,deepslate,cube_all,
deepslate_tiled_column,deepslate,cube_all,
deepslate_tiny_brick_bordered,deepslate,cube_all,
deepslate_tiny_bricks,deepslate,cube_all,
deepslate_tiny_layered_bricks,deepslate,cube_all,
deepslate_tiny_layered_slabs,deepslate,cube_all,
deepslate_trodden,deepslate,cube_all,
deepslate_unamused,deepslate,cube_all,
deepslate_vertical_cut,deepslate,cube_all,
deepslate_vertical_disordered_bricks,deepslate,cube_all,
deepslate_weathered,deepslate,cube_all,
diamond_block,diamond,cube_all,
diamond_block_chiseled,diamond,cube_all,
diamond_block_chiseled_cubes,diamond,cube_all,
diamond_block_connecting,diamond,cube_all,
diamond_block_grid,diamond,cube_all,
diamond_block_jewel_block,diamond,cube_all,
diamond_block_polished,diamond,cube_all,
diamond_block_rhombuses,diamond,cube_all,
diamond_block_shiny_bordered,diamond,cube_all,
diamond_block_small_tiles,diamond,cube_all,
diamond_block_ancient,diamond_block,cube_all,
diamond_block_chipped,diamond_block,cube_all,
diamond_block_diagonal_tiles,diamond_block,cube_all,
diamond_block_panels,diamond_block,cube_all,
diamond_block_shiny,diamond_block,cube_all,
diamond_block_smooth,diamond_block,cube_all,
diamond_block_embossed,diamond_block,cube_all,
diamond_block_engraved,diamond_block,cube_all,
diamond_block_layered,diamond_block,cube_all,
diamond_block_plated,diamond_block,cube_all,
diamond_block_pressed,diamond_block,cube_all,
diamond_block_reinforced,diamond_block,cube_all,
diamond_block_sheet,diamond_block,cube_all,
diamond_block_shuttered,diamond_block,cube_all,
diamond_block_stacked,diamond_block,cube_all,
diorite_angry,diorite,cube_all,
diorite_bordered,diorite,cube_all,
diorite_brick_bordered,diorite,cube_all,
diorite_carved,diorite,cube_all,
diorite_checkered_tiles,diorite,cube_all,
diorite_cobbled,diorite,cube_all,
diorite_cracked_bricks,diorite,cube_all,
diorite_cracked_disordered_bricks,diorite,cube_all,
diorite_cracked_flat_tiles,diorite,cube_all,
diorite_cracked_tiny_tiles,diorite,cube_all,
diorite_creeper_carving,diorite,cube_all,
diorite_crying,diorite,cube_all,
diorite_curly,diorite,cube_all,
diorite_cut_blank,diorite,cube_all,
diorite_cut_column,diorite,cube_all,
diorite_brick_pattern,diorite,cube_all,
diorite_brick_paving,diorite,cube_all,
diorite_bricks,diorite,cube_all,
diorite_cobbled_mossy,diorite,cube_all,
diorite_cut_polished,diorite,cube_all,
diorite_cut_small_brick,diorite,cube_all,
diorite_diagonal_bricks,diorite,cube_all,
diorite_diamond_pavers,diorite,cube_all,
diorite_dotted,diorite,cube_all,
diorite_large_bricks,diorite,cube_all,
diorite_large_bricks_cracked,diorite,cube_all,
diorite_large_bricks_mossy,diorite,cube_all,
diorite_mini_tiles,diorite,cube_all,
diorite_paving,diorite,cube_all,
diorite_polished,diorite,cube_all,
diorite_rotated_bricks,diorite,cube_all,
diorite_scales,diorite,cube_all,
diorite_small_brick,diorite,cube_all,
diorite_squares,diorite,cube_all,
diorite_tiles,diorite,cube_all,
diorite_wavy,diorite,cube_all,
diorite_duh,diorite,cube_all,
diorite_edged_bricks,diorite,cube_all,
diorite_engraved,diorite,cube_all,
diorite_eroded,diorite,cube_all,
diorite_etched_bricks,diorite,cube_all,
diorite_fine,diorite,cube_all,
diorite_flat_tiles,diorite,cube_all,
diorite_glad,diorite,cube_all,
diorite_inlayed,diorite,cube_all,
diorite_inscribed,diorite,cube_all,
diorite_layed_bricks,diorite,cube_all,
diorite_loded,diorite,cube_all,
diorite_mossy_cobbled,diorite,cube_all,
diorite_mossy_bricks,diorite,cube_all,
diorite_offset_bricks,diorite,cube_all,
diorite_ornate,diorite,cube_all,
diorite_overlapping_tiles,diorite,cube_all,
diorite_polished,diorite,cube_all,
diorite_prismal_remnants,diorite,cube_all,
diorite_rough,diorite,cube_all,
diorite_rounded_bricks,diorite,cube_all,
diorite_runic_carved,diorite,cube_all,
diorite_sad,diorite,cube_all,
diorite_sanded,diorite,cube_all,
diorite_simple,diorite,cube_all,
diorite_small_bricks,diorite,cube_all,
diorite_smooth_column,diorite,cube_all,
diorite_smooth_inlayed,diorite,cube_all,
diorite_smooth_ringed,diorite,cube_all,
diorite_smoothed_double_inlayed,diorite,cube_all,
diorite_spiraled,diorite,cube_all,
diorite_stacked_bricks,diorite,cube_all,
diorite_thick_inlayed,diorite,cube_all,
diorite_tiled_bordered,diorite,cube_all,
diorite_tiled,diorite,cube_all,
diorite_tiled_column,diorite,cube_all,
diorite_tiny_brick_bordered,diorite,cube_all,
diorite_tiny_bricks,diorite,cube_all,
diorite_tiny_layered_bricks,diorite,cube_all,
diorite_tiny_layered_slabs,diorite,cube_all,
diorite_trodden,diorite,cube_all,
diorite_unamused,diorite,cube_all,
diorite_vertical_cut,diorite,cube_all,
diorite_vertical_disordered_bricks,diorite,cube_all,
diorite_weathered,diorite,cube_all,
dirt_angry,dirt,cube_all,
dirt_bordered,dirt,cube_all,
dirt_brick_bordered,dirt,cube_all,
dirt_carved,dirt,cube_all,
dirt_checkered_tiles,dirt,cube_all,
dirt_cobbled,dirt,cube_all,
dirt_cracked_bricks,dirt,cube_all,
dirt_cracked_disordered_bricks,dirt,cube_all,
dirt_cracked_flat_tiles,dirt,cube_all,
dirt_creeper_carving,dirt,cube_all,
dirt_crying,dirt,cube_all,
dirt_curly,dirt,cube_all,
dirt_cut_blank,dirt,cube_all,
dirt_cut_column,dirt,cube_all,
dirt_blobs,dirt,cube_all,
dirt_bricks,dirt,cube_all,
dirt_chunks,dirt,cube_all,
dirt_clumps,dirt,cube_all,
dirt_cobbled,dirt,cube_all,
dirt_grooves,dirt,cube_all,
dirt_large_tiles,dirt,cube_all,
dirt_mini_tiles,dirt,cube_all,
dirt_muddy,dirt,cube_all,
dirt_scales,dirt,cube_all,
dirt_small_bricks,dirt,cube_all,
dirt_small_tiles,dirt,cube_all,
dirt_smooth_clumps,dirt,cube_all,
dirt_soil,dirt,cube_all,
dirt_squares,dirt,cube_all,
dirt_tiles,dirt,cube_all,
dirt_tilled,dirt,cube_all,
dirt_duh,dirt,cube_all,
dirt_edged_bricks,dirt,cube_all,
dirt_engraved,dirt,cube_all,
dirt_eroded,dirt,cube_all,
dirt_etched_bricks,dirt,cube_all,
dirt_fine,dirt,cube_all,
dirt_flat_tiles,dirt,cube_all,
dirt_glad,dirt,cube_all,
dirt_inlayed,dirt,cube_all,
dirt_inscribed,dirt,cube_all,
dirt_layed_bricks,dirt,cube_all,
dirt_loded,dirt,cube_all,
dirt_offset_bricks,dirt,cube_all,
dirt_ornate,dirt,cube_all,
dirt_overlapping_tiles,dirt,cube_all,
dirt_polished,dirt,cube_all,
dirt_prismal_remnants,dirt,cube_all,
dirt_rough,dirt,cube_all,
dirt_rounded_bricks,dirt,cube_all,
dirt_runic_carved,dirt,cube_all,
dirt_sad,dirt,cube_all,
dirt_sanded,dirt,cube_all,
dirt_simple,dirt,cube_all,
dirt_small_bricks,dirt,cube_all,
dirt_smooth_column,dirt,cube_all,
dirt_smooth_inlayed,dirt,cube_all,
dirt_smooth_ringed,dirt,cube_all,
dirt_smoothed_double_inlayed,dirt,cube_all,
dirt_spiraled,dirt,cube_all,
dirt_stacked_bricks,dirt,cube_all,
dirt_thick_inlayed,dirt,cube_all,
dirt_tiled_bordered,dirt,cube_all,
dirt_tiled,dirt,cube_all,
dirt_tiled_column,dirt,cube_all,
dirt_tiny_brick_bordered,dirt,cube_all,
dirt_tiny_bricks,dirt,cube_all,
dirt_tiny_layered_bricks,dirt,cube_all,
dirt_tiny_layered_slabs,dirt,cube_all,
dirt_trodden,dirt,cube_all,
dirt_unamused,dirt,cube_all,
dirt_vertical_cut,dirt,cube_all,
dirt_vertical_disordered_bricks,dirt,cube_all,
dirt_weathered,dirt,cube_all,
dripstone_block_angry,dripstone_block,cube_all,
dripstone_block_bordered,dripstone_block,cube_all,
dripstone_block_brick_bordered,dripstone_block,cube_all,
dripstone_block_carved,dripstone_block,cube_all,
dripstone_block_checkered_tiles,dripstone_block,cube_all,
dripstone_block_cobbled,dripstone_block,cube_all,
dripstone_block_cracked_disordered_bricks,dripstone_block,cube_all,
dripstone_block_cracked_bricks,dripstone_block,cube_all,
dripstone_block_cracked_flat_tiles,dripstone_block,cube_all,
dripstone_block_creeper_carving,dripstone_block,cube_all,
dripstone_block_crying,dripstone_block,cube_all,
dripstone_block_curly,dripstone_block,cube_all,
dripstone_block_cut_blank,dripstone_block,cube_all,
dripstone_block_cut_column,dripstone_block,cube_all,
dripstone_block_bricks,dripstone_block,cube_all,
dripstone_block_mini_tiles,dripstone_block,cube_all,
dripstone_block_scales,dripstone_block,cube_all,
dripstone_cut_polished,dripstone_block,cube_all,
dripstone_cut_small_brick,dripstone_block,cube_all,
dripstone_block_duh,dripstone_block,cube_all,
dripstone_block_edged_bricks,dripstone_block,cube_all,
dripstone_block_engraved,dripstone_block,cube_all,
dripstone_block_eroded,dripstone_block,cube_all,
dripstone_block_etched_bricks,dripstone_block,cube_all,
dripstone_block_fine,dripstone_block,cube_all,
dripstone_block_flat_tiles,dripstone_block,cube_all,
dripstone_block_glad,dripstone_block,cube_all,
dripstone_block_inlayed,dripstone_block,cube_all,
dripstone_block_inscribed,dripstone_block,cube_all,
dripstone_block_layed_bricks,dripstone_block,cube_all,
dripstone_block_loded,dripstone_block,cube_all,
dripstone_block_offset_bricks,dripstone_block,cube_all,
dripstone_block_ornate,dripstone_block,cube_all,
dripstone_block_overlapping_tiles,dripstone_block,cube_all,
polished_dripstone,dripstone_block,cube_all,
dripstone_block_prismal_remnants,dripstone_block,cube_all,
dripstone_block_rough,dripstone_block,cube_all,
dripstone_block_rounded_bricks,dripstone_block,cube_all,
dripstone_block_runic_carved,dripstone_block,cube_all,
dripstone_block_sad,dripstone_block,cube_all,
dripstone_block_sanded,dripstone_block,cube_all,
dripstone_block_simple,dripstone_block,cube_all,
dripstone_block_small_bricks,dripstone_block,cube_all,
dripstone_block_smooth_column,dripstone_block,cube_all,
dripstone_block_smooth_inlayed,dripstone_block,cube_all,
dripstone_block_smooth_ringed,dripstone_block,cube_all,
dripstone_block_smoothed_double_inlayed,dripstone_block,cube_all,
dripstone_block_spiraled,dripstone_block,cube_all,
dripstone_block_stacked_bricks,dripstone_block,cube_all,
dripstone_block_thick_inlayed,dripstone_block,cube_all,
dripstone_block_tiled_bordered,dripstone_block,cube_all,
dripstone_block_tiled,dripstone_block,cube_all,
dripstone_block_tiled_column,dripstone_block,cube_all,
dripstone_block_tiny_brick_bordered,dripstone_block,cube_all,
dripstone_block_tiny_bricks,dripstone_block,cube_all,
dripstone_block_tiny_layered_bricks,dripstone_block,cube_all,
dripstone_block_tiny_layered_slabs,dripstone_block,cube_all,
dripstone_block_trodden,dripstone_block,cube_all,
dripstone_block_unamused,dripstone_block,cube_all,
dripstone_block_vertical_cut,dripstone_block,cube_all,
dripstone_block_vertical_disordered_bricks,dripstone_block,cube_all,
dripstone_block_weathered,dripstone_block,cube_all,
emerald_block_ancient,emerald_block,cube_all,
emerald_block_chipped,emerald_block,cube_all,
emerald_block_embossed,emerald_block,cube_all,
emerald_block_bordered_crosses,emerald_block,cube_all,
emerald_block_bordered_plating,emerald_block,cube_all,
emerald_block_chiseled,emerald_block,cube_all,
emerald_block_clovers,emerald_block,cube_all,
emerald_block_crosses,emerald_block,cube_all,
emerald_block_crystal,emerald_block,cube_all,
emerald_block_panels,emerald_block,cube_all,
emerald_block_patterned,emerald_block,cube_all,
emerald_block_patterned_squares,emerald_block,cube_all,
emerald_block_plating,emerald_block,cube_all,
emerald_block_polished,emerald_block,cube_all,
emerald_block_smooth,emerald_block,cube_all,
emerald_block_striped,emerald_block,cube_all,
emerald_block_waxed,emerald_block,cube_all,
emerald_block_engraved,emerald_block,cube_all,
emerald_block_layered,emerald_block,cube_all,
emerald_block_plated,emerald_block,cube_all,
emerald_block_polished,emerald_block,cube_all,
emerald_block_pressed,emerald_block,cube_all,
emerald_block_reinforced,emerald_block,cube_all,
emerald_block_sheet,emerald_block,cube_all,
emerald_block_shuttered,emerald_block,cube_all,
emerald_block_stacked,emerald_block,cube_all,
end_stone_angry,end_stone,cube_all,
end_stone_bordered,end_stone,cube_all,
end_stone_brick_bordered,end_stone,cube_all,
end_stone_carved,end_stone,cube_all,
end_stone_checkered_tiles,end_stone,cube_all,
end_stone_cobbled,end_stone,cube_all,
end_stone_cracked_disordered_bricks,end_stone,cube_all,
end_stone_cracked_bricks,end_stone,cube_all,
end_stone_cracked_flat_tiles,end_stone,cube_all,
end_stone_cracked_tiny_tiles,end_stone,cube_all,
end_stone_creeper_carving,end_stone,cube_all,
end_stone_crying,end_stone,cube_all,
end_stone_curly,end_stone,cube_all,
end_stone_cut_blank,end_stone,cube_all,
end_stone_cut_column,end_stone,cube_all,
end_stone_duh,end_stone,cube_all,
end_stone_edged_bricks,end_stone,cube_all,
end_stone_blobs,end_stone,cube_all,
end_stone_brick_pattern,end_stone,cube_all,
end_stone_brick_paving,end_stone,cube_all,
end_stone_bricks,end_stone,cube_all,
end_stone_chiseled,end_stone,cube_all,
end_stone_crushed,end_stone,cube_all,
end_stone_diagonal_bricks,end_stone,cube_all,
end_stone_diamond_pavers,end_stone,cube_all,
end_stone_mesh,end_stone,cube_all,
end_stone_mini_tiles,end_stone,cube_all,
end_stone_paving,end_stone,cube_all,
end_stone_rotated_bricks,end_stone,cube_all,
end_stone_scales,end_stone,cube_all,
end_stone_small_tiles,end_stone,cube_all,
end_stone_spiral_pattern,end_stone,cube_all,
end_stone_squares,end_stone,cube_all,
end_stone_tiles,end_stone,cube_all,
end_stone_engraved,end_stone,cube_all,
end_stone_eroded,end_stone,cube_all,
end_stone_etched_bricks,end_stone,cube_all,
end_stone_fine,end_stone,cube_all,
end_stone_flat_tiles,end_stone,cube_all,
end_stone_glad,end_stone,cube_all,
end_stone_inlayed,end_stone,cube_all,
end_stone_inscribed,end_stone,cube_all,
end_stone_layed_bricks,end_stone,cube_all,
end_stone_loded,end_stone,cube_all,
end_stone_mossy_cobbled,end_stone,cube_all,
end_stone_mossy_bricks,end_stone,cube_all,
end_stone_offset_bricks,end_stone,cube_all,
end_stone_ornate,end_stone,cube_all,
end_stone_overlapping_tiles,end_stone,cube_all,
end_stone_polished,end_stone,cube_all,
end_stone_prismal_remnants,end_stone,cube_all,
end_stone_rough,end_stone,cube_all,
end_stone_rounded_bricks,end_stone,cube_all,
end_stone_runic_carved,end_stone,cube_all,
end_stone_sad,end_stone,cube_all,
end_stone_sanded,end_stone,cube_all,
end_stone_simple,end_stone,cube_all,
end_stone_small_bricks,end_stone,cube_all,
end_stone_smooth_column,end_stone,cube_all,
end_stone_smooth_inlayed,end_stone,cube_all,
end_stone_smooth_ringed,end_stone,cube_all,
end_stone_smoothed_double_inlayed,end_stone,cube_all,
end_stone_spiraled,end_stone,cube_all,
end_stone_stacked_bricks,end_stone,cube_all,
end_stone_thick_inlayed,end_stone,cube_all,
end_stone_tiled_bordered,end_stone,cube_all,
end_stone_tiled,end_stone,cube_all,
end_stone_tiled_column,end_stone,cube_all,
end_stone_tiny_brick_bordered,end_stone,cube_all,
end_stone_tiny_bricks,end_stone,cube_all,
end_stone_tiny_layered_bricks,end_stone,cube_all,
end_stone_tiny_layered_slabs,end_stone,cube_all,
end_stone_trodden,end_stone,cube_all,
end_stone_unamused,end_stone,cube_all,
end_stone_vertical_cut,end_stone,cube_all,
end_stone_vertical_disordered_bricks,end_stone,cube_all,
end_stone_weathered,end_stone,cube_all,
exposed_copper_block,exposed_copper,cube_all,
exposed_copper_grate,exposed_copper,cube_all,cutout
gilded_blackstone_ancient,gilded_blackstone,cube_all,
gilded_blackstone_angry,gilded_blackstone,cube_all,
gilded_blackstone_bordered,gilded_blackstone,cube_all,
gilded_blackstone_brick_bordered,gilded_blackstone,cube_all,
gilded_blackstone_carved,gilded_blackstone,cube_all,
gilded_blackstone_checkered_tiles,gilded_blackstone,cube_all,
gilded_blackstone_chunky,gilded_blackstone,cube_all,
gilded_blackstone_cobbled,gilded_blackstone,cube_all,
gilded_blackstone_cracked_disordered_bricks,gilded_blackstone,cube_all,
gilded_blackstone_cracked_flat_tiles,gilded_blackstone,cube_all,
gilded_blackstone_cracked_bricks,gilded_blackstone,cube_all,
gilded_blackstone_creeper_carving,gilded_blackstone,cube_all,
gilded_blackstone_crying,gilded_blackstone,cube_all,
gilded_blackstone_curly,gilded_blackstone,cube_all,
gilded_blackstone_cut_blank,gilded_blackstone,cube_all,
gilded_blackstone_cut_column,gilded_blackstone,cube_all,
gilded_blackstone_duh,gilded_blackstone,cube_all,
gilded_blackstone_edged_bricks,gilded_blackstone,cube_all,
gilded_blackstone_engraved,gilded_blackstone,cube_all,
gilded_blackstone_eroded,gilded_blackstone,cube_all,
gilded_blackstone_etched_bricks,gilded_blackstone,cube_all,
gilded_blackstone_fine,gilded_blackstone,cube_all,
gilded_blackstone_flat_tiles,gilded_blackstone,cube_all,
gilded_blackstone_bricks,gilded_blackstone,cube_all,
gilded_blackstone_mini_tiles,gilded_blackstone,cube_all,
gilded_blackstone_scales,gilded_blackstone,cube_all,
gilded_blackstone_glad,gilded_blackstone,cube_all,
gilded_blackstone_inlayed,gilded_blackstone,cube_all,
gilded_blackstone_inscribed,gilded_blackstone,cube_all,
gilded_blackstone_layed_bricks,gilded_blackstone,cube_all,
gilded_blackstone_loded,gilded_blackstone,cube_all,
gilded_blackstone_offset_bricks,gilded_blackstone,cube_all,
gilded_blackstone_ornate,gilded_blackstone,cube_all,
gilded_blackstone_overlapping_tiles,gilded_blackstone,cube_all,
gilded_blackstone_polished,gilded_blackstone,cube_all,
gilded_blackstone_prismal_remnants,gilded_blackstone,cube_all,
gilded_blackstone_reinforced,gilded_blackstone,cube_all,
gilded_blackstone_rough,gilded_blackstone,cube_all,
gilded_blackstone_rounded_bricks,gilded_blackstone,cube_all,
gilded_blackstone_runic_carved,gilded_blackstone,cube_all,
gilded_blackstone_sad,gilded_blackstone,cube_all,
gilded_blackstone_sanded,gilded_blackstone,cube_all,
gilded_blackstone_simple,gilded_blackstone,cube_all,
gilded_blackstone_small_bricks,gilded_blackstone,cube_all,
gilded_blackstone_smooth_column,gilded_blackstone,cube_all,
gilded_blackstone_smooth_inlayed,gilded_blackstone,cube_all,
gilded_blackstone_smooth_ringed,gilded_blackstone,cube_all,
gilded_blackstone_smoothed_double_inlayed,gilded_blackstone,cube_all,
gilded_blackstone_special,gilded_blackstone,cube_all,
gilded_blackstone_spiral,gilded_blackstone,cube_all,
gilded_blackstone_spiraled,gilded_blackstone,cube_all,
gilded_blackstone_stacked_bricks,gilded_blackstone,cube_all,
gilded_blackstone_thick_inlayed,gilded_blackstone,cube_all,
gilded_blackstone_tiled_bordered,gilded_blackstone,cube_all,
gilded_blackstone_tiled,gilded_blackstone,cube_all,
gilded_blackstone_tiled_column,gilded_blackstone,cube_all,
gilded_blackstone_tiny_brick_bordered,gilded_blackstone,cube_all,
gilded_blackstone_tiny_bricks,gilded_blackstone,cube_all,
gilded_blackstone_tiny_layered_bricks,gilded_blackstone,cube_all,
gilded_blackstone_tiny_layered_slabs,gilded_blackstone,cube_all,
gilded_blackstone_trodden,gilded_blackstone,cube_all,
gilded_blackstone_unamused,gilded_blackstone,cube_all,
gilded_blackstone_vertical_cut,gilded_blackstone,cube_all,
gilded_blackstone_vertical_disordered_bricks,gilded_blackstone,cube_all,
gilded_blackstone_weathered,gilded_blackstone,cube_all,
glass_chiseled,glass,glass,translucent
glass_clear,glass,glass,translucent
glass_dirty,glass,glass,translucent
glass_framed,glass,glass,translucent
glass_frosted,glass,glass,translucent
glass,glass,glass,translucent
glass_reinforced,glass,glass,translucent
glass_scratched,glass,glass,translucent
glass_tinted_clear,glass,glass,translucent
glass_tinted,glass,glass,translucent
glowstone_brick_pattern,glowstone,cube_all,
glowstone_brick_paving,glowstone,cube_all,
glowstone_bricks,glowstone,cube_all,
glowstone_crushed,glowstone,cube_all,
glowstone_large_tiles,glowstone,cube_all,
glowstone_rotated_bricks,glowstone,cube_all,
glowstone_small_tiles,glowstone,cube_all,
glowstone_smooth,glowstone,cube_all,
glowstone_tiles,glowstone,cube_all,
gold_block_ancient,gold_block,cube_all,
gold_block_chipped,gold_block,cube_all,
gold_block_embossed,gold_block,cube_all,
gold_block_engraved,gold_block,cube_all,
gold_block,gold_block,cube_all,
gold_block_beams,gold_block,cube_all,
gold_block_bordered,gold_block,cube_all,
gold_block_lines,gold_block,cube_all,
gold_block_panels,gold_block,cube_all,
gold_block_pattern,gold_block,cube_all,
gold_block_polished,gold_block,cube_all,
gold_block_scales,gold_block,cube_all,
gold_block_small_bricks,gold_block,cube_all,
gold_block_small_tiles,gold_block,cube_all,
gold_block_smooth,gold_block,cube_all,
gold_block_striped,gold_block,cube_all,
gold_block_tiles,gold_block,cube_all,
gold_block_layered,gold_block,cube_all,
gold_block_plated,gold_block,cube_all,
gold_block_pressed,gold_block,cube_all,
gold_block_reinforced,gold_block,cube_all,
gold_block_sheet,gold_block,cube_all,
gold_block_shuttered,gold_block,cube_all,
gold_block_stacked,gold_block,cube_all,
golden_framed_black_stained_glass,golden_framed_glass,glass,translucent
golden_framed_blue_stained_glass,golden_framed_glass,glass,translucent
golden_framed_brown_stained_glass,golden_framed_glass,glass,translucent
golden_framed_cyan_stained_glass,golden_framed_glass,glass,translucent
golden_framed_gray_stained_glass,golden_framed_glass,glass,translucent
golden_framed_green_stained_glass,golden_framed_glass,glass,translucent
golden_framed_light_blue_stained_glass,golden_framed_glass,glass,translucent
golden_framed_light_gray_stained_glass,golden_framed_glass,glass,translucent
golden_framed_lime_stained_glass,golden_framed_glass,glass,translucent
golden_framed_magenta_stained_glass,golden_framed_glass,glass,translucent
golden_framed_orange_stained_glass,golden_framed_glass,glass,translucent
golden_framed_pink_stained_glass,golden_framed_glass,glass,translucent
golden_framed_purple_stained_glass,golden_framed_glass,glass,translucent
golden_framed_red_stained_glass,golden_framed_glass,glass,translucent
golden_framed_stained_glass,golden_framed_glass,glass,translucent
golden_framed_white_stained_glass,golden_framed_glass,glass,translucent
golden_framed_yellow_stained_glass,golden_framed_glass,glass,translucent
granite_angry,granite,cube_all,
granite_bordered,granite,cube_all,
granite_brick_bordered,granite,cube_all,
granite_carved,granite,cube_all,
granite_checkered_tiles,granite,cube_all,
granite_cobbled,granite,cube_all,
granite_cracked_disordered_bricks,granite,cube_all,
granite_cracked_flat_tiles,granite,cube_all,
granite_cracked_bricks,granite,cube_all,
granite_cracked_tiny_tiles,granite,cube_all,
granite_creeper_carving,granite,cube_all,
granite_crying,granite,cube_all,
granite_curly,granite,cube_all,
granite_cut_blank,granite,cube_all,
granite_cut_column,granite,cube_all,
granite_duh,granite,cube_all,
granite_edged_bricks,granite,cube_all,
granite_engraved,granite,cube_all,
granite_eroded,granite,cube_all,
granite_etched_bricks,granite,cube_all,
granite_fine,granite,cube_all,
granite_flat_tiles,granite,cube_all,
granite_glad,granite,cube_all,
granite_brick_pattern,granite,cube_all,
granite_brick_paving,granite,cube_all,
granite_bricks,granite,cube_all,
granite_cut_polished,granite,cube_all,
granite_cut_small_brick,granite,cube_all,
granite_diagonal_bricks,granite,cube_all,
granite_diamond_pavers,granite,cube_all,
granite_dotted,granite,cube_all,
granite_large_bricks,granite,cube_all,
granite_large_bricks_cracked,granite,cube_all,
granite_mini_tiles,granite,cube_all,
granite_paving,granite,cube_all,
granite_polished,granite,cube_all,
granite_prismarine,granite,cube_all,
granite_rotated_bricks,granite,cube_all,
granite_scales,granite,cube_all,
granite_squares,granite,cube_all,
granite_tiles,granite,cube_all,
granite_wavy,granite,cube_all,
granite_inlayed,granite,cube_all,
granite_inscribed,granite,cube_all,
granite_layed_bricks,granite,cube_all,
granite_loded,granite,cube_all,
granite_mossy_cobbled,granite,cube_all,
granite_mossy_bricks,granite,cube_all,
granite_mossy_large_bricks,granite,cube_all,
granite_offset_bricks,granite,cube_all,
granite_ornate,granite,cube_all,
granite_overlapping_tiles,granite,cube_all,
granite_polished,granite,cube_all,
granite_prismal_remnants,granite,cube_all,
granite_rough,granite,cube_all,
granite_rounded_bricks,granite,cube_all,
granite_runic_carved,granite,cube_all,
granite_sad,granite,cube_all,
granite_sanded,granite,cube_all,
granite_simple,granite,cube_all,
granite_small_bricks,granite,cube_all,
granite_smooth_column,granite,cube_all,
granite_smooth_inlayed,granite,cube_all,
granite_smooth_ringed,granite,cube_all,
granite_smoothed_double_inlayed,granite,cube_all,
granite_spiraled,granite,cube_all,
granite_stacked_bricks,granite,cube_all,
granite_thick_inlayed,granite,cube_all,
granite_tiled_bordered,granite,cube_all,
granite_tiled,granite,cube_all,
granite_tiled_column,granite,cube_all,
granite_tiny_brick_bordered,granite,cube_all,
granite_tiny_bricks,granite,cube_all,
granite_tiny_layered_bricks,granite,cube_all,
granite_tiny_layered_slabs,granite,cube_all,
granite_trodden,granite,cube_all,
granite_unamused,granite,cube_all,
granite_vertical_cut,granite,cube_all,
granite_vertical_disordered_bricks,granite,cube_all,
granite_weathered,granite,cube_all,
gravel_andesite,gravel,cube_all,
gravel_dirty,gravel,cube_all,
gravel_dusty,gravel,cube_all,
gravel_orange,gravel,cube_all,
gravel_rought,gravel,cube_all,
gravel_sandy,gravel,cube_all,
gravel_sifted,gravel,cube_all,
gray_concrete_bolted,gray_concrete,cube_all,
gray_concrete_creeper,gray_concrete,cube_all,
gray_concrete,gray_concrete,cube_all,
gray_concrete_bricks,gray_concrete,cube_all,
gray_concrete_panel,gray_concrete,cube_all,
gray_concrete_tiles,gray_concrete,cube_all,
gray_concrete_grid,gray_concrete,cube_all,
gray_concrete_grill,gray_concrete,cube_all,
gray_concrete_hazard,gray_concrete,cube_all,
gray_concrete_mosaic,gray_concrete,cube_all,
gray_concrete_pegged,gray_concrete,cube_all,
gray_concrete_railed,gray_concrete,cube_all,
gray_concrete_reinforced,gray_concrete,cube_all,
gray_concrete_rusted,gray_concrete,cube_all,
gray_concrete_smooth,gray_concrete,cube_all,
gray_concrete_stacked,gray_concrete,cube_all,
gray_concrete_stop,gray_concrete,cube_all,
gray_concrete_striped,gray_concrete,cube_all,
gray_concrete_warning,gray_concrete,cube_all,
gray_concrete_wired,gray_concrete,cube_all,
gray_glazed_terracotta_decorated,gray_glazed_terracotta,cube_all,
gray_glazed_terracotta_pillar_sides,gray_glazed_terracotta,cube_all,
gray_glazed_terracotta_pillar_top,gray_glazed_terracotta,cube_all,
gray_glazed_terracotta_smooth_tiles,gray_glazed_terracotta,cube_all,
gray_glazed_terracotta_tiles,gray_glazed_terracotta,cube_all,
gray_glazed_terracotta_hexagonical,gray_glazed_terracotta,cube_all,
gray_glazed_terracotta_minimized,gray_glazed_terracotta,cube_all,
gray_glazed_terracotta_paved,gray_glazed_terracotta,cube_all,
gray_glazed_terracotta_shrunken,gray_glazed_terracotta,cube_all,
gray_glazed_terracotta_starry,gray_glazed_terracotta,cube_all,
gray_glazed_terracotta_waved,gray_glazed_terracotta,cube_all,
gray_glazed_terracotta_fancy,gray_glazed_terracotta,cube_all,
gray_framed_glass,gray_stained_glass,glass,translucent
gray_stained_clear_glass,gray_stained_glass,glass,translucent
gray_stained_glass,gray_stained_glass,glass,translucent
scratched_glass_gray,gray_stained_glass,glass,translucent
gray_terracotta_chiseled,gray_terracotta,cube_all,
gray_terracotta_chiseled_bricks,gray_terracotta,cube_all,
gray_terracotta_crossed,gray_terracotta,cube_all,
gray_terracotta_curled,gray_terracotta,cube_all,
gray_terracotta_cut,gray_terracotta,cube_all,
gray_terracotta_decorated,gray_terracotta,cube_all,
gray_terracotta,gray_terracotta,cube_all,
gray_terracotta_bricks,gray_terracotta,cube_all,
gray_terracotta_column,gray_terracotta,cube_all,
gray_terracotta_small_bricks,gray_terracotta,cube_all,
gray_terracotta_tile,gray_terracotta,cube_all,
gray_terracotta_tiles,gray_terracotta,cube_all,
gray_terracotta_hexagonical,gray_terracotta,cube_all,
gray_terracotta_layered,gray_terracotta,cube_all,
gray_terracotta_small_tiles,gray_terracotta,cube_all,
gray_terracotta_triangular,gray_terracotta,cube_all,
gray_wool_barky,gray_wool,cube_all,
gray_wool_blocky,gray_wool,cube_all,
gray_wool_bundled,gray_wool,cube_all,
gray_wool_cross_haired,gray_wool,cube_all,
gray_wool_cubed,gray_wool,cube_all,
gray_wool_knitted,gray_wool,cube_all,
gray_wool_patched,gray_wool,cube_all,
gray_wool_ribbled,gray_wool,cube_all,
gray_wool_scaled,gray_wool,cube_all,
gray_wool_soft,gray_wool,cube_all,
gray_wool_stringed,gray_wool,cube_all,
gray_wool_tiled,gray_wool,cube_all,
gray_wool_tripped,gray_wool,cube_all,
gray_wool_wickered,gray_wool,cube_all,
gray_wool_windmill,gray_wool,cube_all,
gray_wool_woved,gray_wool,cube_all,
gray_wool_cornered,gray_wool,cube_all,
gray_wool_crafted,gray_wool,cube_all,
gray_wool_harsh_quilted,gray_wool,cube_all,
gray_wool_rectangle,gray_wool,cube_all,
gray_wool_delicate,gray_wool,cube_all,
gray_wool_ornamented,gray_wool,cube_all,
gray_wool_legacy,gray_wool,cube_all,
gray_wool_llama,gray_wool,cube_all,
green_concrete_bolted,green_concrete,cube_all,
green_concrete_creeper,green_concrete,cube_all,
green_concrete,green_concrete,cube_all,
green_concrete_bricks,green_concrete,cube_all,
green_concrete_panel,green_concrete,cube_all,
green_concrete_tiles,green_concrete,cube_all,
green_concrete_grid,green_concrete,cube_all,
green_concrete_grill,green_concrete,cube_all,
green_concrete_hazard,green_concrete,cube_all,
green_concrete_mosaic,green_concrete,cube_all,
green_concrete_pegged,green_concrete,cube_all,
green_concrete_railed,green_concrete,cube_all,
green_concrete_reinforced,green_concrete,cube_all,
green_concrete_rusted,green_concrete,cube_all,
green_concrete_smooth,green_concrete,cube_all,
green_concrete_stacked,green_concrete,cube_all,
green_concrete_stop,green_concrete,cube_all,
green_concrete_striped,green_concrete,cube_all,
green_concrete_warning,green_concrete,cube_all,
green_concrete_wired,green_concrete,cube_all,
green_glazed_terracotta_decorated,green_glazed_terracotta,cube_all,
green_glazed_terracotta_pillar_sides,green_glazed_terracotta,cube_all,
green_glazed_terracotta_pillar_top,green_glazed_terracotta,cube_all,
green_glazed_terracotta_smooth_tiles,green_glazed_terracotta,cube_all,
green_glazed_terracotta_tiles,green_glazed_terracotta,cube_all,
green_glazed_terracotta_hexagonical,green_glazed_terracotta,cube_all,
green_glazed_terracotta_minimized,green_glazed_terracotta,cube_all,
green_glazed_terracotta_paved,green_glazed_terracotta,cube_all,
green_glazed_terracotta_shrunken,green_glazed_terracotta,cube_all,
green_glazed_terracotta_starry,green_glazed_terracotta,cube_all,
green_glazed_terracotta_waved,green_glazed_terracotta,cube_all,
green_glazed_terracotta_fancy,green_glazed_terracotta,cube_all,
green_framed_glass,green_stained_glass,glass,translucent
green_stained_clear_glass,green_stained_glass,glass,translucent
green_stained_glass,green_stained_glass,glass,translucent
scratched_glass_green,green_stained_glass,glass,translucent
green_terracotta_chiseled,green_terracotta,cube_all,
green_terracotta_chiseled_bricks,green_terracotta,cube_all,
green_terracotta_crossed,green_terracotta,cube_all,
green_terracotta_curled,green_terracotta,cube_all,
green_terracotta_cut,green_terracotta,cube_all,
green_terracotta_decorated,green_terracotta,cube_all,
green_terracotta,green_terracotta,cube_all,
green_terracotta_bricks,green_terracotta,cube_all,
green_terracotta_column,green_terracotta,cube_all,
green_terracotta_small_bricks,green_terracotta,cube_all,
green_terracotta_tile,green_terracotta,cube_all,
green_terracotta_tiles,green_terracotta,cube_all,
green_terracotta_hexagonical,green_terracotta,cube_all,
green_terracotta_layered,green_terracotta,cube_all,
green_terracotta_small_tiles,green_terracotta,cube_all,
green_terracotta_triangular,green_terracotta,cube_all,
green_wool_barky,green_wool,cube_all,
green_wool_blocky,green_wool,cube_all,
green_wool_bundled,green_wool,cube_all,
green_wool_cross_haired,green_wool,cube_all,
green_wool_cubed,green_wool,cube_all,
green_wool_knitted,green_wool,cube_all,
green_wool_patched,green_wool,cube_all,
green_wool_ribbled,green_wool,cube_all,
green_wool_scaled,green_wool,cube_all,
green_wool_soft,green_wool,cube_all,
green_wool_stringed,green_wool,cube_all,
green_wool_tiled,green_wool,cube_all,
green_wool_tripped,green_wool,cube_all,
green_wool_wickered,green_wool,cube_all,
green_wool_windmill,green_wool,cube_all,
green_wool_woved,green_wool,cube_all,
green_wool_cornered,green_wool,cube_all,
green_wool_crafted,green_wool,cube_all,
green_wool_harsh_quilted,green_wool,cube_all,
green_wool_rectangle,green_wool,cube_all,
green_wool_delicate,green_wool,cube_all,
green_wool_ornamented,green_wool,cube_all,
green_wool_legacy,green_wool,cube_all,
green_wool_llama,green_wool,cube_all,
ice_angry,ice,cube_all,
ice_bordered,ice,cube_all,
ice_brick_bordered,ice,cube_all,
ice_carved,ice,cube_all,
ice_checkered_tiles,ice,cube_all,
ice_cobbled,ice,cube_all,
ice_cracked_disordered_bricks,ice,cube_all,
ice_cracked_flat_tiles,ice,cube_all,
ice_cracked_bricks,ice,cube_all,
ice_creeper_carving,ice,cube_all,
ice_crying,ice,cube_all,
ice_curly,ice,cube_all,
ice_cut_blank,ice,cube_all,
ice_cut_column,ice,cube_all,
ice_duh,ice,cube_all,
ice_edged_bricks,ice,cube_all,
ice_engraved,ice,cube_all,
ice_eroded,ice,cube_all,
ice_etched_bricks,ice,cube_all,
ice_fine,ice,cube_all,
ice_flat_tiles,ice,cube_all,
ice_glad,ice,cube_all,
ice_bricks,ice,cube_all,
ice_glass,ice,glass,translucent
ice_mini_tiles,ice,cube_all,
ice_scales,ice,cube_all,
ice_inlayed,ice,cube_all,
ice_inscribed,ice,cube_all,
ice_layed_bricks,ice,cube_all,
ice_loded,ice,cube_all,
ice_offset_bricks,ice,cube_all,
ice_ornate,ice,cube_all,
ice_overlapping_tiles,ice,cube_all,
ice_polished,ice,cube_all,
ice_prismal_remnants,ice,cube_all,
ice_rough,ice,cube_all,
ice_rounded_bricks,ice,cube_all,
ice_runic_carved,ice,cube_all,
ice_sad,ice,cube_all,
ice_sanded,ice,cube_all,
ice_simple,ice,cube_all,
ice_small_bricks,ice,cube_all,
ice_smooth_column,ice,cube_all,
ice_smooth_inlayed,ice,cube_all,
ice_smooth_ringed,ice,cube_all,
ice_smoothed_double_inlayed,ice,cube_all,
ice_spiraled,ice,cube_all,
ice_stacked_bricks,ice,cube_all,
ice_thick_inlayed,ice,cube_all,
ice_tiled_bordered,ice,cube_all,
ice_tiled,ice,cube_all,
ice_tiled_column,ice,cube_all,
ice_tiny_brick_bordered,ice,cube_all,
ice_tiny_bricks,ice,cube_all,
ice_tiny_layered_bricks,ice,cube_all,
ice_tiny_layered_slabs,ice,cube_all,
ice_trodden,ice,cube_all,
ice_unamused,ice,cube_all,
ice_vertical_cut,ice,cube_all,
ice_vertical_disordered_bricks,ice,cube_all,
ice_weathered,ice,cube_all,
iron_block_ancient,iron_block,cube_all,
iron_block_chipped,iron_block,cube_all,
iron_block_embossed,iron_block,cube_all,
iron_block_engraved,iron_block,cube_all,
iron_block,iron_block,cube_all,
iron_block_bordered,iron_block,cube_all,
iron_block_chiseled,iron_block,cube_all,
iron_block_connecting,iron_block,cube_all,
iron_block_framed,iron_block,cube_all,
iron_block_gears,iron_block,cube_all,
iron_block_lines,iron_block,cube_all,
iron_block_panels,iron_block,cube_all,
iron_block_patterned,iron_block,cube_all,
iron_block_pipes,iron_block,cube_all,
iron_block_plated,iron_block,cube_all,
iron_block_polished,iron_block,cube_all,
iron_block_processed,iron_block,cube_all,
iron_block_pulverized,iron_block,cube_all,
iron_block_reinforced,iron_block,cube_all,
iron_block_sheets,iron_block,cube_all,
iron_block_small_bricks,iron_block,cube_all,
iron_block_smooth,iron_block,cube_all,
iron_block_layered,iron_block,cube_all,
iron_block_plated,iron_block,cube_all,
iron_block_polished,iron_block,cube_all,
iron_block_pressed,iron_block,cube_all,
iron_block_reinforced,iron_block,cube_all,
iron_block_sheet,iron_block,cube_all,
iron_block_shuttered,iron_block,cube_all,
iron_block_stacked,iron_block,cube_all,
jungle_planks_basket_woven,jungle_planks,cube_all,
jungle_planks_boxed,jungle_planks,cube_all,
jungle_planks_brick_bond,jungle_planks,cube_all,
jungle_planks_bricky,jungle_planks,cube_all,
jungle_planks_cornered,jungle_planks,cube_all,
jungle_planks_crated,jungle_planks,cube_all,
jungle_planks_cross_laced,jungle_planks,cube_all,
jungle_planks_crossed,jungle_planks,cube_all,
jungle_planks_detailed,jungle_planks,cube_all,
jungle_planks_diagonal,jungle_planks,cube_all,
jungle_planks_diamond,jungle_planks,cube_all,
jungle_planks_double_herringbone,jungle_planks,cube_all,
jungle_planks_enclosed,jungle_planks,cube_all,
jungle_planks_fine,jungle_planks,cube_all,
jungle_planks_fine_vertical,jungle_planks,cube_all,
jungle_planks_framed,jungle_planks,cube_all,
jungle_planks_herringbone,jungle_planks,cube_all,
jungle_planks_hewn,jungle_planks,cube_all,
jungle_planks_beams,jungle_planks,cube_all,
jungle_planks_brick_pattern,jungle_planks,cube_all,
jungle_planks_brick_paving,jungle_planks,cube_all,
jungle_planks_bricks,jungle_planks,cube_all,
jungle_planks_crate,jungle_planks,cube_all,
jungle_planks_diagonal_stripes,jungle_planks,cube_all,
jungle_planks_diagonal_tiles,jungle_planks,cube_all,
jungle_planks_dotted,jungle_planks,cube_all,
jungle_planks_fine_mosaic,jungle_planks,cube_all,
jungle_planks_flooring,jungle_planks,cube_all,
jungle_planks_large_tiles,jungle_planks,cube_all,
jungle_planks_mosaic,jungle_planks,cube_all,
jungle_planks_panel,jungle_planks,cube_all,
jungle_planks_pattern,jungle_planks,cube_all,
jungle_planks_rotated_bricks,jungle_planks,cube_all,
jungle_planks_shavings,jungle_planks,cube_all,
jungle_planks_small_bricks,jungle_planks,cube_all,
jungle_planks_small_tiles,jungle_planks,cube_all,
jungle_planks_squares,jungle_planks,cube_all,
jungle_planks_tiles,jungle_planks,cube_all,
jungle_planks_wavy,jungle_planks,cube_all,
jungle_planks_woven,jungle_planks,cube_all,
jungle_planks_laced,jungle_planks,cube_all,
jungle_planks_nailed,jungle_planks,cube_all,
jungle_planks_natural,jungle_planks,cube_all,
jungle_planks_pegged,jungle_planks,cube_all,
jungle_planks_polished,jungle_planks,cube_all,
jungle_planks_railed,jungle_planks,cube_all,
jungle_planks_shifted,jungle_planks,cube_all,
jungle_planks_slanted,jungle_planks,cube_all,
jungle_planks_smooth,jungle_planks,cube_all,
jungle_planks_stacked,jungle_planks,cube_all,
jungle_planks_thin,jungle_planks,cube_all,
jungle_planks_tiled,jungle_planks,cube_all,
jungle_planks_versailles,jungle_planks,cube_all,
jungle_planks_vertical,jungle_planks,cube_all,
jungle_planks_vertically_railed,jungle_planks,cube_all,
jungle_planks_whirlwind,jungle_planks,cube_all,
jungle_planks_wickered,jungle_planks,cube_all,
lapis_block_angry,lapis_block,cube_all,
lapis_block_bordered,lapis_block,cube_all,
lapis_block_brick_bordered,lapis_block,cube_all,
lapis_block_carved,lapis_block,cube_all,
lapis_block_checkered_tiles,lapis_block,cube_all,
lapis_block_cobbled,lapis_block,cube_all,
lapis_block_cracked_disordered_bricks,lapis_block,cube_all,
lapis_block_cracked_flat_tiles,lapis_block,cube_all,
lapis_block_cracked_bricks,lapis_block,cube_all,
lapis_block_creeper_carving,lapis_block,cube_all,
lapis_block_crying,lapis_block,cube_all,
lapis_block_curly,lapis_block,cube_all,
lapis_block_cut_blank,lapis_block,cube_all,
lapis_block_cut_column,lapis_block,cube_all,
lapis_block_delicate,lapis_block,cube_all,
lapis_block_duh,lapis_block,cube_all,
lapis_block_edged_bricks,lapis_block,cube_all,
lapis_block_engraved,lapis_block,cube_all,
lapis_block_eroded,lapis_block,cube_all,
lapis_block_etched_bricks,lapis_block,cube_all,
lapis_block_fine,lapis_block,cube_all,
lapis_block_flat_tiles,lapis_block,cube_all,
lapis_block_glad,lapis_block,cube_all,
lapis_block_inlayed,lapis_block,cube_all,
lapis_block_inscribed,lapis_block,cube_all,
lapis_block,lapis_block,cube_all,
lapis_block_bordered,lapis_block,cube_all,
lapis_block_bricks,lapis_block,cube_all,
lapis_block_cobbled,lapis_block,cube_all,
lapis_block_connecting,lapis_block,cube_all,
lapis_block_crushed,lapis_block,cube_all,
lapis_block_decorated,lapis_block,cube_all,
lapis_block_glossy,lapis_block,cube_all,
lapis_block_inverted_tiles,lapis_block,cube_all,
lapis_block_mini_tiles,lapis_block,cube_all,
lapis_block_mosaic,lapis_block,cube_all,
lapis_block_pattern,lapis_block,cube_all,
lapis_block_scales,lapis_block,cube_all,
lapis_block_small_tiles,lapis_block,cube_all,
lapis_block_smooth,lapis_block,cube_all,
lapis_block_stripes,lapis_block,cube_all,
lapis_block_swirling,lapis_block,cube_all,
lapis_block_tiles,lapis_block,cube_all,
lapis_block_layed_bricks,lapis_block,cube_all,
lapis_block_loded,lapis_block,cube_all,
lapis_block_offset_bricks,lapis_block,cube_all,
lapis_block_ornate,lapis_block,cube_all,
lapis_block_overlapping_tiles,lapis_block,cube_all,
lapis_block_polished,lapis_block,cube_all,
lapis_block_prismal_remnants,lapis_block,cube_all,
lapis_block_rough,lapis_block,cube_all,
lapis_block_rounded_bricks,lapis_block,cube_all,
lapis_block_runic_carved,lapis_block,cube_all,
lapis_block_sad,lapis_block,cube_all,
lapis_block_sanded,lapis_block,cube_all,
lapis_block_simple,lapis_block,cube_all,
lapis_block_small_bricks,lapis_block,cube_all,
lapis_block_smooth_inlayed,lapis_block,cube_all,
lapis_block_smooth_column,lapis_block,cube_all,
lapis_block_smooth_ringed,lapis_block,cube_all,
lapis_block_smoothed_double_inlayed,lapis_block,cube_all,
lapis_block_spiraled,lapis_block,cube_all,
lapis_block_stacked_bricks,lapis_block,cube_all,
lapis_block_thick_inlayed,lapis_block,cube_all,
lapis_block_tiled_bordered,lapis_block,cube_all,
lapis_block_tiled,lapis_block,cube_all,
lapis_block_tiled_column,lapis_block,cube_all,
lapis_block_tiny_brick_bordered,lapis_block,cube_all,
lapis_block_tiny_bricks,lapis_block,cube_all,
lapis_block_tiny_layered_bricks,lapis_block,cube_all,
lapis_block_tiny_layered_slabs,lapis_block,cube_all,
lapis_block_trodden,lapis_block,cube_all,
lapis_block_unamused,lapis_block,cube_all,
lapis_block_vertical_cut,lapis_block,cube_all,
lapis_block_vertical_disordered_bricks,lapis_block,cube_all,
lapis_block_weathered,lapis_block,cube_all,
light_blue_concrete_bolted,light_blue_concrete,cube_all,
light_blue_concrete_creeper,light_blue_concrete,cube_all,
light_blue_concrete_grid,light_blue_concrete,cube_all,
light_blue_concrete_grill,light_blue_concrete,cube_all,
light_blue_concrete_hazard,light_blue_concrete,cube_all,
light_blue_concrete,light_blue_concrete,cube_all,
light_blue_concrete_bricks,light_blue_concrete,cube_all,
light_blue_concrete_panel,light_blue_concrete,cube_all,
light_blue_concrete_tiles,light_blue_concrete,cube_all,
light_blue_concrete_mosaic,light_blue_concrete,cube_all,
light_blue_concrete_pegged,light_blue_concrete,cube_all,
light_blue_concrete_railed,light_blue_concrete,cube_all,
light_blue_concrete_reinforced,light_blue_concrete,cube_all,
light_blue_concrete_rusted,light_blue_concrete,cube_all,
light_blue_concrete_smooth,light_blue_concrete,cube_all,
light_blue_concrete_stacked,light_blue_concrete,cube_all,
light_blue_concrete_stop,light_blue_concrete,cube_all,
light_blue_concrete_striped,light_blue_concrete,cube_all,
light_blue_concrete_warning,light_blue_concrete,cube_all,
light_blue_concrete_wired,light_blue_concrete,cube_all,
light_blue_glazed_terracotta_decorated,light_blue_glazed_terracotta,cube_all,
light_blue_glazed_terracotta_hexagonical,light_blue_glazed_terracotta,cube_all,
light_blue_glazed_terracotta_pillar_sides,light_blue_glazed_terracotta,cube_all,
light_blue_glazed_terracotta_pillar_top,light_blue_glazed_terracotta,cube_all,
light_blue_glazed_terracotta_smooth_tiles,light_blue_glazed_terracotta,cube_all,
light_blue_glazed_terracotta_tiles,light_blue_glazed_terracotta,cube_all,
light_blue_glazed_terracotta_minimized,light_blue_glazed_terracotta,cube_all,
light_blue_glazed_terracotta_paved,light_blue_glazed_terracotta,cube_all,
light_blue_glazed_terracotta_shrunken,light_blue_glazed_terracotta,cube_all,
light_blue_glazed_terracotta_starry,light_blue_glazed_terracotta,cube_all,
light_blue_glazed_terracotta_waved,light_blue_glazed_terracotta,cube_all,
light_blue_glazed_terracotta_fancy,light_blue_glazed_terracotta,cube_all,
light_blue_framed_glass,light_blue_stained_glass,glass,translucent
light_blue_stained_clear_glass,light_blue_stained_glass,glass,translucent
light_blue_stained_glass,light_blue_stained_glass,glass,translucent
scratched_glass_light_blue,light_blue_stained_glass,glass,translucent
light_blue_terracotta_chiseled,light_blue_terracotta,cube_all,
light_blue_terracotta_chiseled_bricks,light_blue_terracotta,cube_all,
light_blue_terracotta_crossed,light_blue_terracotta,cube_all,
light_blue_terracotta_curled,light_blue_terracotta,cube_all,
light_blue_terracotta_cut,light_blue_terracotta,cube_all,
light_blue_terracotta_decorated,light_blue_terracotta,cube_all,
light_blue_terracotta_hexagonical,light_blue_terracotta,cube_all,
light_blue_terracotta_layered,light_blue_terracotta,cube_all,
light_blue_terracotta,light_blue_terracotta,cube_all,
light_blue_terracotta_bricks,light_blue_terracotta,cube_all,
light_blue_terracotta_column,light_blue_terracotta,cube_all,
light_blue_terracotta_small_bricks,light_blue_terracotta,cube_all,
light_blue_terracotta_tile,light_blue_terracotta,cube_all,
light_blue_terracotta_tiles,light_blue_terracotta,cube_all,
light_blue_terracotta_small_tiles,light_blue_terracotta,cube_all,
light_blue_terracotta_triangular,light_blue_terracotta,cube_all,
light_blue_wool_barky,light_blue_wool,cube_all,
light_blue_wool_blocky,light_blue_wool,cube_all,
light_blue_wool_bundled,light_blue_wool,cube_all,
light_blue_wool_cross_haired,light_blue_wool,cube_all,
light_blue_wool_cubed,light_blue_wool,cube_all,
light_blue_wool_knitted,light_blue_wool,cube_all,
light_blue_wool_patched,light_blue_wool,cube_all,
light_blue_wool_ribbled,light_blue_wool,cube_all,
light_blue_wool_scaled,light_blue_wool,cube_all,
light_blue_wool_soft,light_blue_wool,cube_all,
light_blue_wool_stringed,light_blue_wool,cube_all,
light_blue_wool_tiled,light_blue_wool,cube_all,
light_blue_wool_tripped,light_blue_wool,cube_all,
light_blue_wool_wickered,light_blue_wool,cube_all,
light_blue_wool_windmill,light_blue_wool,cube_all,
light_blue_wool_woved,light_blue_wool,cube_all,
light_blue_wool_cornered,light_blue_wool,cube_all,
light_blue_wool_crafted,light_blue_wool,cube_all,
light_blue_wool_harsh_quilted,light_blue_wool,cube_all,
light_blue_wool_rectangle,light_blue_wool,cube_all,
light_blue_wool_delicate,light_blue_wool,cube_all,
light_blue_wool_ornamented,light_blue_wool,cube_all,
light_blue_wool_legacy,light_blue_wool,cube_all,
light_blue_wool_llama,light_blue_wool,cube_all,
light_gray_concrete_bolted,light_gray_concrete,cube_all,
light_gray_concrete_creeper,light_gray_concrete,cube_all,
light_gray_concrete_grid,light_gray_concrete,cube_all,
light_gray_concrete_grill,light_gray_concrete,cube_all,
light_gray_concrete_hazard,light_gray_concrete,cube_all,
light_gray_concrete,light_gray_concrete,cube_all,
light_gray_concrete_bricks,light_gray_concrete,cube_all,
light_gray_concrete_panel,light_gray_concrete,cube_all,
light_gray_concrete_tiles,light_gray_concrete,cube_all,
light_gray_concrete_mosaic,light_gray_concrete,cube_all,
light_gray_concrete_pegged,light_gray_concrete,cube_all,
light_gray_concrete_railed,light_gray_concrete,cube_all,
light_gray_concrete_reinforced,light_gray_concrete,cube_all,
light_gray_concrete_rusted,light_gray_concrete,cube_all,
light_gray_concrete_smooth,light_gray_concrete,cube_all,
light_gray_concrete_stacked,light_gray_concrete,cube_all,
light_gray_concrete_stop,light_gray_concrete,cube_all,
light_gray_concrete_striped,light_gray_concrete,cube_all,
light_gray_concrete_warning,light_gray_concrete,cube_all,
light_gray_concrete_wired,light_gray_concrete,cube_all,
light_gray_glazed_terracotta_decorated,light_gray_glazed_terracotta,cube_all,
light_gray_glazed_terracotta_hexagonical,light_gray_glazed_terracotta,cube_all,
light_gray_glazed_terracotta_pillar_sides,light_gray_glazed_terracotta,cube_all,
light_gray_glazed_terracotta_pillar_top,light_gray_glazed_terracotta,cube_all,
light_gray_glazed_terracotta_smooth_tiles,light_gray_glazed_terracotta,cube_all,
light_gray_glazed_terracotta_tiles,light_gray_glazed_terracotta,cube_all,
light_gray_glazed_terracotta_minimized,light_gray_glazed_terracotta,cube_all,
light_gray_glazed_terracotta_paved,light_gray_glazed_terracotta,cube_all,
light_gray_glazed_terracotta_shrunken,light_gray_glazed_terracotta,cube_all,
light_gray_glazed_terracotta_starry,light_gray_glazed_terracotta,cube_all,
light_gray_glazed_terracotta_waved,light_gray_glazed_terracotta,cube_all,
light_gray_glazed_terracotta_fancy,light_gray_glazed_terracotta,cube_all,
light_gray_framed_glass,light_gray_stained_glass,glass,translucent
light_gray_stained_clear_glass,light_gray_stained_glass,glass,translucent
light_gray_stained_glass,light_gray_stained_glass,glass,translucent
scratched_glass_light_gray,light_gray_stained_glass,glass,translucent
light_gray_terracotta_chiseled,light_gray_terracotta,cube_all,
light_gray_terracotta_chiseled_bricks,light_gray_terracotta,cube_all,
light_gray_terracotta_crossed,light_gray_terracotta,cube_all,
light_gray_terracotta_curled,light_gray_terracotta,cube_all,
light_gray_terracotta_cut,light_gray_terracotta,cube_all,
light_gray_terracotta_decorated,light_gray_terracotta,cube_all,
light_gray_terracotta_hexagonical,light_gray_terracotta,cube_all,
light_gray_terracotta_layered,light_gray_terracotta,cube_all,
light_gray_terracotta,light_gray_terracotta,cube_all,
light_gray_terracotta_bricks,light_gray_terracotta,cube_all,
light_gray_terracotta_column,light_gray_terracotta,cube_all,
light_gray_terracotta_small_bricks,light_gray_terracotta,cube_all,
light_gray_terracotta_tile,light_gray_terracotta,cube_all,
light_gray_terracotta_tiles,light_gray_terracotta,cube_all,
light_gray_terracotta_small_tiles,light_gray_terracotta,cube_all,
light_gray_terracotta_triangular,light_gray_terracotta,cube_all,
light_gray_wool_barky,light_gray_wool,cube_all,
light_gray_wool_blocky,light_gray_wool,cube_all,
light_gray_wool_bundled,light_gray_wool,cube_all,
light_gray_wool_cross_haired,light_gray_wool,cube_all,
light_gray_wool_cubed,light_gray_wool,cube_all,
light_gray_wool_knitted,light_gray_wool,cube_all,
light_gray_wool_patched,light_gray_wool,cube_all,
light_gray_wool_ribbled,light_gray_wool,cube_all,
light_gray_wool_scaled,light_gray_wool,cube_all,
light_gray_wool_soft,light_gray_wool,cube_all,
light_gray_wool_stringed,light_gray_wool,cube_all,
light_gray_wool_tiled,light_gray_wool,cube_all,
light_gray_wool_tripped,light_gray_wool,cube_all,
light_gray_wool_wickered,light_gray_wool,cube_all,
light_gray_wool_windmill,light_gray_wool,cube_all,
light_gray_wool_woved,light_gray_wool,cube_all,
light_gray_wool_cornered,light_gray_wool,cube_all,
light_gray_wool_crafted,light_gray_wool,cube_all,
light_gray_wool_harsh_quilted,light_gray_wool,cube_all,
light_gray_wool_rectangle,light_gray_wool,cube_all,
light_gray_wool_delicate,light_gray_wool,cube_all,
light_gray_wool_ornamented,light_gray_wool,cube_all,
light_gray_wool_legacy,light_gray_wool,cube_all,
light_gray_wool_llama,light_gray_wool,cube_all,
lime_concrete_bolted,lime_concrete,cube_all,
lime_concrete_creeper,lime_concrete,cube_all,
lime_concrete_grid,lime_concrete,cube_all,
lime_concrete_grill,lime_concrete,cube_all,
lime_concrete_hazard,lime_concrete,cube_all,
lime_concrete,lime_concrete,cube_all,
lime_concrete_bricks,lime_concrete,cube_all,
lime_concrete_panel,lime_concrete,cube_all,
lime_concrete_tiles,lime_concrete,cube_all,
lime_concrete_mosaic,lime_concrete,cube_all,
lime_concrete_pegged,lime_concrete,cube_all,
lime_concrete_railed,lime_concrete,cube_all,
lime_concrete_reinforced,lime_concrete,cube_all,
lime_concrete_rusted,lime_concrete,cube_all,
lime_concrete_smooth,lime_concrete,cube_all,
lime_concrete_stacked,lime_concrete,cube_all,
lime_concrete_stop,lime_concrete,cube_all,
lime_concrete_striped,lime_concrete,cube_all,
lime_concrete_warning,lime_concrete,cube_all,
lime_concrete_wired,lime_concrete,cube_all,
lime_glazed_terracotta_decorated,lime_glazed_terracotta,cube_all,
lime_glazed_terracotta_hexagonical,lime_glazed_terracotta,cube_all,
lime_glazed_terracotta_pillar_sides,lime_glazed_terracotta,cube_all,
lime_glazed_terracotta_pillar_top,lime_glazed_terracotta,cube_all,
lime_glazed_terracotta_smooth_tiles,lime_glazed_terracotta,cube_all,
lime_glazed_terracotta_tiles,lime_glazed_terracotta,cube_all,
lime_glazed_terracotta_minimized,lime_glazed_terracotta,cube_all,
lime_glazed_terracotta_paved,lime_glazed_terracotta,cube_all,
lime_glazed_terracotta_shrunken,lime_glazed_terracotta,cube_all,
lime_glazed_terracotta_starry,lime_glazed_terracotta,cube_all,
lime_glazed_terracotta_waved,lime_glazed_terracotta,cube_all,
lime_glazed_terracotta_fancy,lime_glazed_terracotta,cube_all,
lime_framed_glass,lime_stained_glass,glass,translucent
lime_stained_clear_glass,lime_stained_glass,glass,translucent
lime_stained_glass,lime_stained_glass,glass,translucent
scratched_glass_lime,lime_stained_glass,glass,translucent
lime_terracotta_chiseled,lime_terracotta,cube_all,
lime_terracotta_chiseled_bricks,lime_terracotta,cube_all,
lime_terracotta_crossed,lime_terracotta,cube_all,
lime_terracotta_curled,lime_terracotta,cube_all,
lime_terracotta_cut,lime_terracotta,cube_all,
lime_terracotta_decorated,lime_terracotta,cube_all,
lime_terracotta_hexagonical,lime_terracotta,cube_all,
lime_terracotta_layered,lime_terracotta,cube_all,
lime_terracotta,lime_terracotta,cube_all,
lime_terracotta_bricks,lime_terracotta,cube_all,
lime_terracotta_column,lime_terracotta,cube_all,
lime_terracotta_small_bricks,lime_terracotta,cube_all,
lime_terracotta_tile,lime_terracotta,cube_all,
lime_terracotta_tiles,lime_terracotta,cube_all,
lime_terracotta_small_tiles,lime_terracotta,cube_all,
lime_terracotta_triangular,lime_terracotta,cube_all,
lime_wool_barky,lime_wool,cube_all,
lime_wool_blocky,lime_wool,cube_all,
lime_wool_bundled,lime_wool,cube_all,
lime_wool_cross_haired,lime_wool,cube_all,
lime_wool_cubed,lime_wool,cube_all,
lime_wool_knitted,lime_wool,cube_all,
lime_wool_patched,lime_wool,cube_all,
lime_wool_ribbled,lime_wool,cube_all,
lime_wool_scaled,lime_wool,cube_all,
lime_wool_soft,lime_wool,cube_all,
lime_wool_stringed,lime_wool,cube_all,
lime_wool_tiled,lime_wool,cube_all,
lime_wool_tripped,lime_wool,cube_all,
lime_wool_wickered,lime_wool,cube_all,
lime_wool_windmill,lime_wool,cube_all,
lime_wool_woved,lime_wool,cube_all,
lime_wool_cornered,lime_wool,cube_all,
lime_wool_crafted,lime_wool,cube_all,
lime_wool_harsh_quilted,lime_wool,cube_all,
lime_wool_rectangle,lime_wool,cube_all,
lime_wool_delicate,lime_wool,cube_all,
lime_wool_ornamented,lime_wool,cube_all,
lime_wool_legacy,lime_wool,cube_all,
lime_wool_llama,lime_wool,cube_all,
limestone_angry,limestone,cube_all,
limestone_bordered,limestone,cube_all,
limestone_brick_bordered,limestone,cube_all,
limestone_carved,limestone,cube_all,
limestone_checkered_tiles,limestone,cube_all,
limestone_cracked_disordered_bricks,limestone,cube_all,
limestone_cracked_flat_tiles,limestone,cube_all,
limestone_cracked_bricks,limestone,cube_all,
limestone_creeper_carving,limestone,cube_all,
limestone_crying,limestone,cube_all,
limestone_cut_blank,limestone,cube_all,
limestone_duh,limestone,cube_all,
limestone_edged_bricks,limestone,cube_all,
limestone_engraved,limestone,cube_all,
limestone_eroded,limestone,cube_all,
limestone_etched_bricks,limestone,cube_all,
limestone_flat_tiles,limestone,cube_all,
limestone_glad,limestone,cube_all,
limestone_inlayed,limestone,cube_all,
limestone_inscribed,limestone,cube_all,
limestone_layed_bricks,limestone,cube_all,
limestone_bricks,limestone,cube_all,
limestone_cut_polished,limestone,cube_all,
limestone_cut_small_brick,limestone,cube_all,
limestone_mini_tiles,limestone,cube_all,
limestone_scales,limestone,cube_all,
limestone_loded,limestone,cube_all,
limestone_offset_bricks,limestone,cube_all,
limestone_overlapping_tiles,limestone,cube_all,
limestone_polished,limestone,cube_all,
limestone_prismal_remnants,limestone,cube_all,
limestone_rough,limestone,cube_all,
limestone_rounded_bricks,limestone,cube_all,
limestone_runic_carved,limestone,cube_all,
limestone_sad,limestone,cube_all,
limestone_sanded,limestone,cube_all,
limestone_small_bricks,limestone,cube_all,
limestone_smooth_inlayed,limestone,cube_all,
limestone_smooth_ringed,limestone,cube_all,
limestone_smoothed_double_inlayed,limestone,cube_all,
limestone_spiraled,limestone,cube_all,
limestone_stacked_bricks,limestone,cube_all,
limestone_thick_inlayed,limestone,cube_all,
limestone_tiled_bordered,limestone,cube_all,
limestone_tiled,limestone,cube_all,
limestone_tiny_brick_bordered,limestone,cube_all,
limestone_tiny_layered_bricks,limestone,cube_all,
limestone_tiny_layered_slabs,limestone,cube_all,
limestone_tiny_bricks,limestone,cube_all,
limestone_trodden,limestone,cube_all,
limestone_unamused,limestone,cube_all,
limestone_vertical_cut,limestone,cube_all,
limestone_vertical_disordered_bricks,limestone,cube_all,
limestone_weathered,limestone,cube_all,
lodestone_angry,lodestone,cube_all,
lodestone_bordered,lodestone,cube_all,
lodestone_brick_bordered,lodestone,cube_all,
lodestone_carved,lodestone,cube_all,
lodestone_checkered_tiles,lodestone,cube_all,
lodestone_cobbled,lodestone,cube_all,
lodestone_cracked_disordered_bricks,lodestone,cube_all,
lodestone_cracked_flat_tiles,lodestone,cube_all,
lodestone_cracked_bricks,lodestone,cube_all,
lodestone_creeper_carving,lodestone,cube_all,
lodestone_crying,lodestone,cube_all,
lodestone_curly,lodestone,cube_all,
lodestone_cut_blank,lodestone,cube_all,
lodestone_cut_column,lodestone,cube_all,
lodestone_diamond,lodestone,cube_all,
lodestone_dot,lodestone,cube_all,
lodestone_duh,lodestone,cube_all,
lodestone_edged_bricks,lodestone,cube_all,
lodestone_engraved,lodestone,cube_all,
lodestone_eroded,lodestone,cube_all,
lodestone_etched_bricks,lodestone,cube_all,
lodestone_fine,lodestone,cube_all,
lodestone_flat_tiles,lodestone,cube_all,
lodestone_glad,lodestone,cube_all,
lodestone_inlayed,lodestone,cube_all,
lodestone_inscribed,lodestone,cube_all,
lodestone_layed_bricks,lodestone,cube_all,
lodestone_loded,lodestone,cube_all,
lodestone_bricks,lodestone,cube_all,
lodestone_mini_tiles,lodestone,cube_all,
lodestone_scales,lodestone,cube_all,
lodestone_offset_bricks,lodestone,cube_all,
lodestone_ornate,lodestone,cube_all,
lodestone_overlapping_tiles,lodestone,cube_all,
lodestone_polished,lodestone,cube_all,
lodestone_prismal_remnants,lodestone,cube_all,
lodestone_ring,lodestone,cube_all,
lodestone_rough,lodestone,cube_all,
lodestone_rounded_bricks,lodestone,cube_all,
lodestone_runic_carved,lodestone,cube_all,
lodestone_sad,lodestone,cube_all,
lodestone_sanded,lodestone,cube_all,
sea_lantern_lodestone,sea_lantern,cube_all,
lodestone_simple,lodestone,cube_all,
lodestone_small_bricks,lodestone,cube_all,
lodestone_smooth_inlayed,lodestone,cube_all,
lodestone_smooth_column,lodestone,cube_all,
lodestone_smooth_ringed,lodestone,cube_all,
lodestone_smoothed_double_inlayed,lodestone,cube_all,
lodestone_spiraled,lodestone,cube_all,
lodestone_stacked_bricks,lodestone,cube_all,
lodestone_thick_inlayed,lodestone,cube_all,
lodestone_tiled_bordered,lodestone,cube_all,
lodestone_tiled,lodestone,cube_all,
lodestone_tiled_column,lodestone,cube_all,
lodestone_tiny_brick_bordered,lodestone,cube_all,
lodestone_tiny_layered_bricks,lodestone,cube_all,
lodestone_tiny_layered_slabs,lodestone,cube_all,
lodestone_tiny_bricks,lodestone,cube_all,
lodestone_trodden,lodestone,cube_all,
lodestone_unamused,lodestone,cube_all,
lodestone_vertical_cut,lodestone,cube_all,
lodestone_vertical_disordered_bricks,lodestone,cube_all,
lodestone_watching,lodestone,cube_all,
lodestone_weathered,lodestone,cube_all,
lodestone_wider_diamond,lodestone,cube_all,
lodestone_wider_ring,lodestone,cube_all,
lodestone_wider_watching,lodestone,cube_all,
magenta_concrete_bolted,magenta_concrete,cube_all,
magenta_concrete_creeper,magenta_concrete,cube_all,
magenta_concrete_grid,magenta_concrete,cube_all,
magenta_concrete_grill,magenta_concrete,cube_all,
magenta_concrete_hazard,magenta_concrete,cube_all,
magenta_concrete,magenta_concrete,cube_all,
magenta_concrete_bricks,magenta_concrete,cube_all,
magenta_concrete_panel,magenta_concrete,cube_all,
magenta_concrete_tiles,magenta_concrete,cube_all,
magenta_concrete_mosaic,magenta_concrete,cube_all,
magenta_concrete_pegged,magenta_concrete,cube_all,
magenta_concrete_railed,magenta_concrete,cube_all,
magenta_concrete_reinforced,magenta_concrete,cube_all,
magenta_concrete_rusted,magenta_concrete,cube_all,
magenta_concrete_smooth,magenta_concrete,cube_all,
magenta_concrete_stacked,magenta_concrete,cube_all,
magenta_concrete_stop,magenta_concrete,cube_all,
magenta_concrete_striped,magenta_concrete,cube_all,
magenta_concrete_warning,magenta_concrete,cube_all,
magenta_concrete_wired,magenta_concrete,cube_all,
magenta_glazed_terracotta_decorated,magenta_glazed_terracotta,cube_all,
magenta_glazed_terracotta_hexagonical,magenta_glazed_terracotta,cube_all,
magenta_glazed_terracotta_pillar_sides,magenta_glazed_terracotta,cube_all,
magenta_glazed_terracotta_pillar_top,magenta_glazed_terracotta,cube_all,
magenta_glazed_terracotta_smooth_tiles,magenta_glazed_terracotta,cube_all,
magenta_glazed_terracotta_tiles,magenta_glazed_terracotta,cube_all,
magenta_glazed_terracotta_minimized,magenta_glazed_terracotta,cube_all,
magenta_glazed_terracotta_paved,magenta_glazed_terracotta,cube_all,
magenta_glazed_terracotta_shrunken,magenta_glazed_terracotta,cube_all,
magenta_glazed_terracotta_starry,magenta_glazed_terracotta,cube_all,
magenta_glazed_terracotta_waved,magenta_glazed_terracotta,cube_all,
magenta_glazed_terracotta_fancy,magenta_glazed_terracotta,cube_all,
magenta_framed_glass,magenta_stained_glass,glass,translucent
magenta_stained_clear_glass,magenta_stained_glass,glass,translucent
magenta_stained_glass,magenta_stained_glass,glass,translucent
scratched_glass_magenta,magenta_stained_glass,glass,translucent
magenta_terracotta_chiseled,magenta_terracotta,cube_all,
magenta_terracotta_chiseled_bricks,magenta_terracotta,cube_all,
magenta_terracotta_crossed,magenta_terracotta,cube_all,
magenta_terracotta_curled,magenta_terracotta,cube_all,
magenta_terracotta_cut,magenta_terracotta,cube_all,
magenta_terracotta_decorated,magenta_terracotta,cube_all,
magenta_terracotta_hexagonical,magenta_terracotta,cube_all,
magenta_terracotta_layered,magenta_terracotta,cube_all,
magenta_terracotta,magenta_terracotta,cube_all,
magenta_terracotta_bricks,magenta_terracotta,cube_all,
magenta_terracotta_column,magenta_terracotta,cube_all,
magenta_terracotta_small_bricks,magenta_terracotta,cube_all,
magenta_terracotta_tile,magenta_terracotta,cube_all,
magenta_terracotta_tiles,magenta_terracotta,cube_all,
magenta_terracotta_small_tiles,magenta_terracotta,cube_all,
magenta_terracotta_triangular,magenta_terracotta,cube_all,
magenta_wool_barky,magenta_wool,cube_all,
magenta_wool_blocky,magenta_wool,cube_all,
magenta_wool_bundled,magenta_wool,cube_all,
magenta_wool_cross_haired,magenta_wool,cube_all,
magenta_wool_cubed,magenta_wool,cube_all,
magenta_wool_knitted,magenta_wool,cube_all,
magenta_wool_patched,magenta_wool,cube_all,
magenta_wool_ribbled,magenta_wool,cube_all,
magenta_wool_scaled,magenta_wool,cube_all,
magenta_wool_soft,magenta_wool,cube_all,
magenta_wool_stringed,magenta_wool,cube_all,
magenta_wool_tiled,magenta_wool,cube_all,
magenta_wool_tripped,magenta_wool,cube_all,
magenta_wool_wickered,magenta_wool,cube_all,
magenta_wool_windmill,magenta_wool,cube_all,
magenta_wool_woved,magenta_wool,cube_all,
magenta_wool_cornered,magenta_wool,cube_all,
magenta_wool_crafted,magenta_wool,cube_all,
magenta_wool_harsh_quilted,magenta_wool,cube_all,
magenta_wool_rectangle,magenta_wool,cube_all,
magenta_wool_delicate,magenta_wool,cube_all,
magenta_wool_ornamented,magenta_wool,cube_all,
magenta_wool_legacy,magenta_wool,cube_all,
magenta_wool_llama,magenta_wool,cube_all,
magma_block_angry,magma_block,cube_all,
magma_block_bordered,magma_block,cube_all,
magma_block_brick_bordered,magma_block,cube_all,
magma_block_carved,magma_block,cube_all,
magma_block_checkered_tiles,magma_block,cube_all,
magma_block_cobbled,magma_block,cube_all,
magma_block_cracked_disordered_bricks,magma_block,cube_all,
magma_block_cracked_flat_tiles,magma_block,cube_all,
magma_block_cracked_bricks,magma_block,cube_all,
magma_block_creeper_carving,magma_block,cube_all,
magma_block_crying,magma_block,cube_all,
magma_block_curly,magma_block,cube_all,
magma_block_cut_blank,magma_block,cube_all,
magma_block_cut_column,magma_block,cube_all,
magma_block_duh,magma_block,cube_all,
magma_block_edged_bricks,magma_block,cube_all,
magma_block_engraved,magma_block,cube_all,
magma_block_eroded,magma_block,cube_all,
magma_block_etched_bricks,magma_block,cube_all,
magma_block_fine,magma_block,cube_all,
magma_block_flat_tiles,magma_block,cube_all,
magma_block_glad,magma_block,cube_all,
magma_block_inlayed,magma_block,cube_all,
magma_block_inscribed,magma_block,cube_all,
magma_block_layed_bricks,magma_block,cube_all,
magma_block_loded,magma_block,cube_all,
magma_block_bricks,magma_block,cube_all,
magma_block_mini_tiles,magma_block,cube_all,
magma_block_scales,magma_block,cube_all,
magma_block_offset_bricks,magma_block,cube_all,
magma_block_ornate,magma_block,cube_all,
magma_block_overlapping_tiles,magma_block,cube_all,
magma_block_polished,magma_block,cube_all,
magma_block_prismal_remnants,magma_block,cube_all,
magma_block_rough,magma_block,cube_all,
magma_block_rounded_bricks,magma_block,cube_all,
magma_block_runic_carved,magma_block,cube_all,
magma_block_sad,magma_block,cube_all,
magma_block_sanded,magma_block,cube_all,
magma_block_simple,magma_block,cube_all,
magma_block_small_bricks,magma_block,cube_all,
magma_block_smooth_inlayed,magma_block,cube_all,
magma_block_smooth_column,magma_block,cube_all,
magma_block_smooth_ringed,magma_block,cube_all,
magma_block_smoothed_double_inlayed,magma_block,cube_all,
magma_block_spiraled,magma_block,cube_all,
magma_block_stacked_bricks,magma_block,cube_all,
magma_block_thick_inlayed,magma_block,cube_all,
magma_block_tiled_bordered,magma_block,cube_all,
magma_block_tiled,magma_block,cube_all,
magma_block_tiled_column,magma_block,cube_all,
magma_block_tiny_brick_bordered,magma_block,cube_all,
magma_block_tiny_layered_bricks,magma_block,cube_all,
magma_block_tiny_layered_slabs,magma_block,cube_all,
magma_block_tiny_bricks,magma_block,cube_all,
magma_block_trodden,magma_block,cube_all,
magma_block_unamused,magma_block,cube_all,
magma_block_vertical_cut,magma_block,cube_all,
magma_block_vertical_disordered_bricks,magma_block,cube_all,
magma_block_weathered,magma_block,cube_all,
mangrove_planks_basket_woven,mangrove_planks,cube_all,
mangrove_planks_boxed,mangrove_planks,cube_all,
mangrove_planks_brick_bond,mangrove_planks,cube_all,
mangrove_planks_bricky,mangrove_planks,cube_all,
mangrove_planks_chiseled,mangrove_planks,cube_all,
mangrove_planks_cornered,mangrove_planks,cube_all,
mangrove_planks_crated,mangrove_planks,cube_all,
mangrove_planks_cross_laced,mangrove_planks,cube_all,
mangrove_planks_crossed,mangrove_planks,cube_all,
mangrove_planks_detailed,mangrove_planks,cube_all,
mangrove_planks_diagonal,mangrove_planks,cube_all,
mangrove_planks_diamond,mangrove_planks,cube_all,
mangrove_planks_double_herringbone,mangrove_planks,cube_all,
mangrove_planks_enclosed,mangrove_planks,cube_all,
mangrove_planks_fine,mangrove_planks,cube_all,
mangrove_planks_fine_vertical,mangrove_planks,cube_all,
mangrove_planks_framed,mangrove_planks,cube_all,
mangrove_planks_herringbone,mangrove_planks,cube_all,
mangrove_planks_hewn,mangrove_planks,cube_all,
mangrove_planks_laced,mangrove_planks,cube_all,
mangrove_planks_beams,mangrove_planks,cube_all,
mangrove_planks_brick_pattern,mangrove_planks,cube_all,
mangrove_planks_brick_paving,mangrove_planks,cube_all,
mangrove_planks_bricks,mangrove_planks,cube_all,
mangrove_planks_crate,mangrove_planks,cube_all,
mangrove_planks_diagonal_stripes,mangrove_planks,cube_all,
mangrove_planks_diagonal_tiles,mangrove_planks,cube_all,
mangrove_planks_dotted,mangrove_planks,cube_all,
mangrove_planks_fine_mosaic,mangrove_planks,cube_all,
mangrove_planks_flooring,mangrove_planks,cube_all,
mangrove_planks_large_tiles,mangrove_planks,cube_all,
mangrove_planks_mosaic,mangrove_planks,cube_all,
mangrove_planks_panel,mangrove_planks,cube_all,
mangrove_planks_pattern,mangrove_planks,cube_all,
mangrove_planks_rotated_bricks,mangrove_planks,cube_all,
mangrove_planks_shavings,mangrove_planks,cube_all,
mangrove_planks_small_bricks,mangrove_planks,cube_all,
mangrove_planks_small_tiles,mangrove_planks,cube_all,
mangrove_planks_squares,mangrove_planks,cube_all,
mangrove_planks_tiles,mangrove_planks,cube_all,
mangrove_planks_wavy,mangrove_planks,cube_all,
mangrove_planks_woven,mangrove_planks,cube_all,
mangrove_planks_nailed,mangrove_planks,cube_all,
mangrove_planks_natural,mangrove_planks,cube_all,
mangrove_planks_pegged,mangrove_planks,cube_all,
mangrove_planks_polished,mangrove_planks,cube_all,
mangrove_planks_railed,mangrove_planks,cube_all,
mangrove_planks_shifted,mangrove_planks,cube_all,
mangrove_planks_slanted,mangrove_planks,cube_all,
mangrove_planks_smooth,mangrove_planks,cube_all,
mangrove_planks_stacked,mangrove_planks,cube_all,
mangrove_planks_thin,mangrove_planks,cube_all,
mangrove_planks_tiled,mangrove_planks,cube_all,
mangrove_planks_versailles,mangrove_planks,cube_all,
mangrove_planks_vertical,mangrove_planks,cube_all,
mangrove_planks_vertically_railed,mangrove_planks,cube_all,
mangrove_planks_whirlwind,mangrove_planks,cube_all,
mangrove_planks_wickered,mangrove_planks,cube_all,
moss_block_blobby,moss_block,cube_all,
moss_block_blue,moss_block,cube_all,
moss_block_crunchy,moss_block,cube_all,
moss_block_lime,moss_block,cube_all,
moss_block_old,moss_block,cube_all,
moss_block_red,moss_block,cube_all,
moss_block_smooth,moss_block,cube_all,
moss_block_spongy,moss_block,cube_all,
moss_block_sprinkled,moss_block,cube_all,
moss_block_yellow,moss_block,cube_all,
mossy_cobblestone_angry,mossy_cobblestone,cube_all,
mossy_cobblestone_bordered,mossy_cobblestone,cube_all,
mossy_cobblestone_brick_bordered,mossy_cobblestone,cube_all,
mossy_cobblestone_carved,mossy_cobblestone,cube_all,
mossy_cobblestone_checkered_tiles,mossy_cobblestone,cube_all,
mossy_cobblestone_cobbled,mossy_cobblestone,cube_all,
mossy_cobblestone_cracked_disordered_bricks,mossy_cobblestone,cube_all,
mossy_cobblestone_cracked_flat_tiles,mossy_cobblestone,cube_all,
mossy_cobblestone_cracked_bricks,mossy_cobblestone,cube_all,
mossy_cobblestone_creeper_carving,mossy_cobblestone,cube_all,
mossy_cobblestone_crying,mossy_cobblestone,cube_all,
mossy_cobblestone_curly,mossy_cobblestone,cube_all,
mossy_cobblestone_cut_blank,mossy_cobblestone,cube_all,
mossy_cobblestone_cut_column,mossy_cobblestone,cube_all,
mossy_cobblestone_duh,mossy_cobblestone,cube_all,
mossy_cobblestone_edged_bricks,mossy_cobblestone,cube_all,
mossy_cobblestone_engraved,mossy_cobblestone,cube_all,
mossy_cobblestone_eroded,mossy_cobblestone,cube_all,
mossy_cobblestone_etched_bricks,mossy_cobblestone,cube_all,
mossy_cobblestone_fine,mossy_cobblestone,cube_all,
mossy_cobblestone_flat_tiles,mossy_cobblestone,cube_all,
mossy_cobblestone_glad,mossy_cobblestone,cube_all,
mossy_cobblestone_inlayed,mossy_cobblestone,cube_all,
mossy_cobblestone_inscribed,mossy_cobblestone,cube_all,
mossy_cobblestone_layed_bricks,mossy_cobblestone,cube_all,
mossy_cobblestone_loded,mossy_cobblestone,cube_all,
mossy_cobblestone_beams,mossy_cobblestone,cube_all,
mossy_cobblestone_bricks,mossy_cobblestone,cube_all,
mossy_cobblestone_dented,mossy_cobblestone,cube_all,
mossy_cobblestone_inverted_dented,mossy_cobblestone,cube_all,
mossy_cobblestone_mini_tiles,mossy_cobblestone,cube_all,
mossy_cobblestone_paving,mossy_cobblestone,cube_all,
mossy_cobblestone_scales,mossy_cobblestone,cube_all,
mossy_cobblestone_small_tiles,mossy_cobblestone,cube_all,
mossy_cobblestone_squares,mossy_cobblestone,cube_all,
mossy_cobblestone_stripes,mossy_cobblestone,cube_all,
mossy_cobblestone_worn_stripes,mossy_cobblestone,cube_all,
mossy_cobblestone_offset_bricks,mossy_cobblestone,cube_all,
mossy_cobblestone_ornate,mossy_cobblestone,cube_all,
mossy_cobblestone_overlapping_tiles,mossy_cobblestone,cube_all,
mossy_cobblestone_polished,mossy_cobblestone,cube_all,
mossy_cobblestone_prismal_remnants,mossy_cobblestone,cube_all,
mossy_cobblestone_rough,mossy_cobblestone,cube_all,
mossy_cobblestone_rounded_bricks,mossy_cobblestone,cube_all,
mossy_cobblestone_runic_carved,mossy_cobblestone,cube_all,
mossy_cobblestone_sad,mossy_cobblestone,cube_all,
mossy_cobblestone_sanded,mossy_cobblestone,cube_all,
mossy_cobblestone_simple,mossy_cobblestone,cube_all,
mossy_cobblestone_small_bricks,mossy_cobblestone,cube_all,
mossy_cobblestone_smooth_inlayed,mossy_cobblestone,cube_all,
mossy_cobblestone_smooth_column,mossy_cobblestone,cube_all,
mossy_cobblestone_smooth_ringed,mossy_cobblestone,cube_all,
mossy_cobblestone_smoothed_double_inlayed,mossy_cobblestone,cube_all,
mossy_cobblestone_spiraled,mossy_cobblestone,cube_all,
mossy_cobblestone_stacked_bricks,mossy_cobblestone,cube_all,
mossy_cobblestone_thick_inlayed,mossy_cobblestone,cube_all,
mossy_cobblestone_tiled_bordered,mossy_cobblestone,cube_all,
mossy_cobblestone_tiled,mossy_cobblestone,cube_all,
mossy_cobblestone_tiled_column,mossy_cobblestone,cube_all,
mossy_cobblestone_tiny_brick_bordered,mossy_cobblestone,cube_all,
mossy_cobblestone_tiny_layered_bricks,mossy_cobblestone,cube_all,
mossy_cobblestone_tiny_layered_slabs,mossy_cobblestone,cube_all,
mossy_cobblestone_tiny_bricks,mossy_cobblestone,cube_all,
mossy_cobblestone_trodden,mossy_cobblestone,cube_all,
mossy_cobblestone_unamused,mossy_cobblestone,cube_all,
mossy_cobblestone_vertical_cut,mossy_cobblestone,cube_all,
mossy_cobblestone_vertical_disordered_bricks,mossy_cobblestone,cube_all,
mossy_cobblestone_weathered,mossy_cobblestone,cube_all,
mossy_stone_bricks_angry,mossy_stone_bricks,cube_all,
mossy_stone_bricks_bordered,mossy_stone_bricks,cube_all,
mossy_stone_bricks_brick_bordered,mossy_stone_bricks,cube_all,
mossy_stone_bricks_carved,mossy_stone_bricks,cube_all,
mossy_stone_bricks_checkered_tiles,mossy_stone_bricks,cube_all,
mossy_stone_bricks_cobbled,mossy_stone_bricks,cube_all,
mossy_stone_bricks_cracked_disordered_bricks,mossy_stone_bricks,cube_all,
mossy_stone_bricks_cracked_flat_tiles,mossy_stone_bricks,cube_all,
mossy_stone_bricks_cracked_bricks,mossy_stone_bricks,cube_all,
mossy_stone_bricks_creeper_carving,mossy_stone_bricks,cube_all,
mossy_stone_bricks_crying,mossy_stone_bricks,cube_all,
mossy_stone_bricks_curly,mossy_stone_bricks,cube_all,
mossy_stone_bricks_cut_blank,mossy_stone_bricks,cube_all,
mossy_stone_bricks_cut_column,mossy_stone_bricks,cube_all,
mossy_stone_bricks_duh,mossy_stone_bricks,cube_all,
mossy_stone_bricks_edged_bricks,mossy_stone_bricks,cube_all,
mossy_stone_bricks_engraved,mossy_stone_bricks,cube_all,
mossy_stone_bricks_eroded,mossy_stone_bricks,cube_all,
mossy_stone_bricks_etched_bricks,mossy_stone_bricks,cube_all,
mossy_stone_bricks_fine,mossy_stone_bricks,cube_all,
mossy_stone_bricks_flat_tiles,mossy_stone_bricks,cube_all,
mossy_stone_bricks_glad,mossy_stone_bricks,cube_all,
mossy_stone_bricks_inlayed,mossy_stone_bricks,cube_all,
mossy_stone_bricks_inscribed,mossy_stone_bricks,cube_all,
mossy_stone_bricks_layed_bricks,mossy_stone_bricks,cube_all,
mossy_stone_bricks_loded,mossy_stone_bricks,cube_all,
mossy_stone_bricks_bricks,mossy_stone_bricks,cube_all,
mossy_stone_bricks_mini_tiles,mossy_stone_bricks,cube_all,
mossy_stone_bricks_scales,mossy_stone_bricks,cube_all,
mossy_stone_bricks_offset_bricks,mossy_stone_bricks,cube_all,
mossy_stone_bricks_ornate,mossy_stone_bricks,cube_all,
mossy_stone_bricks_overlapping_tiles,mossy_stone_bricks,cube_all,
mossy_stone_bricks_polished,mossy_stone_bricks,cube_all,
mossy_stone_bricks_prismal_remnants,mossy_stone_bricks,cube_all,
mossy_stone_bricks_rough,mossy_stone_bricks,cube_all,
mossy_stone_bricks_rounded_bricks,mossy_stone_bricks,cube_all,
mossy_stone_bricks_runic_carved,mossy_stone_bricks,cube_all,
mossy_stone_bricks_sad,mossy_stone_bricks,cube_all,
mossy_stone_bricks_sanded,mossy_stone_bricks,cube_all,
mossy_stone_bricks_simple,mossy_stone_bricks,cube_all,
mossy_stone_bricks_small_bricks,mossy_stone_bricks,cube_all,
mossy_stone_bricks_smooth_inlayed,mossy_stone_bricks,cube_all,
mossy_stone_bricks_smooth_column,mossy_stone_bricks,cube_all,
mossy_stone_bricks_smooth_ringed,mossy_stone_bricks,cube_all,
mossy_stone_bricks_smoothed_double_inlayed,mossy_stone_bricks,cube_all,
mossy_stone_bricks_spiraled,mossy_stone_bricks,cube_all,
mossy_stone_bricks_stacked_bricks,mossy_stone_bricks,cube_all,
mossy_stone_bricks_thick_inlayed,mossy_stone_bricks,cube_all,
mossy_stone_bricks_tiled_bordered,mossy_stone_bricks,cube_all,
mossy_stone_bricks_tiled,mossy_stone_bricks,cube_all,
mossy_stone_bricks_tiled_column,mossy_stone_bricks,cube_all,
mossy_stone_bricks_tiny_brick_bordered,mossy_stone_bricks,cube_all,
mossy_stone_bricks_tiny_layered_bricks,mossy_stone_bricks,cube_all,
mossy_stone_bricks_tiny_layered_slabs,mossy_stone_bricks,cube_all,
mossy_stone_bricks_tiny_bricks,mossy_stone_bricks,cube_all,
mossy_stone_bricks_trodden,mossy_stone_bricks,cube_all,
mossy_stone_bricks_unamused,mossy_stone_bricks,cube_all,
mossy_stone_bricks_vertical_cut,mossy_stone_bricks,cube_all,
mossy_stone_bricks_vertical_disordered_bricks,mossy_stone_bricks,cube_all,
mossy_stone_bricks_weathered,mossy_stone_bricks,cube_all,
mud_angled_bricks,mud,cube_all,
mud_angry,mud,cube_all,
mud_arrow,mud,cube_all,
mud_bordered,mud,cube_all,
mud_brick_bordered,mud,cube_all,
mud_button,mud,cube_all,
mud_carved,mud,cube_all,
mud_centered,mud,cube_all,
mud_chiseled,mud,cube_all,
mud_cracked_bricks,mud,cube_all,
mud_creeper_carving,mud,cube_all,
mud_crunched_bricks,mud,cube_all,
mud_crying,mud,cube_all,
mud_curly,mud,cube_all,
mud_cut_blank,mud,cube_all,
mud_double_bricks,mud,cube_all,
mud_duh,mud,cube_all,
mud_edged,mud,cube_all,
mud_edged_bricks,mud,cube_all,
mud_engraved,mud,cube_all,
mud_etched_bricks,mud,cube_all,
mud_eye,mud,cube_all,
mud_fancy_chiseled,mud,cube_all,
mud_fancy,mud,cube_all,
mud_fine,mud,cube_all,
mud_glad,mud,cube_all,
mud_hard,mud,cube_all,
mud_heart,mud,cube_all,
mud_horned,mud,cube_all,
mud_inlayed,mud,cube_all,
mud_keyhole,mud,cube_all,
mud_large_tiled,mud,cube_all,
mud_leaning,mud,cube_all,
mud_mini_tiled,mud,cube_all,
mud_bricks,mud,cube_all,
mud_scales,mud,cube_all,
mud_offset_bricks,mud,cube_all,
mud_ornate,mud,cube_all,
mud_overlapping_tiles,mud,cube_all,
mud_pancake,mud,cube_all,
mud_panelled,mud,cube_all,
mud_placed,mud,cube_all,
mud_polished,mud,cube_all,
mud_prismal_remnants,mud,cube_all,
mud_quad,mud,cube_all,
mud_rough,mud,cube_all,
mud_rough_panelled,mud,cube_all,
mud_rune,mud,cube_all,
mud_sad,mud,cube_all,
mud_scaly,mud,cube_all,
mud_sigil,mud,cube_all,
mud_simple,mud,cube_all,
mud_small_bricks,mud,cube_all,
mud_smooth,mud,cube_all,
mud_smooth_ringed,mud,cube_all,
mud_smoothed_double_inlayed,mud,cube_all,
mud_spiral,mud,cube_all,
mud_stacked_bricks,mud,cube_all,
mud_star,mud,cube_all,
mud_symbol,mud,cube_all,
mud_thick_inlayed,mud,cube_all,
mud_tiled_bordered,mud,cube_all,
mud_tiled_bricks,mud,cube_all,
mud_tiled_column,mud,cube_all,
mud_tiny_layered_bricks,mud,cube_all,
mud_tiny_bricks,mud,cube_all,
mud_unamused,mud,cube_all,
mud_vertical_cut,mud,cube_all,
mud_vertical_disordered_bricks,mud,cube_all,
mud_bricks_angled_bricks,mud_bricks,cube_all,
mud_bricks_angry,mud_bricks,cube_all,
mud_bricks_arrow,mud_bricks,cube_all,
mud_bricks_bordered,mud_bricks,cube_all,
mud_bricks_brick_bordered,mud_bricks,cube_all,
mud_bricks_button,mud_bricks,cube_all,
mud_bricks_carved,mud_bricks,cube_all,
mud_bricks_centered,mud_bricks,cube_all,
mud_bricks_chiseled,mud_bricks,cube_all,
mud_bricks_cracked_bricks,mud_bricks,cube_all,
mud_bricks_creeper_carving,mud_bricks,cube_all,
mud_bricks_crunched_bricks,mud_bricks,cube_all,
mud_bricks_crying,mud_bricks,cube_all,
mud_bricks_curly,mud_bricks,cube_all,
mud_bricks_cut_blank,mud_bricks,cube_all,
mud_bricks_double_bricks,mud_bricks,cube_all,
mud_bricks_duh,mud_bricks,cube_all,
mud_bricks_edged_bricks,mud_bricks,cube_all,
mud_bricks_engraved,mud_bricks,cube_all,
mud_bricks_etched_bricks,mud_bricks,cube_all,
mud_bricks_eye,mud_bricks,cube_all,
mud_bricks_fancy_chiseled,mud_bricks,cube_all,
mud_bricks_fancy,mud_bricks,cube_all,
mud_bricks_fine,mud_bricks,cube_all,
mud_bricks_glad,mud_bricks,cube_all,
mud_bricks_hard,mud_bricks,cube_all,
mud_bricks_heart,mud_bricks,cube_all,
mud_bricks_horned,mud_bricks,cube_all,
mud_bricks_inlayed,mud_bricks,cube_all,
mud_bricks_keyhole,mud_bricks,cube_all,
mud_bricks_large_tiled,mud_bricks,cube_all,
mud_bricks_leaning,mud_bricks,cube_all,
mud_bricks_mini_tiled,mud_bricks,cube_all,
mud_bricks_bricks,mud_bricks,cube_all,
mud_bricks_scales,mud_bricks,cube_all,
mud_bricks_offset_bricks,mud_bricks,cube_all,
mud_bricks_ornate,mud_bricks,cube_all,
mud_bricks_overlapping_tiles,mud_bricks,cube_all,
mud_bricks_pancake,mud_bricks,cube_all,
mud_bricks_panelled,mud_bricks,cube_all,
mud_bricks_placed,mud_bricks,cube_all,
mud_bricks_polished,mud_bricks,cube_all,
mud_bricks_prismal_remnants,mud_bricks,cube_all,
mud_bricks_quad,mud_bricks,cube_all,
mud_bricks_rough,mud_bricks,cube_all,
mud_bricks_rough_panelled,mud_bricks,cube_all,
mud_bricks_rune,mud_bricks,cube_all,
mud_bricks_sad,mud_bricks,cube_all,
mud_bricks_scaly,mud_bricks,cube_all,
mud_bricks_sigil,mud_bricks,cube_all,
mud_bricks_simple,mud_bricks,cube_all,
mud_bricks_small_bricks,mud_bricks,cube_all,
mud_bricks_smooth,mud_bricks,cube_all,
mud_bricks_smooth_ringed,mud_bricks,cube_all,
mud_bricks_smoothed_double_inlayed,mud_bricks,cube_all,
mud_bricks_spiral,mud_bricks,cube_all,
mud_bricks_stacked_bricks,mud_bricks,cube_all,
mud_bricks_star,mud_bricks,cube_all,
mud_bricks_symbol,mud_bricks,cube_all,
mud_bricks_thick_inlayed,mud_bricks,cube_all,
mud_bricks_tiled_bordered,mud_bricks,cube_all,
mud_bricks_tiled_bricks,mud_bricks,cube_all,
mud_bricks_tiled_column,mud_bricks,cube_all,
mud_bricks_tiny_layered_bricks,mud_bricks,cube_all,
mud_bricks_tiny_bricks,mud_bricks,cube_all,
mud_bricks_unamused,mud_bricks,cube_all,
mud_bricks_vertical_cut,mud_bricks,cube_all,
mud_bricks_vertical_disordered_bricks,mud_bricks,cube_all,
mushroom_stem_blooming,mushroom_stem,cube_all,
mushroom_stem_broken,mushroom_stem,cube_all,
mushroom_stem_grimy,mushroom_stem,cube_all,
mushroom_stem_old,mushroom_stem,cube_all,
mushroom_stem_poisonous,mushroom_stem,cube_all,
mushroom_stem_smooth,mushroom_stem,cube_all,
mushroom_stem_warm,mushroom_stem,cube_all,
nether_bricks_angry,nether_bricks,cube_all,
nether_bricks_bordered,nether_bricks,cube_all,
nether_bricks_brick_bordered,nether_bricks,cube_all,
nether_bricks_carved,nether_bricks,cube_all,
nether_bricks_checkered_tiles,nether_bricks,cube_all,
nether_bricks_cobbled,nether_bricks,cube_all,
nether_bricks_cracked_disordered_bricks,nether_bricks,cube_all,
nether_bricks_cracked_flat_tiles,nether_bricks,cube_all,
nether_bricks_cracked_bricks,nether_bricks,cube_all,
nether_bricks_creeper_carving,nether_bricks,cube_all,
nether_bricks_crying,nether_bricks,cube_all,
nether_bricks_curly,nether_bricks,cube_all,
nether_bricks_cut_blank,nether_bricks,cube_all,
nether_bricks_cut_column,nether_bricks,cube_all,
nether_bricks_duh,nether_bricks,cube_all,
nether_bricks_edged_bricks,nether_bricks,cube_all,
nether_bricks_engraved,nether_bricks,cube_all,
nether_bricks_eroded,nether_bricks,cube_all,
nether_bricks_etched_bricks,nether_bricks,cube_all,
nether_bricks_fine,nether_bricks,cube_all,
nether_bricks_flat_tiles,nether_bricks,cube_all,
nether_bricks_glad,nether_bricks,cube_all,
nether_bricks_inlayed,nether_bricks,cube_all,
nether_bricks_inscribed,nether_bricks,cube_all,
nether_bricks_layed_bricks,nether_bricks,cube_all,
nether_bricks_loded,nether_bricks,cube_all,
nether_bricks_beams,nether_bricks,cube_all,
nether_bricks_brick_pattern,nether_bricks,cube_all,
nether_bricks_brick_paving,nether_bricks,cube_all,
nether_bricks_bricks,nether_bricks,cube_all,
nether_bricks_chiseled_squares,nether_bricks,cube_all,
nether_bricks_diagonal_bricks,nether_bricks,cube_all,
nether_bricks_diamond_pavers,nether_bricks,cube_all,
nether_bricks_large_bricks,nether_bricks,cube_all,
nether_bricks_large_tiles,nether_bricks,cube_all,
nether_bricks_mini_tiles,nether_bricks,cube_all,
nether_bricks_rotated_bricks,nether_bricks,cube_all,
nether_bricks_scales,nether_bricks,cube_all,
nether_bricks_small_tiles,nether_bricks,cube_all,
nether_bricks_smooth,nether_bricks,cube_all,
nether_bricks_squares,nether_bricks,cube_all,
nether_bricks_tiles,nether_bricks,cube_all,
nether_bricks_offset_bricks,nether_bricks,cube_all,
nether_bricks_ornate,nether_bricks,cube_all,
nether_bricks_overlapping_tiles,nether_bricks,cube_all,
nether_bricks_polished,nether_bricks,cube_all,
nether_bricks_prismal_remnants,nether_bricks,cube_all,
nether_bricks_rough,nether_bricks,cube_all,
nether_bricks_rounded_bricks,nether_bricks,cube_all,
nether_bricks_runic_carved,nether_bricks,cube_all,
nether_bricks_sad,nether_bricks,cube_all,
nether_bricks_sanded,nether_bricks,cube_all,
nether_bricks_simple,nether_bricks,cube_all,
nether_bricks_small_bricks,nether_bricks,cube_all,
nether_bricks_smooth_inlayed,nether_bricks,cube_all,
nether_bricks_smooth_column,nether_bricks,cube_all,
nether_bricks_smooth_ringed,nether_bricks,cube_all,
nether_bricks_smoothed_double_inlayed,nether_bricks,cube_all,
nether_bricks_spiraled,nether_bricks,cube_all,
nether_bricks_stacked_bricks,nether_bricks,cube_all,
nether_bricks_thick_inlayed,nether_bricks,cube_all,
nether_bricks_tiled_bordered,nether_bricks,cube_all,
nether_bricks_tiled,nether_bricks,cube_all,
nether_bricks_tiled_column,nether_bricks,cube_all,
nether_bricks_tiny_brick_bordered,nether_bricks,cube_all,
nether_bricks_tiny_layered_bricks,nether_bricks,cube_all,
nether_bricks_tiny_layered_slabs,nether_bricks,cube_all,
nether_bricks_tiny_bricks,nether_bricks,cube_all,
nether_bricks_trodden,nether_bricks,cube_all,
nether_bricks_unamused,nether_bricks,cube_all,
nether_bricks_vertical_cut,nether_bricks,cube_all,
nether_bricks_vertical_disordered_bricks,nether_bricks,cube_all,
nether_bricks_weathered,nether_bricks,cube_all,
nether_wart_block_bubbling,nether_wart_block,cube_all,
nether_wart_block_crumbled,nether_wart_block,cube_all,
nether_wart_block_dried,nether_wart_block,cube_all,
nether_wart_block_erratic,nether_wart_block,cube_all,
nether_wart_block_eyed,nether_wart_block,cube_all,
nether_wart_block_patched,nether_wart_block,cube_all,
nether_wart_block_porous,nether_wart_block,cube_all,
nether_wart_block_rough,nether_wart_block,cube_all,
nether_wart_block_scabbed,nether_wart_block,cube_all,
nether_wart_block_scaled,nether_wart_block,cube_all,
nether_wart_block_seared,nether_wart_block,cube_all,
nether_wart_block_semi_spongy,nether_wart_block,cube_all,
nether_wart_block_speckled,nether_wart_block,cube_all,
nether_wart_block_spongy,nether_wart_block,cube_all,
netherite_block_ancient,netherite_block,cube_all,
netherite_block_chipped,netherite_block,cube_all,
netherite_block_embossed,netherite_block,cube_all,
netherite_block_engraved,netherite_block,cube_all,
netherite_block_layered,netherite_block,cube_all,
netherite_block_beams,netherite_block,cube_all,
netherite_block_bricks,netherite_block,cube_all,
netherite_block_chiseled,netherite_block,cube_all,
netherite_block_compacted,netherite_block,cube_all,
netherite_block_decorated,netherite_block,cube_all,
netherite_block_diagonal_tiles,netherite_block,cube_all,
netherite_block_indented,netherite_block,cube_all,
netherite_block_meteoric,netherite_block,cube_all,
netherite_block_panels,netherite_block,cube_all,
netherite_block_patterned,netherite_block,cube_all,
netherite_block_small_tiles,netherite_block,cube_all,
netherite_block_smooth,netherite_block,cube_all,
netherite_block_plated,netherite_block,cube_all,
netherite_block_polished,netherite_block,cube_all,
netherite_block_pressed,netherite_block,cube_all,
netherite_block_reinforced,netherite_block,cube_all,
netherite_block_sheet,netherite_block,cube_all,
netherite_block_shuttered,netherite_block,cube_all,
netherite_block_stacked,netherite_block,cube_all,
netherrack_angry,netherrack,cube_all,
netherrack_bordered,netherrack,cube_all,
netherrack_brick_bordered,netherrack,cube_all,
netherrack_carved,netherrack,cube_all,
netherrack_checkered_tiles,netherrack,cube_all,
netherrack_cobbled,netherrack,cube_all,
netherrack_cracked_disordered_bricks,netherrack,cube_all,
netherrack_cracked_flat_tiles,netherrack,cube_all,
netherrack_cracked_bricks,netherrack,cube_all,
netherrack_creeper_carving,netherrack,cube_all,
netherrack_crying,netherrack,cube_all,
netherrack_curly,netherrack,cube_all,
netherrack_cut_blank,netherrack,cube_all,
netherrack_cut_column,netherrack,cube_all,
netherrack_duh,netherrack,cube_all,
netherrack_edged_bricks,netherrack,cube_all,
netherrack_engraved,netherrack,cube_all,
netherrack_eroded,netherrack,cube_all,
netherrack_etched_bricks,netherrack,cube_all,
netherrack_fine,netherrack,cube_all,
netherrack_flat_tiles,netherrack,cube_all,
netherrack_glad,netherrack,cube_all,
netherrack_inlayed,netherrack,cube_all,
netherrack_inscribed,netherrack,cube_all,
netherrack_layed_bricks,netherrack,cube_all,
netherrack_loded,netherrack,cube_all,
netherrack_mossy_cobbled,netherrack,cube_all,
netherrack_mossy_bricks,netherrack,cube_all,
netherrack_beams,netherrack,cube_all,
netherrack_brick_pattern,netherrack,cube_all,
netherrack_brick_paving,netherrack,cube_all,
netherrack_bricks,netherrack,cube_all,
netherrack_dented,netherrack,cube_all,
netherrack_diamond_pavers,netherrack,cube_all,
netherrack_mini_tiles,netherrack,cube_all,
netherrack_rotated_bricks,netherrack,cube_all,
netherrack_scales,netherrack,cube_all,
netherrack_small_tiles,netherrack,cube_all,
netherrack_stripes,netherrack,cube_all,
netherrack_tiles,netherrack,cube_all,
netherrack_offset_bricks,netherrack,cube_all,
netherrack_ornate,netherrack,cube_all,
netherrack_overlapping_tiles,netherrack,cube_all,
netherrack_polished,netherrack,cube_all,
netherrack_prismal_remnants,netherrack,cube_all,
netherrack_rough,netherrack,cube_all,
netherrack_rounded_bricks,netherrack,cube_all,
netherrack_runic_carved,netherrack,cube_all,
netherrack_sad,netherrack,cube_all,
netherrack_sanded,netherrack,cube_all,
netherrack_simple,netherrack,cube_all,
netherrack_small_bricks,netherrack,cube_all,
netherrack_smooth_inlayed,netherrack,cube_all,
netherrack_smooth_column,netherrack,cube_all,
netherrack_smooth_ringed,netherrack,cube_all,
netherrack_smoothed_double_inlayed,netherrack,cube_all,
netherrack_spiraled,netherrack,cube_all,
netherrack_stacked_bricks,netherrack,cube_all,
netherrack_thick_inlayed,netherrack,cube_all,
netherrack_tiled_bordered,netherrack,cube_all,
netherrack_tiled,netherrack,cube_all,
netherrack_tiled_column,netherrack,cube_all,
netherrack_tiny_brick_bordered,netherrack,cube_all,
netherrack_tiny_layered_bricks,netherrack,cube_all,
netherrack_tiny_layered_slabs,netherrack,cube_all,
netherrack_tiny_bricks,netherrack,cube_all,
netherrack_trodden,netherrack,cube_all,
netherrack_unamused,netherrack,cube_all,
netherrack_vertical_cut,netherrack,cube_all,
netherrack_vertical_disordered_bricks,netherrack,cube_all,
netherrack_weathered,netherrack,cube_all,
oak_planks_basket_woven,oak_planks,cube_all,
oak_planks_boxed,oak_planks,cube_all,
oak_planks_brick_bond,oak_planks,cube_all,
oak_planks_bricky,oak_planks,cube_all,
oak_planks_cornered,oak_planks,cube_all,
oak_planks_crated,oak_planks,cube_all,
oak_planks_cross_laced,oak_planks,cube_all,
oak_planks_crossed,oak_planks,cube_all,
oak_planks_detailed,oak_planks,cube_all,
oak_planks_diagonal,oak_planks,cube_all,
oak_planks_diamond,oak_planks,cube_all,
oak_planks_double_herringbone,oak_planks,cube_all,
oak_planks_enclosed,oak_planks,cube_all,
oak_planks_fine,oak_planks,cube_all,
oak_planks_fine_vertical,oak_planks,cube_all,
oak_planks_framed,oak_planks,cube_all,
oak_planks_herringbone,oak_planks,cube_all,
oak_planks_hewn,oak_planks,cube_all,
oak_planks_laced,oak_planks,cube_all,
oak_planks_nailed,oak_planks,cube_all,
oak_planks_natural,oak_planks,cube_all,
oak_planks_beams,oak_planks,cube_all,
oak_planks_brick_pattern,oak_planks,cube_all,
oak_planks_brick_paving,oak_planks,cube_all,
oak_planks_bricks,oak_planks,cube_all,
oak_planks_crate,oak_planks,cube_all,
oak_planks_diagonal_stripes,oak_planks,cube_all,
oak_planks_diagonal_tiles,oak_planks,cube_all,
oak_planks_dotted,oak_planks,cube_all,
oak_planks_fine_mosaic,oak_planks,cube_all,
oak_planks_flooring,oak_planks,cube_all,
oak_planks_large_tiles,oak_planks,cube_all,
oak_planks_mosaic,oak_planks,cube_all,
oak_planks_panel,oak_planks,cube_all,
oak_planks_pattern,oak_planks,cube_all,
oak_planks_rotated_bricks,oak_planks,cube_all,
oak_planks_shavings,oak_planks,cube_all,
oak_planks_small_bricks,oak_planks,cube_all,
oak_planks_small_tiles,oak_planks,cube_all,
oak_planks_squares,oak_planks,cube_all,
oak_planks_tiles,oak_planks,cube_all,
oak_planks_wavy,oak_planks,cube_all,
oak_planks_woven,oak_planks,cube_all,
oak_planks_pegged,oak_planks,cube_all,
oak_planks_polished,oak_planks,cube_all,
oak_planks_railed,oak_planks,cube_all,
oak_planks_shifted,oak_planks,cube_all,
oak_planks_slanted,oak_planks,cube_all,
oak_planks_smooth,oak_planks,cube_all,
oak_planks_stacked,oak_planks,cube_all,
oak_planks_thin,oak_planks,cube_all,
oak_planks_tiled,oak_planks,cube_all,
oak_planks_versailles,oak_planks,cube_all,
oak_planks_vertical,oak_planks,cube_all,
oak_planks_vertically_railed,oak_planks,cube_all,
oak_planks_whirlwind,oak_planks,cube_all,
oak_planks_wickered,oak_planks,cube_all,
obsidian_angry,obsidian,cube_all,
obsidian_bordered,obsidian,cube_all,
obsidian_brick_bordered,obsidian,cube_all,
obsidian_carved,obsidian,cube_all,
obsidian_checkered_tiles,obsidian,cube_all,
obsidian_cobbled,obsidian,cube_all,
obsidian_cracked_disordered_bricks,obsidian,cube_all,
obsidian_cracked_flat_tiles,obsidian,cube_all,
obsidian_cracked_bricks,obsidian,cube_all,
obsidian_creeper_carving,obsidian,cube_all,
obsidian_crying,obsidian,cube_all,
obsidian_curly,obsidian,cube_all,
obsidian_cut_blank,obsidian,cube_all,
obsidian_cut_column,obsidian,cube_all,
obsidian_duh,obsidian,cube_all,
obsidian_edged_bricks,obsidian,cube_all,
obsidian_engraved,obsidian,cube_all,
obsidian_eroded,obsidian,cube_all,
obsidian_etched_bricks,obsidian,cube_all,
obsidian_fine,obsidian,cube_all,
obsidian_flat_tiles,obsidian,cube_all,
obsidian_glad,obsidian,cube_all,
obsidian_inlayed,obsidian,cube_all,
obsidian_inscribed,obsidian,cube_all,
obsidian_layed_bricks,obsidian,cube_all,
obsidian_loded,obsidian,cube_all,
obsidian_bordered,obsidian,cube_all,
obsidian_brick_pattern,obsidian,cube_all,
obsidian_brick_paving,obsidian,cube_all,
obsidian_bricks,obsidian,cube_all,
obsidian_chiseled,obsidian,cube_all,
obsidian_chiseled_circles,obsidian,cube_all,
obsidian_chiseled_creeper,obsidian,cube_all,
obsidian_chiseled_skeleton,obsidian,cube_all,
obsidian_dark,obsidian,cube_all,
obsidian_diamond_paver,obsidian,cube_all,
obsidian_framed_glass,obsidian,glass,translucent
obsidian_large_tiles,obsidian,cube_all,
obsidian_mini_tiles,obsidian,cube_all,
obsidian_rotated_bricks,obsidian,cube_all,
obsidian_scales,obsidian,cube_all,
obsidian_spots,obsidian,cube_all,
obsidian_squares,obsidian,cube_all,
obsidian_stripes,obsidian,cube_all,
obsidian_tiles,obsidian,cube_all,
obsidian_offset_bricks,obsidian,cube_all,
obsidian_ornate,obsidian,cube_all,
obsidian_overlapping_tiles,obsidian,cube_all,
obsidian_polished,obsidian,cube_all,
obsidian_prismal_remnants,obsidian,cube_all,
obsidian_rough,obsidian,cube_all,
obsidian_rounded_bricks,obsidian,cube_all,
obsidian_runic_carved,obsidian,cube_all,
obsidian_sad,obsidian,cube_all,
obsidian_sanded,obsidian,cube_all,
obsidian_simple,obsidian,cube_all,
obsidian_small_bricks,obsidian,cube_all,
obsidian_smooth_inlayed,obsidian,cube_all,
obsidian_smooth_column,obsidian,cube_all,
obsidian_smooth_ringed,obsidian,cube_all,
obsidian_smoothed_double_inlayed,obsidian,cube_all,
obsidian_spiraled,obsidian,cube_all,
obsidian_stacked_bricks,obsidian,cube_all,
obsidian_thick_inlayed,obsidian,cube_all,
obsidian_tiled_bordered,obsidian,cube_all,
obsidian_tiled,obsidian,cube_all,
obsidian_tiled_column,obsidian,cube_all,
obsidian_tiny_brick_bordered,obsidian,cube_all,
obsidian_tiny_layered_bricks,obsidian,cube_all,
obsidian_tiny_layered_slabs,obsidian,cube_all,
obsidian_tiny_bricks,obsidian,cube_all,
obsidian_trodden,obsidian,cube_all,
obsidian_unamused,obsidian,cube_all,
obsidian_vertical_cut,obsidian,cube_all,
obsidian_vertical_disordered_bricks,obsidian,cube_all,
obsidian_weathered,obsidian,cube_all,
ochrum_angry,ochrum,cube_all,
ochrum_bordered,ochrum,cube_all,
ochrum_brick_bordered,ochrum,cube_all,
ochrum_carved,ochrum,cube_all,
ochrum_checkered_tiles,ochrum,cube_all,
ochrum_cobbled,ochrum,cube_all,
ochrum_cracked_disordered_bricks,ochrum,cube_all,
ochrum_cracked_flat_tiles,ochrum,cube_all,
ochrum_cracked_bricks,ochrum,cube_all,
ochrum_creeper_carving,ochrum,cube_all,
ochrum_crying,ochrum,cube_all,
ochrum_cut_blank,ochrum,cube_all,
ochrum_duh,ochrum,cube_all,
ochrum_edged_bricks,ochrum,cube_all,
ochrum_engraved,ochrum,cube_all,
ochrum_eroded,ochrum,cube_all,
ochrum_etched_bricks,ochrum,cube_all,
ochrum_flat_tiles,ochrum,cube_all,
ochrum_glad,ochrum,cube_all,
ochrum_inlayed,ochrum,cube_all,
ochrum_inscribed,ochrum,cube_all,
ochrum_layed_bricks,ochrum,cube_all,
ochrum_loded,ochrum,cube_all,
ochrum_bricks,ochrum,cube_all,
ochrum_cut_polished,ochrum,cube_all,
ochrum_cut_small_brick,ochrum,cube_all,
ochrum_mini_tiles,ochrum,cube_all,
ochrum_scales,ochrum,cube_all,
ochrum_offset_bricks,ochrum,cube_all,
ochrum_overlapping_tiles,ochrum,cube_all,
ochrum_polished,ochrum,cube_all,
ochrum_prismal_remnants,ochrum,cube_all,
ochrum_rough,ochrum,cube_all,
ochrum_rounded_bricks,ochrum,cube_all,
ochrum_runic_carved,ochrum,cube_all,
ochrum_sad,ochrum,cube_all,
ochrum_sanded,ochrum,cube_all,
ochrum_small_bricks,ochrum,cube_all,
ochrum_smooth_inlayed,ochrum,cube_all,
ochrum_smooth_ringed,ochrum,cube_all,
ochrum_smoothed_double_inlayed,ochrum,cube_all,
ochrum_spiraled,ochrum,cube_all,
ochrum_stacked_bricks,ochrum,cube_all,
ochrum_thick_inlayed,ochrum,cube_all,
ochrum_tiled_bordered,ochrum,cube_all,
ochrum_tiled,ochrum,cube_all,
ochrum_tiny_brick_bordered,ochrum,cube_all,
ochrum_tiny_layered_bricks,ochrum,cube_all,
ochrum_tiny_layered_slabs,ochrum,cube_all,
ochrum_tiny_bricks,ochrum,cube_all,
ochrum_trodden,ochrum,cube_all,
ochrum_unamused,ochrum,cube_all,
ochrum_vertical_cut,ochrum,cube_all,
ochrum_vertical_disordered_bricks,ochrum,cube_all,
ochrum_weathered,ochrum,cube_all,
orange_concrete_bolted,orange_concrete,cube_all,
orange_concrete_creeper,orange_concrete,cube_all,
orange_concrete_grid,orange_concrete,cube_all,
orange_concrete_grill,orange_concrete,cube_all,
orange_concrete_hazard,orange_concrete,cube_all,
orange_concrete_mosaic,orange_concrete,cube_all,
orange_concrete,orange_concrete,cube_all,
orange_concrete_bricks,orange_concrete,cube_all,
orange_concrete_panel,orange_concrete,cube_all,
orange_concrete_tiles,orange_concrete,cube_all,
orange_concrete_pegged,orange_concrete,cube_all,
orange_concrete_railed,orange_concrete,cube_all,
orange_concrete_reinforced,orange_concrete,cube_all,
orange_concrete_rusted,orange_concrete,cube_all,
orange_concrete_smooth,orange_concrete,cube_all,
orange_concrete_stacked,orange_concrete,cube_all,
orange_concrete_stop,orange_concrete,cube_all,
orange_concrete_striped,orange_concrete,cube_all,
orange_concrete_warning,orange_concrete,cube_all,
orange_concrete_wired,orange_concrete,cube_all,
orange_glazed_terracotta_decorated,orange_glazed_terracotta,cube_all,
orange_glazed_terracotta_hexagonical,orange_glazed_terracotta,cube_all,
orange_glazed_terracotta_minimized,orange_glazed_terracotta,cube_all,
orange_glazed_terracotta_pillar_sides,orange_glazed_terracotta,cube_all,
orange_glazed_terracotta_pillar_top,orange_glazed_terracotta,cube_all,
orange_glazed_terracotta_smooth_tiles,orange_glazed_terracotta,cube_all,
orange_glazed_terracotta_tiles,orange_glazed_terracotta,cube_all,
orange_glazed_terracotta_paved,orange_glazed_terracotta,cube_all,
orange_glazed_terracotta_shrunken,orange_glazed_terracotta,cube_all,
orange_glazed_terracotta_starry,orange_glazed_terracotta,cube_all,
orange_glazed_terracotta_waved,orange_glazed_terracotta,cube_all,
orange_glazed_terracotta_fancy,orange_glazed_terracotta,cube_all,
orange_framed_glass,orange_stained_glass,glass,translucent
orange_stained_clear_glass,orange_stained_glass,glass,translucent
orange_stained_glass,orange_stained_glass,glass,translucent
scratched_glass_orange,orange_stained_glass,glass,translucent
orange_terracotta_chiseled,orange_terracotta,cube_all,
orange_terracotta_chiseled_bricks,orange_terracotta,cube_all,
orange_terracotta_crossed,orange_terracotta,cube_all,
orange_terracotta_curled,orange_terracotta,cube_all,
orange_terracotta_cut,orange_terracotta,cube_all,
orange_terracotta_decorated,orange_terracotta,cube_all,
orange_terracotta_hexagonical,orange_terracotta,cube_all,
orange_terracotta_layered,orange_terracotta,cube_all,
orange_terracotta,orange_terracotta,cube_all,
orange_terracotta_bricks,orange_terracotta,cube_all,
orange_terracotta_column,orange_terracotta,cube_all,
orange_terracotta_small_bricks,orange_terracotta,cube_all,
orange_terracotta_tile,orange_terracotta,cube_all,
orange_terracotta_tiles,orange_terracotta,cube_all,
orange_terracotta_small_tiles,orange_terracotta,cube_all,
orange_terracotta_triangular,orange_terracotta,cube_all,
orange_wool_barky,orange_wool,cube_all,
orange_wool_blocky,orange_wool,cube_all,
orange_wool_bundled,orange_wool,cube_all,
orange_wool_cross_haired,orange_wool,cube_all,
orange_wool_cubed,orange_wool,cube_all,
orange_wool_knitted,orange_wool,cube_all,
orange_wool_patched,orange_wool,cube_all,
orange_wool_ribbled,orange_wool,cube_all,
orange_wool_scaled,orange_wool,cube_all,
orange_wool_soft,orange_wool,cube_all,
orange_wool_stringed,orange_wool,cube_all,
orange_wool_tiled,orange_wool,cube_all,
orange_wool_tripped,orange_wool,cube_all,
orange_wool_wickered,orange_wool,cube_all,
orange_wool_windmill,orange_wool,cube_all,
orange_wool_woved,orange_wool,cube_all,
orange_wool_cornered,orange_wool,cube_all,
orange_wool_crafted,orange_wool,cube_all,
orange_wool_harsh_quilted,orange_wool,cube_all,
orange_wool_rectangle,orange_wool,cube_all,
orange_wool_delicate,orange_wool,cube_all,
orange_wool_ornamented,orange_wool,cube_all,
orange_wool_legacy,orange_wool,cube_all,
orange_wool_llama,orange_wool,cube_all,
oxidized_copper_block,oxidized_copper,cube_all,
oxidized_copper_grate,oxidized_copper,cube_all,cutout
packed_ice_angry,packed_ice,cube_all,
packed_ice_bordered,packed_ice,cube_all,
packed_ice_brick_bordered,packed_ice,cube_all,
packed_ice_carved,packed_ice,cube_all,
packed_ice_checkered_tiles,packed_ice,cube_all,
packed_ice_cobbled,packed_ice,cube_all,
packed_ice_cracked_disordered_bricks,packed_ice,cube_all,
packed_ice_cracked_flat_tiles,packed_ice,cube_all,
packed_ice_cracked_bricks,packed_ice,cube_all,
packed_ice_creeper_carving,packed_ice,cube_all,
packed_ice_crying,packed_ice,cube_all,
packed_ice_curly,packed_ice,cube_all,
packed_ice_cut_blank,packed_ice,cube_all,
packed_ice_cut_column,packed_ice,cube_all,
packed_ice_duh,packed_ice,cube_all,
packed_ice_edged_bricks,packed_ice,cube_all,
packed_ice_engraved,packed_ice,cube_all,
packed_ice_eroded,packed_ice,cube_all,
packed_ice_etched_bricks,packed_ice,cube_all,
packed_ice_fine,packed_ice,cube_all,
packed_ice_flat_tiles,packed_ice,cube_all,
packed_ice_glad,packed_ice,cube_all,
packed_ice_inlayed,packed_ice,cube_all,
packed_ice_inscribed,packed_ice,cube_all,
packed_ice_layed_bricks,packed_ice,cube_all,
packed_ice_loded,packed_ice,cube_all,
packed_ice_offset_bricks,packed_ice,cube_all,
packed_ice_ornate,packed_ice,cube_all,
packed_ice_overlapping_tiles,packed_ice,cube_all,
packed_ice_bricks,packed_ice,cube_all,
packed_ice_mini_tiles,packed_ice,cube_all,
packed_ice_scales,packed_ice,cube_all,
packed_ice_polished,packed_ice,cube_all,
packed_ice_prismal_remnants,packed_ice,cube_all,
packed_ice_rough,packed_ice,cube_all,
packed_ice_rounded_bricks,packed_ice,cube_all,
packed_ice_runic_carved,packed_ice,cube_all,
packed_ice_sad,packed_ice,cube_all,
packed_ice_sanded,packed_ice,cube_all,
packed_ice_simple,packed_ice,cube_all,
packed_ice_small_bricks,packed_ice,cube_all,
packed_ice_smooth_inlayed,packed_ice,cube_all,
packed_ice_smooth_column,packed_ice,cube_all,
packed_ice_smooth_ringed,packed_ice,cube_all,
packed_ice_smoothed_double_inlayed,packed_ice,cube_all,
packed_ice_spiraled,packed_ice,cube_all,
packed_ice_stacked_bricks,packed_ice,cube_all,
packed_ice_thick_inlayed,packed_ice,cube_all,
packed_ice_tiled_bordered,packed_ice,cube_all,
packed_ice_tiled,packed_ice,cube_all,
packed_ice_tiled_column,packed_ice,cube_all,
packed_ice_tiny_brick_bordered,packed_ice,cube_all,
packed_ice_tiny_layered_bricks,packed_ice,cube_all,
packed_ice_tiny_layered_slabs,packed_ice,cube_all,
packed_ice_tiny_bricks,packed_ice,cube_all,
packed_ice_trodden,packed_ice,cube_all,
packed_ice_unamused,packed_ice,cube_all,
packed_ice_vertical_cut,packed_ice,cube_all,
packed_ice_vertical_disordered_bricks,packed_ice,cube_all,
packed_ice_weathered,packed_ice,cube_all,
packed_mud_angled_bricks,packed_mud,cube_all,
packed_mud_angry,packed_mud,cube_all,
packed_mud_arrow,packed_mud,cube_all,
packed_mud_bordered,packed_mud,cube_all,
packed_mud_brick_bordered,packed_mud,cube_all,
packed_mud_button,packed_mud,cube_all,
packed_mud_carved,packed_mud,cube_all,
packed_mud_centered,packed_mud,cube_all,
packed_mud_chiseled,packed_mud,cube_all,
packed_mud_cracked_bricks,packed_mud,cube_all,
packed_mud_creeper_carving,packed_mud,cube_all,
packed_mud_crunched_bricks,packed_mud,cube_all,
packed_mud_crying,packed_mud,cube_all,
packed_mud_curly,packed_mud,cube_all,
packed_mud_cut_blank,packed_mud,cube_all,
packed_mud_double_bricks,packed_mud,cube_all,
packed_mud_duh,packed_mud,cube_all,
packed_mud_edged_bricks,packed_mud,cube_all,
packed_mud_engraved,packed_mud,cube_all,
packed_mud_etched_bricks,packed_mud,cube_all,
packed_mud_eye,packed_mud,cube_all,
packed_mud_fancy_chiseled,packed_mud,cube_all,
packed_mud_fancy,packed_mud,cube_all,
packed_mud_fine,packed_mud,cube_all,
packed_mud_glad,packed_mud,cube_all,
packed_mud_hard,packed_mud,cube_all,
packed_mud_heart,packed_mud,cube_all,
packed_mud_horned,packed_mud,cube_all,
packed_mud_inlayed,packed_mud,cube_all,
packed_mud_keyhole,packed_mud,cube_all,
packed_mud_large_tiled,packed_mud,cube_all,
packed_mud_leaning,packed_mud,cube_all,
packed_mud_mini_tiled,packed_mud,cube_all,
packed_mud_offset_bricks,packed_mud,cube_all,
packed_mud_ornate,packed_mud,cube_all,
packed_mud_overlapping_tiles,packed_mud,cube_all,
packed_mud_bricks,packed_mud,cube_all,
packed_mud_scales,packed_mud,cube_all,
packed_mud_pancake,packed_mud,cube_all,
packed_mud_panelled,packed_mud,cube_all,
packed_mud_placed,packed_mud,cube_all,
packed_mud_polished,packed_mud,cube_all,
packed_mud_prismal_remnants,packed_mud,cube_all,
packed_mud_quad,packed_mud,cube_all,
packed_mud_rough,packed_mud,cube_all,
packed_mud_rough_panelled,packed_mud,cube_all,
packed_mud_rune,packed_mud,cube_all,
packed_mud_sad,packed_mud,cube_all,
packed_mud_scaly,packed_mud,cube_all,
packed_mud_sigil,packed_mud,cube_all,
packed_mud_simple,packed_mud,cube_all,
packed_mud_small_bricks,packed_mud,cube_all,
packed_mud_smooth,packed_mud,cube_all,
packed_mud_smooth_ringed,packed_mud,cube_all,
packed_mud_smoothed_double_inlayed,packed_mud,cube_all,
packed_mud_spiral,packed_mud,cube_all,
packed_mud_stacked_bricks,packed_mud,cube_all,
packed_mud_star,packed_mud,cube_all,
packed_mud_symbol,packed_mud,cube_all,
packed_mud_thick_inlayed,packed_mud,cube_all,
packed_mud_tiled_bordered,packed_mud,cube_all,
packed_mud_tiled_bricks,packed_mud,cube_all,
packed_mud_tiled_column,packed_mud,cube_all,
packed_mud_tiny_layered_bricks,packed_mud,cube_all,
packed_mud_tiny_bricks,packed_mud,cube_all,
packed_mud_unamused,packed_mud,cube_all,
packed_mud_vertical_cut,packed_mud,cube_all,
packed_mud_vertical_disordered_bricks,packed_mud,cube_all,
pale_oak_planks_beams,pale_oak_planks,cube_all,
pale_oak_planks_brick_pattern,pale_oak_planks,cube_all,
pale_oak_planks_brick_paving,pale_oak_planks,cube_all,
pale_oak_planks_bricks,pale_oak_planks,cube_all,
pale_oak_planks_crate,pale_oak_planks,cube_all,
pale_oak_planks_diagonal_stripes,pale_oak_planks,cube_all,
pale_oak_planks_diagonal_tiles,pale_oak_planks,cube_all,
pale_oak_planks_dotted,pale_oak_planks,cube_all,
pale_oak_planks_flooring,pale_oak_planks,cube_all,
pale_oak_planks_large_tiles,pale_oak_planks,cube_all,
pale_oak_planks_pattern,pale_oak_planks,cube_all,
pale_oak_planks_rotated_bricks,pale_oak_planks,cube_all,
pale_oak_planks_small_bricks,pale_oak_planks,cube_all,
pale_oak_planks_small_tiles,pale_oak_planks,cube_all,
pale_oak_planks_squares,pale_oak_planks,cube_all,
pale_oak_planks_tiles,pale_oak_planks,cube_all,
pale_oak_planks_wavy,pale_oak_planks,cube_all,
pale_oak_planks_woven,pale_oak_planks,cube_all,
pink_concrete_bolted,pink_concrete,cube_all,
pink_concrete_creeper,pink_concrete,cube_all,
pink_concrete_grid,pink_concrete,cube_all,
pink_concrete_grill,pink_concrete,cube_all,
pink_concrete_hazard,pink_concrete,cube_all,
pink_concrete_mosaic,pink_concrete,cube_all,
pink_concrete_pegged,pink_concrete,cube_all,
pink_concrete,pink_concrete,cube_all,
pink_concrete_bricks,pink_concrete,cube_all,
pink_concrete_panel,pink_concrete,cube_all,
pink_concrete_tiles,pink_concrete,cube_all,
pink_concrete_railed,pink_concrete,cube_all,
pink_concrete_reinforced,pink_concrete,cube_all,
pink_concrete_rusted,pink_concrete,cube_all,
pink_concrete_smooth,pink_concrete,cube_all,
pink_concrete_stacked,pink_concrete,cube_all,
pink_concrete_stop,pink_concrete,cube_all,
pink_concrete_striped,pink_concrete,cube_all,
pink_concrete_warning,pink_concrete,cube_all,
pink_concrete_wired,pink_concrete,cube_all,
pink_glazed_terracotta_decorated,pink_glazed_terracotta,cube_all,
pink_glazed_terracotta_hexagonical,pink_glazed_terracotta,cube_all,
pink_glazed_terracotta_minimized,pink_glazed_terracotta,cube_all,
pink_glazed_terracotta_paved,pink_glazed_terracotta,cube_all,
pink_glazed_terracotta_pillar_sides,pink_glazed_terracotta,cube_all,
pink_glazed_terracotta_pillar_top,pink_glazed_terracotta,cube_all,
pink_glazed_terracotta_smooth_tiles,pink_glazed_terracotta,cube_all,
pink_glazed_terracotta_tiles,pink_glazed_terracotta,cube_all,
pink_glazed_terracotta_shrunken,pink_glazed_terracotta,cube_all,
pink_glazed_terracotta_starry,pink_glazed_terracotta,cube_all,
pink_glazed_terracotta_waved,pink_glazed_terracotta,cube_all,
pink_glazed_terracotta_fancy,pink_glazed_terracotta,cube_all,
pink_framed_glass,pink_stained_glass,glass,translucent
pink_stained_clear_glass,pink_stained_glass,glass,translucent
pink_stained_glass,pink_stained_glass,glass,translucent
scratched_glass_pink,pink_stained_glass,glass,translucent
pink_terracotta_chiseled,pink_terracotta,cube_all,
pink_terracotta_chiseled_bricks,pink_terracotta,cube_all,
pink_terracotta_crossed,pink_terracotta,cube_all,
pink_terracotta_curled,pink_terracotta,cube_all,
pink_terracotta_cut,pink_terracotta,cube_all,
pink_terracotta_decorated,pink_terracotta,cube_all,
pink_terracotta_hexagonical,pink_terracotta,cube_all,
pink_terracotta_layered,pink_terracotta,cube_all,
pink_terracotta,pink_terracotta,cube_all,
pink_terracotta_bricks,pink_terracotta,cube_all,
pink_terracotta_column,pink_terracotta,cube_all,
pink_terracotta_small_bricks,pink_terracotta,cube_all,
pink_terracotta_tile,pink_terracotta,cube_all,
pink_terracotta_tiles,pink_terracotta,cube_all,
pink_terracotta_small_tiles,pink_terracotta,cube_all,
pink_terracotta_triangular,pink_terracotta,cube_all,
pink_wool_barky,pink_wool,cube_all,
pink_wool_blocky,pink_wool,cube_all,
pink_wool_bundled,pink_wool,cube_all,
pink_wool_cross_haired,pink_wool,cube_all,
pink_wool_cubed,pink_wool,cube_all,
pink_wool_knitted,pink_wool,cube_all,
pink_wool_patched,pink_wool,cube_all,
pink_wool_ribbled,pink_wool,cube_all,
pink_wool_scaled,pink_wool,cube_all,
pink_wool_soft,pink_wool,cube_all,
pink_wool_stringed,pink_wool,cube_all,
pink_wool_tiled,pink_wool,cube_all,
pink_wool_tripped,pink_wool,cube_all,
pink_wool_wickered,pink_wool,cube_all,
pink_wool_windmill,pink_wool,cube_all,
pink_wool_woved,pink_wool,cube_all,
pink_wool_cornered,pink_wool,cube_all,
pink_wool_crafted,pink_wool,cube_all,
pink_wool_harsh_quilted,pink_wool,cube_all,
pink_wool_rectangle,pink_wool,cube_all,
pink_wool_delicate,pink_wool,cube_all,
pink_wool_ornamented,pink_wool,cube_all,
pink_wool_legacy,pink_wool,cube_all,
pink_wool_llama,pink_wool,cube_all,
prismarine_angry,prismarine,cube_all,
prismarine_bordered,prismarine,cube_all,
prismarine_brick_bordered,prismarine,cube_all,
prismarine_carved,prismarine,cube_all,
prismarine_checkered_tiles,prismarine,cube_all,
prismarine_cobbled,prismarine,cube_all,
prismarine_cracked_disordered_bricks,prismarine,cube_all,
prismarine_cracked_flat_tiles,prismarine,cube_all,
prismarine_cracked_bricks,prismarine,cube_all,
prismarine_cracked_tiny_tiles,prismarine,cube_all,
prismarine_creeper_carving,prismarine,cube_all,
prismarine_crying,prismarine,cube_all,
prismarine_curly,prismarine,cube_all,
prismarine_cut_blank,prismarine,cube_all,
prismarine_cut_column,prismarine,cube_all,
prismarine_duh,prismarine,cube_all,
prismarine_edged_bricks,prismarine,cube_all,
prismarine_engraved,prismarine,cube_all,
prismarine_eroded,prismarine,cube_all,
prismarine_etched_bricks,prismarine,cube_all,
prismarine_fine,prismarine,cube_all,
prismarine_flat_tiles,prismarine,cube_all,
prismarine_glad,prismarine,cube_all,
prismarine_inlayed,prismarine,cube_all,
prismarine_inscribed,prismarine,cube_all,
prismarine_layed_bricks,prismarine,cube_all,
prismarine_loded,prismarine,cube_all,
prismarine_mossy_cobbled,prismarine,cube_all,
prismarine_mossy_bricks,prismarine,cube_all,
prismarine_offset_bricks,prismarine,cube_all,
prismarine_ornate,prismarine,cube_all,
prismarine_overlapping_tiles,prismarine,cube_all,
prismarine_polished,prismarine,cube_all,
prismarine_prismal_remnants,prismarine,cube_all,
prismarine_bricks,prismarine,cube_all,
prismarine_bricks_beams,prismarine,cube_all,
prismarine_bricks_brick_pattern,prismarine,cube_all,
prismarine_bricks_brick_paving,prismarine,cube_all,
prismarine_bricks_bricks,prismarine,cube_all,
prismarine_bricks_chiseled_circles,prismarine,cube_all,
prismarine_bricks_chiseled_squares,prismarine,cube_all,
prismarine_bricks_diagonal_bricks,prismarine,cube_all,
prismarine_bricks_diagonal_tiles,prismarine,cube_all,
prismarine_bricks_dotted,prismarine,cube_all,
prismarine_bricks_pillars,prismarine,cube_all,
prismarine_bricks_rotated_bricks,prismarine,cube_all,
prismarine_bricks_rows,prismarine,cube_all,
prismarine_bricks_small_tiles,prismarine,cube_all,
prismarine_bricks_squares,prismarine,cube_all,
prismarine_bricks_tiles,prismarine,cube_all,
prismarine_bricks_wavy,prismarine,cube_all,
prismarine_bricks_woven,prismarine,cube_all,
prismarine_diamond_pavers,prismarine,cube_all,
prismarine_large_bricks,prismarine,cube_all,
prismarine_large_bricks_cracked,prismarine,cube_all,
prismarine_large_bricks_mossy,prismarine,cube_all,
prismarine_mini_tiles,prismarine,cube_all,
prismarine_scales,prismarine,cube_all,
prismarine_rough,prismarine,cube_all,
prismarine_rounded_bricks,prismarine,cube_all,
prismarine_runic_carved,prismarine,cube_all,
prismarine_sad,prismarine,cube_all,
prismarine_sanded,prismarine,cube_all,
prismarine_simple,prismarine,cube_all,
prismarine_small_bricks,prismarine,cube_all,
prismarine_smooth_inlayed,prismarine,cube_all,
prismarine_smooth_column,prismarine,cube_all,
prismarine_smooth_ringed,prismarine,cube_all,
prismarine_smoothed_double_inlayed,prismarine,cube_all,
prismarine_spiraled,prismarine,cube_all,
prismarine_stacked_bricks,prismarine,cube_all,
prismarine_thick_inlayed,prismarine,cube_all,
prismarine_tiled_bordered,prismarine,cube_all,
prismarine_tiled,prismarine,cube_all,
prismarine_tiled_column,prismarine,cube_all,
prismarine_tiny_brick_bordered,prismarine,cube_all,
prismarine_tiny_layered_bricks,prismarine,cube_all,
prismarine_tiny_layered_slabs,prismarine,cube_all,
prismarine_tiny_bricks,prismarine,cube_all,
prismarine_trodden,prismarine,cube_all,
prismarine_unamused,prismarine,cube_all,
prismarine_vertical_cut,prismarine,cube_all,
prismarine_vertical_disordered_bricks,prismarine,cube_all,
prismarine_weathered,prismarine,cube_all,
purple_concrete_bolted,purple_concrete,cube_all,
purple_concrete_creeper,purple_concrete,cube_all,
purple_concrete_grid,purple_concrete,cube_all,
purple_concrete_grill,purple_concrete,cube_all,
purple_concrete_hazard,purple_concrete,cube_all,
purple_concrete_mosaic,purple_concrete,cube_all,
purple_concrete_pegged,purple_concrete,cube_all,
purple_concrete,purple_concrete,cube_all,
purple_concrete_bricks,purple_concrete,cube_all,
purple_concrete_panel,purple_concrete,cube_all,
purple_concrete_tiles,purple_concrete,cube_all,
purple_concrete_railed,purple_concrete,cube_all,
purple_concrete_reinforced,purple_concrete,cube_all,
purple_concrete_rusted,purple_concrete,cube_all,
purple_concrete_smooth,purple_concrete,cube_all,
purple_concrete_stacked,purple_concrete,cube_all,
purple_concrete_stop,purple_concrete,cube_all,
purple_concrete_striped,purple_concrete,cube_all,
purple_concrete_warning,purple_concrete,cube_all,
purple_concrete_wired,purple_concrete,cube_all,
purple_glazed_terracotta_decorated,purple_glazed_terracotta,cube_all,
purple_glazed_terracotta_hexagonical,purple_glazed_terracotta,cube_all,
purple_glazed_terracotta_minimized,purple_glazed_terracotta,cube_all,
purple_glazed_terracotta_paved,purple_glazed_terracotta,cube_all,
purple_glazed_terracotta_pillar_sides,purple_glazed_terracotta,cube_all,
purple_glazed_terracotta_pillar_top,purple_glazed_terracotta,cube_all,
purple_glazed_terracotta_smooth_tiles,purple_glazed_terracotta,cube_all,
purple_glazed_terracotta_tiles,purple_glazed_terracotta,cube_all,
purple_glazed_terracotta_shrunken,purple_glazed_terracotta,cube_all,
purple_glazed_terracotta_starry,purple_glazed_terracotta,cube_all,
purple_glazed_terracotta_waved,purple_glazed_terracotta,cube_all,
purple_glazed_terracotta_fancy,purple_glazed_terracotta,cube_all,
purple_framed_glass,purple_stained_glass,glass,translucent
purple_stained_clear_glass,purple_stained_glass,glass,translucent
purple_stained_glass,purple_stained_glass,glass,translucent
scratched_glass_purple,purple_stained_glass,glass,translucent
purple_terracotta_chiseled,purple_terracotta,cube_all,
purple_terracotta_chiseled_bricks,purple_terracotta,cube_all,
purple_terracotta_crossed,purple_terracotta,cube_all,
purple_terracotta_curled,purple_terracotta,cube_all,
purple_terracotta_cut,purple_terracotta,cube_all,
purple_terracotta_decorated,purple_terracotta,cube_all,
purple_terracotta_hexagonical,purple_terracotta,cube_all,
purple_terracotta_layered,purple_terracotta,cube_all,
purple_terracotta,purple_terracotta,cube_all,
purple_terracotta_bricks,purple_terracotta,cube_all,
purple_terracotta_column,purple_terracotta,cube_all,
purple_terracotta_small_bricks,purple_terracotta,cube_all,
purple_terracotta_tile,purple_terracotta,cube_all,
purple_terracotta_tiles,purple_terracotta,cube_all,
purple_terracotta_small_tiles,purple_terracotta,cube_all,
purple_terracotta_triangular,purple_terracotta,cube_all,
purple_wool_barky,purple_wool,cube_all,
purple_wool_blocky,purple_wool,cube_all,
purple_wool_bundled,purple_wool,cube_all,
purple_wool_cross_haired,purple_wool,cube_all,
purple_wool_cubed,purple_wool,cube_all,
purple_wool_knitted,purple_wool,cube_all,
purple_wool_patched,purple_wool,cube_all,
purple_wool_ribbled,purple_wool,cube_all,
purple_wool_scaled,purple_wool,cube_all,
purple_wool_soft,purple_wool,cube_all,
purple_wool_stringed,purple_wool,cube_all,
purple_wool_tiled,purple_wool,cube_all,
purple_wool_tripped,purple_wool,cube_all,
purple_wool_wickered,purple_wool,cube_all,
purple_wool_windmill,purple_wool,cube_all,
purple_wool_woved,purple_wool,cube_all,
purple_wool_cornered,purple_wool,cube_all,
purple_wool_crafted,purple_wool,cube_all,
purple_wool_harsh_quilted,purple_wool,cube_all,
purple_wool_rectangle,purple_wool,cube_all,
purple_wool_delicate,purple_wool,cube_all,
purple_wool_ornamented,purple_wool,cube_all,
purple_wool_legacy,purple_wool,cube_all,
purple_wool_llama,purple_wool,cube_all,
purpur_block_angry,purpur_block,cube_all,
purpur_block_bordered,purpur_block,cube_all,
purpur_block_brick_bordered,purpur_block,cube_all,
purpur_block_carved,purpur_block,cube_all,
purpur_block_checkered_tiles,purpur_block,cube_all,
purpur_block_cobbled,purpur_block,cube_all,
purpur_block_cracked_disordered_bricks,purpur_block,cube_all,
purpur_block_cracked_flat_tiles,purpur_block,cube_all,
purpur_block_cracked_bricks,purpur_block,cube_all,
cracked_tiny_purpur_tiles,purpur_block,cube_all,
purpur_block_creeper_carving,purpur_block,cube_all,
purpur_block_crying,purpur_block,cube_all,
purpur_block_curly,purpur_block,cube_all,
purpur_block_cut_blank,purpur_block,cube_all,
purpur_block_cut_column,purpur_block,cube_all,
purpur_block_duh,purpur_block,cube_all,
purpur_block_edged_bricks,purpur_block,cube_all,
purpur_block_engraved,purpur_block,cube_all,
purpur_block_eroded,purpur_block,cube_all,
purpur_block_etched_bricks,purpur_block,cube_all,
purpur_block_fine,purpur_block,cube_all,
purpur_block_flat_tiles,purpur_block,cube_all,
purpur_block_glad,purpur_block,cube_all,
purpur_block_inlayed,purpur_block,cube_all,
purpur_block_inscribed,purpur_block,cube_all,
purpur_block_layed_bricks,purpur_block,cube_all,
purpur_block_loded,purpur_block,cube_all,
mossy_cobbled_purpur,purpur_block,cube_all,
mossy_purpur_bricks,purpur_block,cube_all,
purpur_block_offset_bricks,purpur_block,cube_all,
purpur_block_ornate,purpur_block,cube_all,
purpur_block_overlapping_tiles,purpur_block,cube_all,
purpur_block_polished,purpur_block,cube_all,
purpur_block_prismal_remnants,purpur_block,cube_all,
purpur_block_bricks,purpur_block,cube_all,
purpur_block_mini_tiles,purpur_block,cube_all,
purpur_block_scales,purpur_block,cube_all,
purpur_brick_pattern,purpur_block,cube_all,
purpur_brick_paving,purpur_block,cube_all,
purpur_bricks,purpur_block,cube_all,
purpur_diagonal_bricks,purpur_block,cube_all,
purpur_diagonal_tiles,purpur_block,cube_all,
purpur_diamond_pavers,purpur_block,cube_all,
purpur_dotted,purpur_block,cube_all,
purpur_fabric,purpur_block,cube_all,
purpur_jagged_pattern,purpur_block,cube_all,
purpur_large_tiles,purpur_block,cube_all,
purpur_organic_pattern,purpur_block,cube_all,
purpur_rotated_bricks,purpur_block,cube_all,
purpur_slanted_tiles,purpur_block,cube_all,
purpur_small_tiles,purpur_block,cube_all,
purpur_spiral_pattern,purpur_block,cube_all,
purpur_squares,purpur_block,cube_all,
purpur_tiles,purpur_block,cube_all,
purpur_woven,purpur_block,cube_all,
purpur_block_rough,purpur_block,cube_all,
purpur_block_rounded_bricks,purpur_block,cube_all,
purpur_block_runic_carved,purpur_block,cube_all,
purpur_block_sad,purpur_block,cube_all,
purpur_block_sanded,purpur_block,cube_all,
purpur_block_simple,purpur_block,cube_all,
purpur_block_small_bricks,purpur_block,cube_all,
purpur_block_smooth_inlayed,purpur_block,cube_all,
purpur_block_smooth_column,purpur_block,cube_all,
purpur_block_smooth_ringed,purpur_block,cube_all,
purpur_block_smoothed_double_inlayed,purpur_block,cube_all,
purpur_block_spiraled,purpur_block,cube_all,
purpur_block_stacked_bricks,purpur_block,cube_all,
purpur_block_thick_inlayed,purpur_block,cube_all,
purpur_block_tiled_bordered,purpur_block,cube_all,
purpur_block_tiled,purpur_block,cube_all,
purpur_block_tiled_column,purpur_block,cube_all,
purpur_block_tiny_brick_bordered,purpur_block,cube_all,
purpur_block_tiny_layered_bricks,purpur_block,cube_all,
purpur_block_tiny_layered_slabs,purpur_block,cube_all,
purpur_block_tiny_bricks,purpur_block,cube_all,
purpur_block_trodden,purpur_block,cube_all,
purpur_block_unamused,purpur_block,cube_all,
purpur_block_vertical_cut,purpur_block,cube_all,
purpur_block_vertical_disordered_bricks,purpur_block,cube_all,
purpur_block_weathered,purpur_block,cube_all,
quartz_block_angry,quartz_block,cube_all,
quartz_block_bordered,quartz_block,cube_all,
quartz_block_brick_bordered,quartz_block,cube_all,
quartz_block_carved,quartz_block,cube_all,
quartz_block_checkered_tiles,quartz_block,cube_all,
quartz_block_cobbled,quartz_block,cube_all,
quartz_block_cracked_disordered_bricks,quartz_block,cube_all,
quartz_block_cracked_flat_tiles,quartz_block,cube_all,
quartz_block_cracked_bricks,quartz_block,cube_all,
cracked_tiny_quartz_tiles,quartz_block,cube_all,
quartz_block_creeper_carving,quartz_block,cube_all,
quartz_block_crying,quartz_block,cube_all,
quartz_block_curly,quartz_block,cube_all,
quartz_block_cut_blank,quartz_block,cube_all,
quartz_block_cut_column,quartz_block,cube_all,
quartz_block_duh,quartz_block,cube_all,
quartz_block_edged_bricks,quartz_block,cube_all,
quartz_block_engraved,quartz_block,cube_all,
quartz_block_eroded,quartz_block,cube_all,
quartz_block_etched_bricks,quartz_block,cube_all,
quartz_block_fine,quartz_block,cube_all,
quartz_block_flat_tiles,quartz_block,cube_all,
quartz_block_glad,quartz_block,cube_all,
quartz_block_inlayed,quartz_block,cube_all,
quartz_block_inscribed,quartz_block,cube_all,
quartz_block_layed_bricks,quartz_block,cube_all,
quartz_block_loded,quartz_block,cube_all,
mossy_cobbled_quartz,quartz_block,cube_all,
mossy_quartz_bricks,quartz_block,cube_all,
quartz_block_offset_bricks,quartz_block,cube_all,
quartz_block_ornate,quartz_block,cube_all,
quartz_block_overlapping_tiles,quartz_block,cube_all,
quartz_block_polished,quartz_block,cube_all,
quartz_block_prismal_remnants,quartz_block,cube_all,
quartz_block,quartz_block,cube_all,
quartz_block_bordered,quartz_block,cube_all,
quartz_block_brick_paving,quartz_block,cube_all,
quartz_block_bricks,quartz_block,cube_all,
quartz_block_chiseled,quartz_block,cube_all,
quartz_block_chiseled_squares,quartz_block,cube_all,
quartz_block_crosses,quartz_block,cube_all,
quartz_block_diagonal_tiles,quartz_block,cube_all,
quartz_block_mini_tiles,quartz_block,cube_all,
quartz_block_pattern,quartz_block,cube_all,
quartz_block_rotated_bricks,quartz_block,cube_all,
quartz_block_rows,quartz_block,cube_all,
quartz_block_scales,quartz_block,cube_all,
quartz_block_small_tiles,quartz_block,cube_all,
quartz_block_squares,quartz_block,cube_all,
quartz_block_stripes,quartz_block,cube_all,
quartz_block_tiles,quartz_block,cube_all,
quartz_diamond_pavers,quartz_block,cube_all,
quartz_block_rough,quartz_block,cube_all,
quartz_block_rounded_bricks,quartz_block,cube_all,
quartz_block_runic_carved,quartz_block,cube_all,
quartz_block_sad,quartz_block,cube_all,
quartz_block_sanded,quartz_block,cube_all,
quartz_block_simple,quartz_block,cube_all,
quartz_block_small_bricks,quartz_block,cube_all,
quartz_block_smooth_inlayed,quartz_block,cube_all,
quartz_block_smooth_column,quartz_block,cube_all,
quartz_block_smooth_ringed,quartz_block,cube_all,
quartz_block_smoothed_double_inlayed,quartz_block,cube_all,
quartz_block_spiraled,quartz_block,cube_all,
quartz_block_stacked_bricks,quartz_block,cube_all,
quartz_block_thick_inlayed,quartz_block,cube_all,
quartz_block_tiled_bordered,quartz_block,cube_all,
quartz_block_tiled,quartz_block,cube_all,
quartz_block_tiled_column,quartz_block,cube_all,
quartz_block_tiny_brick_bordered,quartz_block,cube_all,
quartz_block_tiny_layered_bricks,quartz_block,cube_all,
quartz_block_tiny_layered_slabs,quartz_block,cube_all,
quartz_block_tiny_bricks,quartz_block,cube_all,
quartz_block_trodden,quartz_block,cube_all,
quartz_block_unamused,quartz_block,cube_all,
quartz_block_vertical_cut,quartz_block,cube_all,
quartz_block_vertical_disordered_bricks,quartz_block,cube_all,
quartz_block_weathered,quartz_block,cube_all,
raw_copper_block_angry,raw_copper_block,cube_all,
raw_copper_block_bordered,raw_copper_block,cube_all,
raw_copper_block_brick_bordered,raw_copper_block,cube_all,
raw_copper_block_carved,raw_copper_block,cube_all,
raw_copper_block_checkered_tiles,raw_copper_block,cube_all,
raw_copper_block_cobbled,raw_copper_block,cube_all,
raw_copper_block_cracked_disordered_bricks,raw_copper_block,cube_all,
raw_copper_block_cracked_flat_tiles,raw_copper_block,cube_all,
raw_copper_block_cracked_bricks,raw_copper_block,cube_all,
raw_copper_block_creeper_carving,raw_copper_block,cube_all,
raw_copper_block_crying,raw_copper_block,cube_all,
raw_copper_block_curly,raw_copper_block,cube_all,
raw_copper_block_cut_blank,raw_copper_block,cube_all,
raw_copper_block_cut_column,raw_copper_block,cube_all,
raw_copper_block_duh,raw_copper_block,cube_all,
raw_copper_block_edged_bricks,raw_copper_block,cube_all,
raw_copper_block_engraved,raw_copper_block,cube_all,
raw_copper_block_eroded,raw_copper_block,cube_all,
raw_copper_block_etched_bricks,raw_copper_block,cube_all,
raw_copper_block_fine,raw_copper_block,cube_all,
raw_copper_block_flat_tiles,raw_copper_block,cube_all,
raw_copper_block_glad,raw_copper_block,cube_all,
raw_copper_block_inlayed,raw_copper_block,cube_all,
raw_copper_block_inscribed,raw_copper_block,cube_all,
raw_copper_block_layed_bricks,raw_copper_block,cube_all,
raw_copper_block_loded,raw_copper_block,cube_all,
raw_copper_block_offset_bricks,raw_copper_block,cube_all,
raw_copper_block_ornate,raw_copper_block,cube_all,
raw_copper_block_overlapping_tiles,raw_copper_block,cube_all,
raw_copper_block_polished,raw_copper_block,cube_all,
raw_copper_block_prismal_remnants,raw_copper_block,cube_all,
raw_copper_block_bricks,raw_copper_block,cube_all,
raw_copper_block_mini_tiles,raw_copper_block,cube_all,
raw_copper_block_scales,raw_copper_block,cube_all,
raw_copper_block_rough,raw_copper_block,cube_all,
raw_copper_block_rounded_bricks,raw_copper_block,cube_all,
raw_copper_block_runic_carved,raw_copper_block,cube_all,
raw_copper_block_sad,raw_copper_block,cube_all,
raw_copper_block_sanded,raw_copper_block,cube_all,
raw_copper_block_simple,raw_copper_block,cube_all,
raw_copper_block_small_bricks,raw_copper_block,cube_all,
raw_copper_block_smooth_inlayed,raw_copper_block,cube_all,
raw_copper_block_smooth_column,raw_copper_block,cube_all,
raw_copper_block_smooth_ringed,raw_copper_block,cube_all,
raw_copper_block_smoothed_double_inlayed,raw_copper_block,cube_all,
raw_copper_block_spiraled,raw_copper_block,cube_all,
raw_copper_block_stacked_bricks,raw_copper_block,cube_all,
raw_copper_block_thick_inlayed,raw_copper_block,cube_all,
raw_copper_block_tiled_bordered,raw_copper_block,cube_all,
raw_copper_block_tiled,raw_copper_block,cube_all,
raw_copper_block_tiled_column,raw_copper_block,cube_all,
raw_copper_block_tiny_brick_bordered,raw_copper_block,cube_all,
raw_copper_block_tiny_layered_bricks,raw_copper_block,cube_all,
raw_copper_block_tiny_layered_slabs,raw_copper_block,cube_all,
raw_copper_block_tiny_bricks,raw_copper_block,cube_all,
raw_copper_block_trodden,raw_copper_block,cube_all,
raw_copper_block_unamused,raw_copper_block,cube_all,
raw_copper_block_vertical_cut,raw_copper_block,cube_all,
raw_copper_block_vertical_disordered_bricks,raw_copper_block,cube_all,
raw_copper_block_weathered,raw_copper_block,cube_all,
raw_gold_block_angry,raw_gold_block,cube_all,
raw_gold_block_bordered,raw_gold_block,cube_all,
raw_gold_block_brick_bordered,raw_gold_block,cube_all,
raw_gold_block_carved,raw_gold_block,cube_all,
raw_gold_block_checkered_tiles,raw_gold_block,cube_all,
raw_gold_block_cobbled,raw_gold_block,cube_all,
raw_gold_block_cracked_disordered_bricks,raw_gold_block,cube_all,
raw_gold_block_cracked_flat_tiles,raw_gold_block,cube_all,
raw_gold_block_cracked_bricks,raw_gold_block,cube_all,
raw_gold_block_creeper_carving,raw_gold_block,cube_all,
raw_gold_block_crying,raw_gold_block,cube_all,
raw_gold_block_curly,raw_gold_block,cube_all,
raw_gold_block_cut_blank,raw_gold_block,cube_all,
raw_gold_block_cut_column,raw_gold_block,cube_all,
raw_gold_block_duh,raw_gold_block,cube_all,
raw_gold_block_edged_bricks,raw_gold_block,cube_all,
raw_gold_block_engraved,raw_gold_block,cube_all,
raw_gold_block_eroded,raw_gold_block,cube_all,
raw_gold_block_etched_bricks,raw_gold_block,cube_all,
raw_gold_block_fine,raw_gold_block,cube_all,
raw_gold_block_flat_tiles,raw_gold_block,cube_all,
raw_gold_block_glad,raw_gold_block,cube_all,
raw_gold_block_inlayed,raw_gold_block,cube_all,
raw_gold_block_inscribed,raw_gold_block,cube_all,
raw_gold_block_layed_bricks,raw_gold_block,cube_all,
raw_gold_block_loded,raw_gold_block,cube_all,
raw_gold_block_offset_bricks,raw_gold_block,cube_all,
raw_gold_block_ornate,raw_gold_block,cube_all,
raw_gold_block_overlapping_tiles,raw_gold_block,cube_all,
raw_gold_block_polished,raw_gold_block,cube_all,
raw_gold_block_prismal_remnants,raw_gold_block,cube_all,
raw_gold_block_bricks,raw_gold_block,cube_all,
raw_gold_block_mini_tiles,raw_gold_block,cube_all,
raw_gold_block_scales,raw_gold_block,cube_all,
raw_gold_block_rough,raw_gold_block,cube_all,
raw_gold_block_rounded_bricks,raw_gold_block,cube_all,
raw_gold_block_runic_carved,raw_gold_block,cube_all,
raw_gold_block_sad,raw_gold_block,cube_all,
raw_gold_block_sanded,raw_gold_block,cube_all,
raw_gold_block_simple,raw_gold_block,cube_all,
raw_gold_block_small_bricks,raw_gold_block,cube_all,
raw_gold_block_smooth_inlayed,raw_gold_block,cube_all,
raw_gold_block_smooth_column,raw_gold_block,cube_all,
raw_gold_block_smooth_ringed,raw_gold_block,cube_all,
raw_gold_block_smoothed_double_inlayed,raw_gold_block,cube_all,
raw_gold_block_spiraled,raw_gold_block,cube_all,
raw_gold_block_stacked_bricks,raw_gold_block,cube_all,
raw_gold_block_thick_inlayed,raw_gold_block,cube_all,
raw_gold_block_tiled_bordered,raw_gold_block,cube_all,
raw_gold_block_tiled,raw_gold_block,cube_all,
raw_gold_block_tiled_column,raw_gold_block,cube_all,
raw_gold_block_tiny_brick_bordered,raw_gold_block,cube_all,
raw_gold_block_tiny_layered_bricks,raw_gold_block,cube_all,
raw_gold_block_tiny_layered_slabs,raw_gold_block,cube_all,
raw_gold_block_tiny_bricks,raw_gold_block,cube_all,
raw_gold_block_trodden,raw_gold_block,cube_all,
raw_gold_block_unamused,raw_gold_block,cube_all,
raw_gold_block_vertical_cut,raw_gold_block,cube_all,
raw_gold_block_vertical_disordered_bricks,raw_gold_block,cube_all,
raw_gold_block_weathered,raw_gold_block,cube_all,
raw_iron_block_angry,raw_iron_block,cube_all,
raw_iron_block_bordered,raw_iron_block,cube_all,
raw_iron_block_brick_bordered,raw_iron_block,cube_all,
raw_iron_block_carved,raw_iron_block,cube_all,
raw_iron_block_checkered_tiles,raw_iron_block,cube_all,
raw_iron_block_cobbled,raw_iron_block,cube_all,
raw_iron_block_cracked_disordered_bricks,raw_iron_block,cube_all,
raw_iron_block_cracked_flat_tiles,raw_iron_block,cube_all,
raw_iron_block_cracked_bricks,raw_iron_block,cube_all,
raw_iron_block_creeper_carving,raw_iron_block,cube_all,
raw_iron_block_crying,raw_iron_block,cube_all,
raw_iron_block_curly,raw_iron_block,cube_all,
raw_iron_block_cut_blank,raw_iron_block,cube_all,
raw_iron_block_cut_column,raw_iron_block,cube_all,
raw_iron_block_duh,raw_iron_block,cube_all,
raw_iron_block_edged_bricks,raw_iron_block,cube_all,
raw_iron_block_engraved,raw_iron_block,cube_all,
raw_iron_block_eroded,raw_iron_block,cube_all,
raw_iron_block_etched_bricks,raw_iron_block,cube_all,
raw_iron_block_fine,raw_iron_block,cube_all,
raw_iron_block_flat_tiles,raw_iron_block,cube_all,
raw_iron_block_glad,raw_iron_block,cube_all,
raw_iron_block_inlayed,raw_iron_block,cube_all,
raw_iron_block_inscribed,raw_iron_block,cube_all,
raw_iron_block_layed_bricks,raw_iron_block,cube_all,
raw_iron_block_loded,raw_iron_block,cube_all,
raw_iron_block_offset_bricks,raw_iron_block,cube_all,
raw_iron_block_ornate,raw_iron_block,cube_all,
raw_iron_block_overlapping_tiles,raw_iron_block,cube_all,
raw_iron_block_polished,raw_iron_block,cube_all,
raw_iron_block_prismal_remnants,raw_iron_block,cube_all,
raw_iron_block_bricks,raw_iron_block,cube_all,
raw_iron_block_mini_tiles,raw_iron_block,cube_all,
raw_iron_block_scales,raw_iron_block,cube_all,
raw_iron_block_rough,raw_iron_block,cube_all,
raw_iron_block_rounded_bricks,raw_iron_block,cube_all,
raw_iron_block_runic_carved,raw_iron_block,cube_all,
raw_iron_block_sad,raw_iron_block,cube_all,
raw_iron_block_sanded,raw_iron_block,cube_all,
raw_iron_block_simple,raw_iron_block,cube_all,
raw_iron_block_small_bricks,raw_iron_block,cube_all,
raw_iron_block_smooth_inlayed,raw_iron_block,cube_all,
raw_iron_block_smooth_column,raw_iron_block,cube_all,
raw_iron_block_smooth_ringed,raw_iron_block,cube_all,
raw_iron_block_smoothed_double_inlayed,raw_iron_block,cube_all,
raw_iron_block_spiraled,raw_iron_block,cube_all,
raw_iron_block_stacked_bricks,raw_iron_block,cube_all,
raw_iron_block_thick_inlayed,raw_iron_block,cube_all,
raw_iron_block_tiled_bordered,raw_iron_block,cube_all,
raw_iron_block_tiled,raw_iron_block,cube_all,
raw_iron_block_tiled_column,raw_iron_block,cube_all,
raw_iron_block_tiny_brick_bordered,raw_iron_block,cube_all,
raw_iron_block_tiny_layered_bricks,raw_iron_block,cube_all,
raw_iron_block_tiny_layered_slabs,raw_iron_block,cube_all,
raw_iron_block_tiny_bricks,raw_iron_block,cube_all,
raw_iron_block_trodden,raw_iron_block,cube_all,
raw_iron_block_unamused,raw_iron_block,cube_all,
raw_iron_block_vertical_cut,raw_iron_block,cube_all,
raw_iron_block_vertical_disordered_bricks,raw_iron_block,cube_all,
raw_iron_block_weathered,raw_iron_block,cube_all,
red_concrete_bolted,red_concrete,cube_all,
red_concrete_creeper,red_concrete,cube_all,
red_concrete_grid,red_concrete,cube_all,
red_concrete_grill,red_concrete,cube_all,
red_concrete_hazard,red_concrete,cube_all,
red_concrete_mosaic,red_concrete,cube_all,
red_concrete_pegged,red_concrete,cube_all,
red_concrete_railed,red_concrete,cube_all,
red_concrete,red_concrete,cube_all,
red_concrete_bricks,red_concrete,cube_all,
red_concrete_panel,red_concrete,cube_all,
red_concrete_tiles,red_concrete,cube_all,
red_concrete_reinforced,red_concrete,cube_all,
red_concrete_rusted,red_concrete,cube_all,
red_concrete_smooth,red_concrete,cube_all,
red_concrete_stacked,red_concrete,cube_all,
red_concrete_stop,red_concrete,cube_all,
red_concrete_striped,red_concrete,cube_all,
red_concrete_warning,red_concrete,cube_all,
red_concrete_wired,red_concrete,cube_all,
red_glazed_terracotta_decorated,red_glazed_terracotta,cube_all,
red_glazed_terracotta_hexagonical,red_glazed_terracotta,cube_all,
red_glazed_terracotta_minimized,red_glazed_terracotta,cube_all,
red_glazed_terracotta_paved,red_glazed_terracotta,cube_all,
red_glazed_terracotta_pillar_sides,red_glazed_terracotta,cube_all,
red_glazed_terracotta_pillar_top,red_glazed_terracotta,cube_all,
red_glazed_terracotta_smooth_tiles,red_glazed_terracotta,cube_all,
red_glazed_terracotta_tiles,red_glazed_terracotta,cube_all,
red_glazed_terracotta_shrunken,red_glazed_terracotta,cube_all,
red_glazed_terracotta_starry,red_glazed_terracotta,cube_all,
red_glazed_terracotta_waved,red_glazed_terracotta,cube_all,
red_glazed_terracotta_fancy,red_glazed_terracotta,cube_all,
red_mushroom_block_dark_dotted,red_mushroom_block,cube_all,
red_mushroom_block_dark_dusted,red_mushroom_block,cube_all,
red_mushroom_block_dark_freckled,red_mushroom_block,cube_all,
red_mushroom_block_dark_smooth,red_mushroom_block,cube_all,
red_mushroom_block_dark_spotted,red_mushroom_block,cube_all,
red_mushroom_block_dotted,red_mushroom_block,cube_all,
red_mushroom_block_dusted,red_mushroom_block,cube_all,
red_mushroom_block_freckled,red_mushroom_block,cube_all,
red_mushroom_block_light_dotted,red_mushroom_block,cube_all,
red_mushroom_block_light_dusted,red_mushroom_block,cube_all,
red_mushroom_block_light_freckled,red_mushroom_block,cube_all,
red_mushroom_block_light_smooth,red_mushroom_block,cube_all,
red_mushroom_block_light_spotted,red_mushroom_block,cube_all,
red_mushroom_block_smooth,red_mushroom_block,cube_all,
red_mushroom_block_spotted,red_mushroom_block,cube_all,
red_nether_bricks_angry,red_nether_bricks,cube_all,
red_nether_bricks_bordered,red_nether_bricks,cube_all,
red_nether_bricks_brick_bordered,red_nether_bricks,cube_all,
red_nether_bricks_carved,red_nether_bricks,cube_all,
red_nether_bricks_checkered_tiles,red_nether_bricks,cube_all,
red_nether_bricks_cobbled,red_nether_bricks,cube_all,
red_nether_bricks_cracked_disordered_bricks,red_nether_bricks,cube_all,
red_nether_bricks_cracked_flat_tiles,red_nether_bricks,cube_all,
red_nether_bricks_cracked_bricks,red_nether_bricks,cube_all,
red_nether_bricks_creeper_carving,red_nether_bricks,cube_all,
red_nether_bricks_crying,red_nether_bricks,cube_all,
red_nether_bricks_curly,red_nether_bricks,cube_all,
red_nether_bricks_cut_blank,red_nether_bricks,cube_all,
red_nether_bricks_cut_column,red_nether_bricks,cube_all,
red_nether_bricks_duh,red_nether_bricks,cube_all,
red_nether_bricks_edged_bricks,red_nether_bricks,cube_all,
red_nether_bricks_engraved,red_nether_bricks,cube_all,
red_nether_bricks_eroded,red_nether_bricks,cube_all,
red_nether_bricks_etched_bricks,red_nether_bricks,cube_all,
red_nether_bricks_fine,red_nether_bricks,cube_all,
red_nether_bricks_flat_tiles,red_nether_bricks,cube_all,
red_nether_bricks_glad,red_nether_bricks,cube_all,
red_nether_bricks_inlayed,red_nether_bricks,cube_all,
red_nether_bricks_inscribed,red_nether_bricks,cube_all,
red_nether_bricks_layed_bricks,red_nether_bricks,cube_all,
red_nether_bricks_loded,red_nether_bricks,cube_all,
red_nether_bricks_offset_bricks,red_nether_bricks,cube_all,
red_nether_bricks_ornate,red_nether_bricks,cube_all,
red_nether_bricks_overlapping_tiles,red_nether_bricks,cube_all,
red_nether_bricks_polished,red_nether_bricks,cube_all,
red_nether_bricks_prismal_remnants,red_nether_bricks,cube_all,
red_nether_bricks_beams,red_nether_bricks,cube_all,
red_nether_bricks_brick_pattern,red_nether_bricks,cube_all,
red_nether_bricks_brick_paving,red_nether_bricks,cube_all,
red_nether_bricks_bricks,red_nether_bricks,cube_all,
red_nether_bricks_chiseled_squares,red_nether_bricks,cube_all,
red_nether_bricks_diagonal_bricks,red_nether_bricks,cube_all,
red_nether_bricks_large_bricks,red_nether_bricks,cube_all,
red_nether_bricks_large_tiles,red_nether_bricks,cube_all,
red_nether_bricks_mini_tiles,red_nether_bricks,cube_all,
red_nether_bricks_rotated_bricks,red_nether_bricks,cube_all,
red_nether_bricks_scales,red_nether_bricks,cube_all,
red_nether_bricks_small_tiles,red_nether_bricks,cube_all,
red_nether_bricks_smooth,red_nether_bricks,cube_all,
red_nether_bricks_squares,red_nether_bricks,cube_all,
red_nether_bricks_tiles,red_nether_bricks,cube_all,
red_nether_bricks_rough,red_nether_bricks,cube_all,
red_nether_bricks_rounded_bricks,red_nether_bricks,cube_all,
red_nether_bricks_runic_carved,red_nether_bricks,cube_all,
red_nether_bricks_sad,red_nether_bricks,cube_all,
red_nether_bricks_sanded,red_nether_bricks,cube_all,
red_nether_bricks_simple,red_nether_bricks,cube_all,
red_nether_bricks_small_bricks,red_nether_bricks,cube_all,
red_nether_bricks_smooth_inlayed,red_nether_bricks,cube_all,
red_nether_bricks_smooth_column,red_nether_bricks,cube_all,
red_nether_bricks_smooth_ringed,red_nether_bricks,cube_all,
red_nether_bricks_smoothed_double_inlayed,red_nether_bricks,cube_all,
red_nether_bricks_spiraled,red_nether_bricks,cube_all,
red_nether_bricks_stacked_bricks,red_nether_bricks,cube_all,
red_nether_bricks_thick_inlayed,red_nether_bricks,cube_all,
red_nether_bricks_tiled_bordered,red_nether_bricks,cube_all,
red_nether_bricks_tiled,red_nether_bricks,cube_all,
red_nether_bricks_tiled_column,red_nether_bricks,cube_all,
red_nether_bricks_tiny_brick_bordered,red_nether_bricks,cube_all,
red_nether_bricks_tiny_layered_bricks,red_nether_bricks,cube_all,
red_nether_bricks_tiny_layered_slabs,red_nether_bricks,cube_all,
red_nether_bricks_tiny_bricks,red_nether_bricks,cube_all,
red_nether_bricks_trodden,red_nether_bricks,cube_all,
red_nether_bricks_unamused,red_nether_bricks,cube_all,
red_nether_bricks_vertical_cut,red_nether_bricks,cube_all,
red_nether_bricks_vertical_disordered_bricks,red_nether_bricks,cube_all,
red_nether_bricks_weathered,red_nether_bricks,cube_all,
red_sandstone_angry,red_sandstone,cube_all,
red_sandstone_bordered,red_sandstone,cube_all,
red_sandstone_brick_bordered,red_sandstone,cube_all,
red_sandstone_carved,red_sandstone,cube_all,
red_sandstone_checkered_tiles,red_sandstone,cube_all,
red_sandstone_cobbled,red_sandstone,cube_all,
red_sandstone_cracked_disordered_bricks,red_sandstone,cube_all,
red_sandstone_cracked_flat_tiles,red_sandstone,cube_all,
red_sandstone_cracked_bricks,red_sandstone,cube_all,
red_sandstone_cracked_tiny_tiles,red_sandstone,cube_all,
red_sandstone_creeper_carving,red_sandstone,cube_all,
red_sandstone_crying,red_sandstone,cube_all,
red_sandstone_curly,red_sandstone,cube_all,
red_sandstone_cut_blank,red_sandstone,cube_all,
red_sandstone_duh,red_sandstone,cube_all,
red_sandstone_edged_bricks,red_sandstone,cube_all,
red_sandstone_engraved,red_sandstone,cube_all,
red_sandstone_eroded,red_sandstone,cube_all,
red_sandstone_etched_bricks,red_sandstone,cube_all,
red_sandstone_fine,red_sandstone,cube_all,
red_sandstone_flat_tiles,red_sandstone,cube_all,
red_sandstone_glad,red_sandstone,cube_all,
red_sandstone_inlayed,red_sandstone,cube_all,
red_sandstone_inscribed,red_sandstone,cube_all,
red_sandstone_layed_bricks,red_sandstone,cube_all,
red_sandstone_loded,red_sandstone,cube_all,
red_sandstone_mossy_cobbled,red_sandstone,cube_all,
red_sandstone_mossy_bricks,red_sandstone,cube_all,
red_sandstone_offset_bricks,red_sandstone,cube_all,
red_sandstone_ornate,red_sandstone,cube_all,
red_sandstone_overlapping_tiles,red_sandstone,cube_all,
red_sandstone_polished,red_sandstone,cube_all,
red_sandstone_prismal_remnants,red_sandstone,cube_all,
red_sandstone_brick_pattern,red_sandstone,cube_all,
red_sandstone_brick_paving,red_sandstone,cube_all,
red_sandstone_bricks,red_sandstone,cube_all,
red_sandstone_diagonal_bricks,red_sandstone,cube_all,
red_sandstone_framed_glass,red_sandstone,glass,translucent
red_sandstone_large_tiles,red_sandstone,cube_all,
red_sandstone_mini_tiles,red_sandstone,cube_all,
red_sandstone_rotated_bricks,red_sandstone,cube_all,
red_sandstone_scales,red_sandstone,cube_all,
red_sandstone_tiles,red_sandstone,cube_all,
red_sandstone_rough,red_sandstone,cube_all,
red_sandstone_rounded_bricks,red_sandstone,cube_all,
red_sandstone_runic_carved,red_sandstone,cube_all,
red_sandstone_sad,red_sandstone,cube_all,
red_sandstone_sanded,red_sandstone,cube_all,
red_sandstone_simple,red_sandstone,cube_all,
red_sandstone_small_bricks,red_sandstone,cube_all,
red_sandstone_smooth_inlayed,red_sandstone,cube_all,
red_sandstone_smooth_column,red_sandstone,cube_all,
red_sandstone_smooth_ringed,red_sandstone,cube_all,
red_sandstone_smoothed_double_inlayed,red_sandstone,cube_all,
red_sandstone_spiraled,red_sandstone,cube_all,
red_sandstone_stacked_bricks,red_sandstone,cube_all,
red_sandstone_thick_inlayed,red_sandstone,cube_all,
red_sandstone_tiled_bordered,red_sandstone,cube_all,
red_sandstone_tiled,red_sandstone,cube_all,
red_sandstone_tiled_column,red_sandstone,cube_all,
red_sandstone_tiny_brick_bordered,red_sandstone,cube_all,
red_sandstone_tiny_layered_bricks,red_sandstone,cube_all,
red_sandstone_tiny_layered_slabs,red_sandstone,cube_all,
red_sandstone_tiny_bricks,red_sandstone,cube_all,
red_sandstone_trodden,red_sandstone,cube_all,
red_sandstone_unamused,red_sandstone,cube_all,
red_sandstone_vertical_cut,red_sandstone,cube_all,
red_sandstone_vertical_disordered_bricks,red_sandstone,cube_all,
red_sandstone_weathered,red_sandstone,cube_all,
red_framed_glass,red_stained_glass,glass,translucent
red_stained_clear_glass,red_stained_glass,glass,translucent
red_stained_glass,red_stained_glass,glass,translucent
scratched_glass_red,red_stained_glass,glass,translucent
red_terracotta_chiseled,red_terracotta,cube_all,
red_terracotta_chiseled_bricks,red_terracotta,cube_all,
red_terracotta_crossed,red_terracotta,cube_all,
red_terracotta_curled,red_terracotta,cube_all,
red_terracotta_cut,red_terracotta,cube_all,
red_terracotta_decorated,red_terracotta,cube_all,
red_terracotta_hexagonical,red_terracotta,cube_all,
red_terracotta_layered,red_terracotta,cube_all,
red_terracotta,red_terracotta,cube_all,
red_terracotta_bricks,red_terracotta,cube_all,
red_terracotta_column,red_terracotta,cube_all,
red_terracotta_small_bricks,red_terracotta,cube_all,
red_terracotta_tile,red_terracotta,cube_all,
red_terracotta_tiles,red_terracotta,cube_all,
red_terracotta_small_tiles,red_terracotta,cube_all,
red_terracotta_triangular,red_terracotta,cube_all,
red_wool_barky,red_wool,cube_all,
red_wool_blocky,red_wool,cube_all,
red_wool_bundled,red_wool,cube_all,
red_wool_cross_haired,red_wool,cube_all,
red_wool_cubed,red_wool,cube_all,
red_wool_knitted,red_wool,cube_all,
red_wool_patched,red_wool,cube_all,
red_wool_ribbled,red_wool,cube_all,
red_wool_scaled,red_wool,cube_all,
red_wool_soft,red_wool,cube_all,
red_wool_stringed,red_wool,cube_all,
red_wool_tiled,red_wool,cube_all,
red_wool_tripped,red_wool,cube_all,
red_wool_wickered,red_wool,cube_all,
red_wool_windmill,red_wool,cube_all,
red_wool_woved,red_wool,cube_all,
red_wool_cornered,red_wool,cube_all,
red_wool_crafted,red_wool,cube_all,
red_wool_harsh_quilted,red_wool,cube_all,
red_wool_rectangle,red_wool,cube_all,
red_wool_delicate,red_wool,cube_all,
red_wool_ornamented,red_wool,cube_all,
red_wool_legacy,red_wool,cube_all,
red_wool_llama,red_wool,cube_all,
redstone_block_angry,redstone_block,cube_all,
redstone_block_bordered,redstone_block,cube_all,
redstone_block_brick_bordered,redstone_block,cube_all,
redstone_block_carved,redstone_block,cube_all,
redstone_block_checkered_tiles,redstone_block,cube_all,
redstone_block_cobbled,redstone_block,cube_all,
redstone_block_cracked_disordered_bricks,redstone_block,cube_all,
redstone_block_cracked_flat_tiles,redstone_block,cube_all,
redstone_block_cracked_bricks,redstone_block,cube_all,
redstone_block_creeper_carving,redstone_block,cube_all,
redstone_block_crying,redstone_block,cube_all,
redstone_block_curly,redstone_block,cube_all,
redstone_block_cut_blank,redstone_block,cube_all,
redstone_block_cut_column,redstone_block,cube_all,
redstone_block_duh,redstone_block,cube_all,
redstone_block_edged_bricks,redstone_block,cube_all,
redstone_block_engraved,redstone_block,cube_all,
redstone_block_eroded,redstone_block,cube_all,
redstone_block_etched_bricks,redstone_block,cube_all,
redstone_block_fine,redstone_block,cube_all,
redstone_block_flat_tiles,redstone_block,cube_all,
redstone_block_glad,redstone_block,cube_all,
redstone_block_inlayed,redstone_block,cube_all,
redstone_block_inscribed,redstone_block,cube_all,
redstone_block_layed_bricks,redstone_block,cube_all,
redstone_block_loded,redstone_block,cube_all,
redstone_block_offset_bricks,redstone_block,cube_all,
redstone_block_ornate,redstone_block,cube_all,
redstone_block_overlapping_tiles,redstone_block,cube_all,
redstone_block_polished,redstone_block,cube_all,
redstone_block_prismal_remnants,redstone_block,cube_all,
redstone_block_bordered,redstone_block,cube_all,
redstone_block_brick_bordered,redstone_block,cube_all,
redstone_block_bricks,redstone_block,cube_all,
redstone_block_chiseled_clovers,redstone_block,cube_all,
redstone_block_circles,redstone_block,cube_all,
redstone_block_compressed,redstone_block,cube_all,
redstone_block_crushed,redstone_block,cube_all,
redstone_block_diagonal_tiles,redstone_block,cube_all,
redstone_block_mini_tiles,redstone_block,cube_all,
redstone_block_patterned,redstone_block,cube_all,
redstone_block_paving,redstone_block,cube_all,
redstone_block_scales,redstone_block,cube_all,
redstone_block_small_tiles,redstone_block,cube_all,
redstone_block_smooth,redstone_block,cube_all,
redstone_block_rough,redstone_block,cube_all,
redstone_block_rounded_bricks,redstone_block,cube_all,
redstone_block_runic_carved,redstone_block,cube_all,
redstone_block_sad,redstone_block,cube_all,
redstone_block_sanded,redstone_block,cube_all,
redstone_block_simple,redstone_block,cube_all,
redstone_block_small_bricks,redstone_block,cube_all,
redstone_block_smooth_inlayed,redstone_block,cube_all,
redstone_block_smooth_column,redstone_block,cube_all,
redstone_block_smooth_ringed,redstone_block,cube_all,
redstone_block_smoothed_double_inlayed,redstone_block,cube_all,
redstone_block_spiraled,redstone_block,cube_all,
redstone_block_stacked_bricks,redstone_block,cube_all,
redstone_block_thick_inlayed,redstone_block,cube_all,
redstone_block_tiled_bordered,redstone_block,cube_all,
redstone_block_tiled,redstone_block,cube_all,
redstone_block_tiled_column,redstone_block,cube_all,
redstone_block_tiny_brick_bordered,redstone_block,cube_all,
redstone_block_tiny_layered_bricks,redstone_block,cube_all,
redstone_block_tiny_layered_slabs,redstone_block,cube_all,
redstone_block_tiny_bricks,redstone_block,cube_all,
redstone_block_trodden,redstone_block,cube_all,
redstone_block_unamused,redstone_block,cube_all,
redstone_block_vertical_cut,redstone_block,cube_all,
redstone_block_vertical_disordered_bricks,redstone_block,cube_all,
redstone_block_weathered,redstone_block,cube_all,
rose_quartz_angry,rose_quartz,cube_all,
rose_quartz_bordered,rose_quartz,cube_all,
rose_quartz_brick_bordered,rose_quartz,cube_all,
rose_quartz_carved,rose_quartz,cube_all,
rose_quartz_checkered_tiles,rose_quartz,cube_all,
rose_quartz_cobbled,rose_quartz,cube_all,
rose_quartz_cracked_disordered_bricks,rose_quartz,cube_all,
rose_quartz_cracked_flat_tiles,rose_quartz,cube_all,
rose_quartz_cracked_bricks,rose_quartz,cube_all,
rose_quartz_creeper_carving,rose_quartz,cube_all,
rose_quartz_crying,rose_quartz,cube_all,
rose_quartz_cut_blank,rose_quartz,cube_all,
rose_quartz_duh,rose_quartz,cube_all,
rose_quartz_edged_bricks,rose_quartz,cube_all,
rose_quartz_engraved,rose_quartz,cube_all,
rose_quartz_eroded,rose_quartz,cube_all,
rose_quartz_etched_bricks,rose_quartz,cube_all,
rose_quartz_flat_tiles,rose_quartz,cube_all,
rose_quartz_glad,rose_quartz,cube_all,
rose_quartz_inlayed,rose_quartz,cube_all,
rose_quartz_inscribed,rose_quartz,cube_all,
rose_quartz_layed_bricks,rose_quartz,cube_all,
rose_quartz_loded,rose_quartz,cube_all,
rose_quartz_offset_bricks,rose_quartz,cube_all,
rose_quartz_overlapping_tiles,rose_quartz,cube_all,
rose_quartz_polished,rose_quartz,cube_all,
rose_quartz_prismal_remnants,rose_quartz,cube_all,
rose_quartz_bricks,rose_quartz,cube_all,
rose_quartz_chiseled,rose_quartz,cube_all,
rose_quartz_crushed,rose_quartz,cube_all,
rose_quartz_mini_tiles,rose_quartz,cube_all,
rose_quartz_polished_block,rose_quartz,cube_all,
rose_quartz_scales,rose_quartz,cube_all,
rose_quartz_squares,rose_quartz,cube_all,
rose_quartz_tiles,rose_quartz,cube_all,
rose_quartz_rough,rose_quartz,cube_all,
rose_quartz_rounded_bricks,rose_quartz,cube_all,
rose_quartz_runic_carved,rose_quartz,cube_all,
rose_quartz_sad,rose_quartz,cube_all,
rose_quartz_sanded,rose_quartz,cube_all,
rose_quartz_small_bricks,rose_quartz,cube_all,
rose_quartz_smooth_inlayed,rose_quartz,cube_all,
rose_quartz_smooth_ringed,rose_quartz,cube_all,
rose_quartz_smoothed_double_inlayed,rose_quartz,cube_all,
rose_quartz_spiraled,rose_quartz,cube_all,
rose_quartz_stacked_bricks,rose_quartz,cube_all,
rose_quartz_thick_inlayed,rose_quartz,cube_all,
rose_quartz_tiled_bordered,rose_quartz,cube_all,
rose_quartz_tiled,rose_quartz,cube_all,
rose_quartz_tiny_brick_bordered,rose_quartz,cube_all,
rose_quartz_tiny_layered_bricks,rose_quartz,cube_all,
rose_quartz_tiny_layered_slabs,rose_quartz,cube_all,
rose_quartz_tiny_bricks,rose_quartz,cube_all,
rose_quartz_trodden,rose_quartz,cube_all,
rose_quartz_unamused,rose_quartz,cube_all,
rose_quartz_vertical_cut,rose_quartz,cube_all,
rose_quartz_vertical_disordered_bricks,rose_quartz,cube_all,
rose_quartz_weathered,rose_quartz,cube_all,
sand_ash,sand,cube_all,
sand_coarse,sand,cube_all,
sand_desert,sand,cube_all,
sand_kelp,sand,cube_all,
sand_lush_red,sand,cube_all,
sand_overgrown,sand,cube_all,
sand_pearl,sand,cube_all,
sand_soft,sand,cube_all,
sand_tar,sand,cube_all,
sand_wet_red,sand,cube_all,
sand_wet,sand,cube_all,
sand_white,sand,cube_all,
sandstone_angry,sandstone,cube_all,
sandstone_bordered,sandstone,cube_all,
sandstone_brick_bordered,sandstone,cube_all,
sandstone_carved,sandstone,cube_all,
sandstone_checkered_tiles,sandstone,cube_all,
sandstone_cobbled,sandstone,cube_all,
sandstone_cracked_disordered_bricks,sandstone,cube_all,
sandstone_cracked_flat_tiles,sandstone,cube_all,
sandstone_cracked_bricks,sandstone,cube_all,
sandstone_cracked_tiny_tiles,sandstone,cube_all,
sandstone_creeper_carving,sandstone,cube_all,
sandstone_crying,sandstone,cube_all,
sandstone_curly,sandstone,cube_all,
sandstone_cut_blank,sandstone,cube_all,
sandstone_duh,sandstone,cube_all,
sandstone_edged_bricks,sandstone,cube_all,
sandstone_engraved,sandstone,cube_all,
sandstone_eroded,sandstone,cube_all,
sandstone_etched_bricks,sandstone,cube_all,
sandstone_fine,sandstone,cube_all,
sandstone_flat_tiles,sandstone,cube_all,
sandstone_glad,sandstone,cube_all,
sandstone_inlayed,sandstone,cube_all,
sandstone_inscribed,sandstone,cube_all,
sandstone_layed_bricks,sandstone,cube_all,
sandstone_loded,sandstone,cube_all,
sandstone_mossy_cobbled,sandstone,cube_all,
sandstone_mossy_bricks,sandstone,cube_all,
sandstone_offset_bricks,sandstone,cube_all,
sandstone_ornate,sandstone,cube_all,
sandstone_overlapping_tiles,sandstone,cube_all,
sandstone_polished,sandstone,cube_all,
sandstone_prismal_remnants,sandstone,cube_all,
sandstone_rough,sandstone,cube_all,
sandstone_rounded_bricks,sandstone,cube_all,
sandstone_runic_carved,sandstone,cube_all,
sandstone_sad,sandstone,cube_all,
sandstone_sanded,sandstone,cube_all,
sandstone_brick_pattern,sandstone,cube_all,
sandstone_brick_paving,sandstone,cube_all,
sandstone_bricks,sandstone,cube_all,
sandstone_diagonal_bricks,sandstone,cube_all,
sandstone_framed_glass,sandstone,glass,translucent
sandstone_large_tiles,sandstone,cube_all,
sandstone_mini_tiles,sandstone,cube_all,
sandstone_rotated_bricks,sandstone,cube_all,
sandstone_scales,sandstone,cube_all,
sandstone_tiles,sandstone,cube_all,
sandstone_simple,sandstone,cube_all,
sandstone_small_bricks,sandstone,cube_all,
sandstone_smooth_inlayed,sandstone,cube_all,
sandstone_smooth_ringed,sandstone,cube_all,
sandstone_smooth_column,sandstone,cube_all,
sandstone_smoothed_double_inlayed,sandstone,cube_all,
sandstone_spiraled,sandstone,cube_all,
sandstone_stacked_bricks,sandstone,cube_all,
sandstone_thick_inlayed,sandstone,cube_all,
sandstone_tiled_bordered,sandstone,cube_all,
sandstone_tiled,sandstone,cube_all,
sandstone_tiled_column,sandstone,cube_all,
sandstone_tiny_brick_bordered,sandstone,cube_all,
sandstone_tiny_layered_bricks,sandstone,cube_all,
sandstone_tiny_layered_slabs,sandstone,cube_all,
sandstone_tiny_bricks,sandstone,cube_all,
sandstone_trodden,sandstone,cube_all,
sandstone_unamused,sandstone,cube_all,
sandstone_vertical_cut,sandstone,cube_all,
sandstone_vertical_disordered_bricks,sandstone,cube_all,
sandstone_weathered,sandstone,cube_all,
scorchia_angry,scorchia,cube_all,
scorchia_bordered,scorchia,cube_all,
scorchia_brick_bordered,scorchia,cube_all,
scorchia_carved,scorchia,cube_all,
scorchia_checkered_tiles,scorchia,cube_all,
scorchia_cobbled,scorchia,cube_all,
scorchia_cracked_disordered_bricks,scorchia,cube_all,
scorchia_cracked_flat_tiles,scorchia,cube_all,
scorchia_cracked_bricks,scorchia,cube_all,
scorchia_creeper_carving,scorchia,cube_all,
scorchia_crying,scorchia,cube_all,
scorchia_cut_blank,scorchia,cube_all,
scorchia_duh,scorchia,cube_all,
scorchia_edged_bricks,scorchia,cube_all,
scorchia_engraved,scorchia,cube_all,
scorchia_eroded,scorchia,cube_all,
scorchia_etched_bricks,scorchia,cube_all,
scorchia_flat_tiles,scorchia,cube_all,
scorchia_glad,scorchia,cube_all,
scorchia_inlayed,scorchia,cube_all,
scorchia_inscribed,scorchia,cube_all,
scorchia_layed_bricks,scorchia,cube_all,
scorchia_loded,scorchia,cube_all,
scorchia_offset_bricks,scorchia,cube_all,
scorchia_overlapping_tiles,scorchia,cube_all,
scorchia_polished,scorchia,cube_all,
scorchia_prismal_remnants,scorchia,cube_all,
scorchia_rough,scorchia,cube_all,
scorchia_rounded_bricks,scorchia,cube_all,
scorchia_runic_carved,scorchia,cube_all,
scorchia_sad,scorchia,cube_all,
scorchia_sanded,scorchia,cube_all,
scorchia_bricks,scorchia,cube_all,
scorchia_cut_polished,scorchia,cube_all,
scorchia_cut_small_brick,scorchia,cube_all,
scorchia_mini_tiles,scorchia,cube_all,
scorchia_scales,scorchia,cube_all,
scorchia_small_bricks,scorchia,cube_all,
scorchia_smooth_inlayed,scorchia,cube_all,
scorchia_smooth_ringed,scorchia,cube_all,
scorchia_smoothed_double_inlayed,scorchia,cube_all,
scorchia_spiraled,scorchia,cube_all,
scorchia_stacked_bricks,scorchia,cube_all,
scorchia_thick_inlayed,scorchia,cube_all,
scorchia_tiled_bordered,scorchia,cube_all,
scorchia_tiled,scorchia,cube_all,
scorchia_tiny_brick_bordered,scorchia,cube_all,
scorchia_tiny_layered_bricks,scorchia,cube_all,
scorchia_tiny_layered_slabs,scorchia,cube_all,
scorchia_tiny_bricks,scorchia,cube_all,
scorchia_trodden,scorchia,cube_all,
scorchia_unamused,scorchia,cube_all,
scorchia_vertical_cut,scorchia,cube_all,
scorchia_vertical_disordered_bricks,scorchia,cube_all,
scorchia_weathered,scorchia,cube_all,
scoria_angry,scoria,cube_all,
scoria_bordered,scoria,cube_all,
scoria_brick_bordered,scoria,cube_all,
scoria_carved,scoria,cube_all,
scoria_checkered_tiles,scoria,cube_all,
scoria_cobbled,scoria,cube_all,
scoria_cracked_disordered_bricks,scoria,cube_all,
scoria_cracked_flat_tiles,scoria,cube_all,
scoria_cracked_bricks,scoria,cube_all,
scoria_creeper_carving,scoria,cube_all,
scoria_crying,scoria,cube_all,
scoria_cut_blank,scoria,cube_all,
scoria_duh,scoria,cube_all,
scoria_edged_bricks,scoria,cube_all,
scoria_engraved,scoria,cube_all,
scoria_eroded,scoria,cube_all,
scoria_etched_bricks,scoria,cube_all,
scoria_flat_tiles,scoria,cube_all,
scoria_glad,scoria,cube_all,
scoria_inlayed,scoria,cube_all,
scoria_inscribed,scoria,cube_all,
scoria_layed_bricks,scoria,cube_all,
scoria_loded,scoria,cube_all,
scoria_offset_bricks,scoria,cube_all,
scoria_overlapping_tiles,scoria,cube_all,
scoria_polished,scoria,cube_all,
scoria_prismal_remnants,scoria,cube_all,
scoria_rough,scoria,cube_all,
scoria_rounded_bricks,scoria,cube_all,
scoria_runic_carved,scoria,cube_all,
scoria_sad,scoria,cube_all,
scoria_sanded,scoria,cube_all,
scoria_bricks,scoria,cube_all,
scoria_cut_polished,scoria,cube_all,
scoria_cut_small_brick,scoria,cube_all,
scoria_mini_tiles,scoria,cube_all,
scoria_scales,scoria,cube_all,
scoria_small_bricks,scoria,cube_all,
scoria_smooth_inlayed,scoria,cube_all,
scoria_smooth_ringed,scoria,cube_all,
scoria_smoothed_double_inlayed,scoria,cube_all,
scoria_spiraled,scoria,cube_all,
scoria_stacked_bricks,scoria,cube_all,
scoria_thick_inlayed,scoria,cube_all,
scoria_tiled_bordered,scoria,cube_all,
scoria_tiled,scoria,cube_all,
scoria_tiny_brick_bordered,scoria,cube_all,
scoria_tiny_layered_bricks,scoria,cube_all,
scoria_tiny_layered_slabs,scoria,cube_all,
scoria_tiny_bricks,scoria,cube_all,
scoria_trodden,scoria,cube_all,
scoria_unamused,scoria,cube_all,
scoria_vertical_cut,scoria,cube_all,
scoria_vertical_disordered_bricks,scoria,cube_all,
scoria_weathered,scoria,cube_all,
sea_lantern,sea_lantern,cube_all,
smooth_stone_angry,smooth_stone,cube_all,
smooth_stone_bordered,smooth_stone,cube_all,
smooth_stone_brick_bordered,smooth_stone,cube_all,
smooth_stone_carved,smooth_stone,cube_all,
smooth_stone_checkered_tiles,smooth_stone,cube_all,
smooth_stone_cobbled,smooth_stone,cube_all,
smooth_stone_cracked_disordered_bricks,smooth_stone,cube_all,
smooth_stone_cracked_flat_tiles,smooth_stone,cube_all,
smooth_stone_cracked_bricks,smooth_stone,cube_all,
smooth_stone_creeper_carving,smooth_stone,cube_all,
smooth_stone_crying,smooth_stone,cube_all,
smooth_stone_curly,smooth_stone,cube_all,
smooth_stone_cut_blank,smooth_stone,cube_all,
smooth_stone_cut_column,smooth_stone,cube_all,
smooth_stone_duh,smooth_stone,cube_all,
smooth_stone_edged_bricks,smooth_stone,cube_all,
smooth_stone_engraved,smooth_stone,cube_all,
smooth_stone_eroded,smooth_stone,cube_all,
smooth_stone_etched_bricks,smooth_stone,cube_all,
smooth_stone_fine,smooth_stone,cube_all,
smooth_stone_flat_tiles,smooth_stone,cube_all,
smooth_stone_glad,smooth_stone,cube_all,
smooth_stone_inlayed,smooth_stone,cube_all,
smooth_stone_inscribed,smooth_stone,cube_all,
smooth_stone_layed_bricks,smooth_stone,cube_all,
smooth_stone_loded,smooth_stone,cube_all,
smooth_stone_offset_bricks,smooth_stone,cube_all,
smooth_stone_ornate,smooth_stone,cube_all,
smooth_stone_overlapping_tiles,smooth_stone,cube_all,
smooth_stone_polished,smooth_stone,cube_all,
smooth_stone_prismal_remnants,smooth_stone,cube_all,
smooth_stone_rough,smooth_stone,cube_all,
smooth_stone_rounded_bricks,smooth_stone,cube_all,
smooth_stone_runic_carved,smooth_stone,cube_all,
smooth_stone_sad,smooth_stone,cube_all,
smooth_stone_sanded,smooth_stone,cube_all,
smooth_stone_simple,smooth_stone,cube_all,
smooth_stone_small_bricks,smooth_stone,cube_all,
smooth_stone_smooth_inlayed,smooth_stone,cube_all,
smooth_stone_smooth_ringed,smooth_stone,cube_all,
smooth_stone_smooth_column,smooth_stone,cube_all,
smooth_stone_bricks,smooth_stone,cube_all,
smooth_stone_mini_tiles,smooth_stone,cube_all,
smooth_stone_scales,smooth_stone,cube_all,
smooth_stone_smoothed_double_inlayed,smooth_stone,cube_all,
smooth_stone_spiraled,smooth_stone,cube_all,
smooth_stone_stacked_bricks,smooth_stone,cube_all,
smooth_stone_thick_inlayed,smooth_stone,cube_all,
smooth_stone_tiled_bordered,smooth_stone,cube_all,
smooth_stone_tiled,smooth_stone,cube_all,
smooth_stone_tiled_column,smooth_stone,cube_all,
smooth_stone_tiny_brick_bordered,smooth_stone,cube_all,
smooth_stone_tiny_layered_bricks,smooth_stone,cube_all,
smooth_stone_tiny_layered_slabs,smooth_stone,cube_all,
smooth_stone_tiny_bricks,smooth_stone,cube_all,
smooth_stone_trodden,smooth_stone,cube_all,
smooth_stone_unamused,smooth_stone,cube_all,
smooth_stone_vertical_cut,smooth_stone,cube_all,
smooth_stone_vertical_disordered_bricks,smooth_stone,cube_all,
smooth_stone_weathered,smooth_stone,cube_all,
snow_block_angry,snow_block,cube_all,
snow_block_bordered,snow_block,cube_all,
snow_block_brick_bordered,snow_block,cube_all,
snow_block_carved,snow_block,cube_all,
snow_block_checkered_tiles,snow_block,cube_all,
snow_block_cobbled,snow_block,cube_all,
snow_block_cracked_disordered_bricks,snow_block,cube_all,
snow_block_cracked_flat_tiles,snow_block,cube_all,
snow_block_cracked_bricks,snow_block,cube_all,
snow_block_creeper_carving,snow_block,cube_all,
snow_block_crying,snow_block,cube_all,
snow_block_curly,snow_block,cube_all,
snow_block_cut_blank,snow_block,cube_all,
snow_block_cut_column,snow_block,cube_all,
snow_block_duh,snow_block,cube_all,
snow_block_edged_bricks,snow_block,cube_all,
snow_block_engraved,snow_block,cube_all,
snow_block_eroded,snow_block,cube_all,
snow_block_etched_bricks,snow_block,cube_all,
snow_block_fine,snow_block,cube_all,
snow_block_flat_tiles,snow_block,cube_all,
snow_block_glad,snow_block,cube_all,
snow_block_inlayed,snow_block,cube_all,
snow_block_inscribed,snow_block,cube_all,
snow_block_layed_bricks,snow_block,cube_all,
snow_block_loded,snow_block,cube_all,
snow_block_offset_bricks,snow_block,cube_all,
snow_block_ornate,snow_block,cube_all,
snow_block_overlapping_tiles,snow_block,cube_all,
snow_block_polished,snow_block,cube_all,
snow_block_prismal_remnants,snow_block,cube_all,
snow_block_rough,snow_block,cube_all,
snow_block_rounded_bricks,snow_block,cube_all,
snow_block_runic_carved,snow_block,cube_all,
snow_block_sad,snow_block,cube_all,
snow_block_sanded,snow_block,cube_all,
snow_block_simple,snow_block,cube_all,
snow_block_small_bricks,snow_block,cube_all,
snow_block_smooth_inlayed,snow_block,cube_all,
snow_block_smooth_ringed,snow_block,cube_all,
snow_block_smooth_column,snow_block,cube_all,
snow_block_smoothed_double_inlayed,snow_block,cube_all,
snow_block_bricks,snow_block,cube_all,
snow_block_mini_tiles,snow_block,cube_all,
snow_block_scales,snow_block,cube_all,
snow_block_spiraled,snow_block,cube_all,
snow_block_stacked_bricks,snow_block,cube_all,
snow_block_thick_inlayed,snow_block,cube_all,
snow_block_tiled_bordered,snow_block,cube_all,
snow_block_tiled,snow_block,cube_all,
snow_block_tiled_column,snow_block,cube_all,
snow_block_tiny_brick_bordered,snow_block,cube_all,
snow_block_tiny_layered_bricks,snow_block,cube_all,
snow_block_tiny_layered_slabs,snow_block,cube_all,
snow_block_tiny_bricks,snow_block,cube_all,
snow_block_trodden,snow_block,cube_all,
snow_block_unamused,snow_block,cube_all,
snow_block_vertical_cut,snow_block,cube_all,
snow_block_vertical_disordered_bricks,snow_block,cube_all,
snow_block_weathered,snow_block,cube_all,
soul_sand_faded,soul_sand,cube_all,
soul_sand_fine,soul_sand,cube_all,
soul_sand_glowing,soul_sand,cube_all,
soul_sand_graveled,soul_sand,cube_all,
soul_sand_happy,soul_sand,cube_all,
soul_sand_hardened,soul_sand,cube_all,
soul_sand_lauching,soul_sand,cube_all,
soul_sand_meming,soul_sand,cube_all,
soul_sand_reanimated,soul_sand,cube_all,
soul_sand_scared,soul_sand,cube_all,
soul_sand_sifted,soul_sand,cube_all,
soul_sand_smoothed,soul_sand,cube_all,
soul_sand_trampled,soul_sand,cube_all,
sponge_bulby,sponge,cube_all,
sponge_fine,sponge,cube_all,
sponge_giant,sponge,cube_all,
sponge_lush,sponge,cube_all,
sponge_old,sponge,cube_all,
sponge_smooth,sponge,cube_all,
sponge_soft,sponge,cube_all,
spruce_planks_basket_woven,spruce_planks,cube_all,
spruce_planks_boxed,spruce_planks,cube_all,
spruce_planks_brick_bond,spruce_planks,cube_all,
spruce_planks_bricky,spruce_planks,cube_all,
spruce_planks_cornered,spruce_planks,cube_all,
spruce_planks_crated,spruce_planks,cube_all,
spruce_planks_cross_laced,spruce_planks,cube_all,
spruce_planks_crossed,spruce_planks,cube_all,
spruce_planks_detailed,spruce_planks,cube_all,
spruce_planks_diagonal,spruce_planks,cube_all,
spruce_planks_diamond,spruce_planks,cube_all,
spruce_planks_double_herringbone,spruce_planks,cube_all,
spruce_planks_enclosed,spruce_planks,cube_all,
spruce_planks_fine,spruce_planks,cube_all,
spruce_planks_fine_vertical,spruce_planks,cube_all,
spruce_planks_framed,spruce_planks,cube_all,
spruce_planks_herringbone,spruce_planks,cube_all,
spruce_planks_hewn,spruce_planks,cube_all,
spruce_planks_laced,spruce_planks,cube_all,
spruce_planks_nailed,spruce_planks,cube_all,
spruce_planks_natural,spruce_planks,cube_all,
spruce_planks_pegged,spruce_planks,cube_all,
spruce_planks_polished,spruce_planks,cube_all,
spruce_planks_railed,spruce_planks,cube_all,
spruce_planks_shifted,spruce_planks,cube_all,
spruce_planks_slanted,spruce_planks,cube_all,
spruce_planks_smooth,spruce_planks,cube_all,
spruce_planks_beams,spruce_planks,cube_all,
spruce_planks_brick_pattern,spruce_planks,cube_all,
spruce_planks_brick_paving,spruce_planks,cube_all,
spruce_planks_bricks,spruce_planks,cube_all,
spruce_planks_crate,spruce_planks,cube_all,
spruce_planks_diagonal_stripes,spruce_planks,cube_all,
spruce_planks_diagonal_tiles,spruce_planks,cube_all,
spruce_planks_dotted,spruce_planks,cube_all,
spruce_planks_fine_mosaic,spruce_planks,cube_all,
spruce_planks_flooring,spruce_planks,cube_all,
spruce_planks_large_tiles,spruce_planks,cube_all,
spruce_planks_mosaic,spruce_planks,cube_all,
spruce_planks_panel,spruce_planks,cube_all,
spruce_planks_pattern,spruce_planks,cube_all,
spruce_planks_rotated_bricks,spruce_planks,cube_all,
spruce_planks_shavings,spruce_planks,cube_all,
spruce_planks_small_bricks,spruce_planks,cube_all,
spruce_planks_small_tiles,spruce_planks,cube_all,
spruce_planks_squares,spruce_planks,cube_all,
spruce_planks_tiles,spruce_planks,cube_all,
spruce_planks_wavy,spruce_planks,cube_all,
spruce_planks_woven,spruce_planks,cube_all,
spruce_planks_stacked,spruce_planks,cube_all,
spruce_planks_thin,spruce_planks,cube_all,
spruce_planks_tiled,spruce_planks,cube_all,
spruce_planks_versailles,spruce_planks,cube_all,
spruce_planks_vertical,spruce_planks,cube_all,
spruce_planks_vertically_railed,spruce_planks,cube_all,
spruce_planks_whirlwind,spruce_planks,cube_all,
spruce_planks_wickered,spruce_planks,cube_all,
stone_angry,stone,cube_all,
stone_bordered,stone,cube_all,
stone_brick_bordered,stone,cube_all,
stone_carved,stone,cube_all,
stone_checkered_tiles,stone,cube_all,
stone_cobbled,stone,cube_all,
stone_cracked_disordered_bricks,stone,cube_all,
stone_cracked_flat_tiles,stone,cube_all,
stone_cracked_tiny_tiles,stone,cube_all,
stone_creeper_carving,stone,cube_all,
stone_crying,stone,cube_all,
stone_duh,stone,cube_all,
stone_edged_bricks,stone,cube_all,
stone_engraved,stone,cube_all,
stone_eroded,stone,cube_all,
stone_etched_bricks,stone,cube_all,
stone_flat_tiles,stone,cube_all,
stone_glad,stone,cube_all,
stone_inlayed,stone,cube_all,
stone_inscribed,stone,cube_all,
stone_layed_bricks,stone,cube_all,
stone_loded,stone,cube_all,
stone_offset_bricks,stone,cube_all,
stone_overlapping_tiles,stone,cube_all,
stone_polished,stone,cube_all,
stone_prismal_remnants,stone,cube_all,
stone_rough,stone,cube_all,
stone_rounded_bricks,stone,cube_all,
stone_runic_carved,stone,cube_all,
stone_sad,stone,cube_all,
stone_sanded,stone,cube_all,
stone_small_bricks,stone,cube_all,
stone_smooth_inlayed,stone,cube_all,
stone_smooth_ringed,stone,cube_all,
stone_smoothed_double_inlayed,stone,cube_all,
stone_spiraled,stone,cube_all,
stone_stacked_bricks,stone,cube_all,
stone_big_tiles,stone,cube_all,
stone_bordered,stone,cube_all,
stone_brick_pattern,stone,cube_all,
stone_brick_paving,stone,cube_all,
stone_chiseled_bricks,stone,cube_all,
stone_cobbled,stone,cube_all,
stone_crushed,stone,cube_all,
stone_diagonal_bricks,stone,cube_all,
stone_diamond_pavers,stone,cube_all,
stone_framed_glass,stone,glass,translucent
stone_mini_tiles,stone,cube_all,
stone_path,stone,cube_all,
stone_rotated_bricks,stone,cube_all,
stone_scales,stone,cube_all,
stone_small_bricks,stone,cube_all,
stone_small_tiles,stone,cube_all,
stone_smooth,stone,cube_all,
stone_smooth_brick_paving,stone,cube_all,
stone_smooth_large_tiles,stone,cube_all,
stone_smooth_rotated_bricks,stone,cube_all,
stone_smooth_tiles,stone,cube_all,
stone_squares,stone,cube_all,
stone_tiles,stone,cube_all,
stone_waves,stone,cube_all,
stone_thick_inlayed,stone,cube_all,
stone_tiled_bordered,stone,cube_all,
stone_tiled,stone,cube_all,
stone_tiny_brick_bordered,stone,cube_all,
stone_tiny_layered_bricks,stone,cube_all,
stone_tiny_layered_slabs,stone,cube_all,
stone_tiny_bricks,stone,cube_all,
stone_trodden,stone,cube_all,
stone_unamused,stone,cube_all,
stone_vertical_cut,stone,cube_all,
stone_vertical_disordered_bricks,stone,cube_all,
stone_weathered,stone,cube_all,
terracotta_chiseled,terracotta,cube_all,
terracotta_chiseled_bricks,terracotta,cube_all,
terracotta_crossed,terracotta,cube_all,
terracotta_curled,terracotta,cube_all,
terracotta_cut,terracotta,cube_all,
terracotta_decorated,terracotta,cube_all,
terracotta_glazed,terracotta,cube_all,
terracotta_hexagonical,terracotta,cube_all,
terracotta_layered,terracotta,cube_all,
terracotta_small_tiles,terracotta,cube_all,
terracotta,terracotta,cube_all,
terracotta_bricks,terracotta,cube_all,
terracotta_column,terracotta,cube_column,
terracotta_small_bricks,terracotta,cube_all,
terracotta_tile,terracotta,cube_all,
terracotta_tiles,terracotta,cube_all,
terracotta_triangular,terracotta,cube_all,
tuff_angry,tuff,cube_all,
tuff_bordered,tuff,cube_all,
tuff_brick_bordered,tuff,cube_all,
tuff_carved,tuff,cube_all,
tuff_checkered_tiles,tuff,cube_all,
tuff_cobbled,tuff,cube_all,
tuff_cracked_disordered_bricks,tuff,cube_all,
tuff_cracked_flat_tiles,tuff,cube_all,
tuff_cracked_tiny_tiles,tuff,cube_all,
tuff_cracked_bricks,tuff,cube_all,
tuff_creeper_carving,tuff,cube_all,
tuff_crying,tuff,cube_all,
tuff_curly,tuff,cube_all,
tuff_cut_blank,tuff,cube_all,
tuff_cut_column,tuff,cube_all,
tuff_duh,tuff,cube_all,
tuff_edged_bricks,tuff,cube_all,
tuff_engraved,tuff,cube_all,
tuff_eroded,tuff,cube_all,
tuff_etched_bricks,tuff,cube_all,
tuff_fine,tuff,cube_all,
tuff_flat_tiles,tuff,cube_all,
tuff_glad,tuff,cube_all,
tuff_inlayed,tuff,cube_all,
tuff_inscribed,tuff,cube_all,
tuff_layed_bricks,tuff,cube_all,
tuff_loded,tuff,cube_all,
tuff_mossy_cobbled,tuff,cube_all,
tuff_mossy_bricks,tuff,cube_all,
tuff_offset_bricks,tuff,cube_all,
tuff_ornate,tuff,cube_all,
tuff_overlapping_tiles,tuff,cube_all,
tuff_polished,tuff,cube_all,
tuff_prismal_remnants,tuff,cube_all,
tuff_rough,tuff,cube_all,
tuff_rounded_bricks,tuff,cube_all,
tuff_runic_carved,tuff,cube_all,
tuff_sad,tuff,cube_all,
tuff_sanded,tuff,cube_all,
tuff_simple,tuff,cube_all,
tuff_small_bricks,tuff,cube_all,
tuff_smooth_inlayed,tuff,cube_all,
tuff_smooth_ringed,tuff,cube_all,
tuff_smooth_column,tuff,cube_all,
tuff_smoothed_double_inlayed,tuff,cube_all,
tuff_spiraled,tuff,cube_all,
tuff_stacked_bricks,tuff,cube_all,
tuff_thick_inlayed,tuff,cube_all,
tuff_tiled_bordered,tuff,cube_all,
tuff_tiled,tuff,cube_all,
tuff_tiled_column,tuff,cube_all,
tuff_tiny_brick_bordered,tuff,cube_all,
tuff_tiny_layered_bricks,tuff,cube_all,
tuff_tiny_layered_slabs,tuff,cube_all,
tuff_tiny_bricks,tuff,cube_all,
tuff_trodden,tuff,cube_all,
tuff_bricks,tuff,cube_all,
tuff_cut_polished,tuff,cube_all,
tuff_cut_small_brick,tuff,cube_all,
tuff_mini_tiles,tuff,cube_all,
tuff_scales,tuff,cube_all,
tuff_unamused,tuff,cube_all,
tuff_vertical_cut,tuff,cube_all,
tuff_vertical_disordered_bricks,tuff,cube_all,
tuff_weathered,tuff,cube_all,
veridium_angry,veridium,cube_all,
veridium_bordered,veridium,cube_all,
veridium_brick_bordered,veridium,cube_all,
veridium_carved,veridium,cube_all,
veridium_checkered_tiles,veridium,cube_all,
veridium_cobbled,veridium,cube_all,
veridium_cracked_disordered_bricks,veridium,cube_all,
veridium_cracked_flat_tiles,veridium,cube_all,
veridium_cracked_bricks,veridium,cube_all,
veridium_creeper_carving,veridium,cube_all,
veridium_crying,veridium,cube_all,
veridium_cut_blank,veridium,cube_all,
veridium_duh,veridium,cube_all,
veridium_edged_bricks,veridium,cube_all,
veridium_engraved,veridium,cube_all,
veridium_eroded,veridium,cube_all,
veridium_etched_bricks,veridium,cube_all,
veridium_flat_tiles,veridium,cube_all,
veridium_glad,veridium,cube_all,
veridium_inlayed,veridium,cube_all,
veridium_inscribed,veridium,cube_all,
veridium_layed_bricks,veridium,cube_all,
veridium_loded,veridium,cube_all,
veridium_offset_bricks,veridium,cube_all,
veridium_overlapping_tiles,veridium,cube_all,
veridium_polished,veridium,cube_all,
veridium_prismal_remnants,veridium,cube_all,
veridium_rough,veridium,cube_all,
veridium_rounded_bricks,veridium,cube_all,
veridium_runic_carved,veridium,cube_all,
veridium_sad,veridium,cube_all,
veridium_sanded,veridium,cube_all,
veridium_small_bricks,veridium,cube_all,
veridium_smooth_inlayed,veridium,cube_all,
veridium_smooth_ringed,veridium,cube_all,
veridium_smoothed_double_inlayed,veridium,cube_all,
veridium_spiraled,veridium,cube_all,
veridium_stacked_bricks,veridium,cube_all,
veridium_thick_inlayed,veridium,cube_all,
veridium_tiled_bordered,veridium,cube_all,
veridium_tiled,veridium,cube_all,
veridium_tiny_brick_bordered,veridium,cube_all,
veridium_tiny_layered_bricks,veridium,cube_all,
veridium_tiny_layered_slabs,veridium,cube_all,
veridium_tiny_bricks,veridium,cube_all,
veridium_trodden,veridium,cube_all,
veridium_unamused,veridium,cube_all,
veridium_bricks,veridium,cube_all,
veridium_cut_polished,veridium,cube_all,
veridium_cut_small_brick,veridium,cube_all,
veridium_mini_tiles,veridium,cube_all,
veridium_scales,veridium,cube_all,
veridium_vertical_cut,veridium,cube_all,
veridium_vertical_disordered_bricks,veridium,cube_all,
veridium_weathered,veridium,cube_all,
warped_planks_basket_woven,warped_planks,cube_all,
warped_planks_boxed,warped_planks,cube_all,
warped_planks_brick_bond,warped_planks,cube_all,
warped_planks_bricky,warped_planks,cube_all,
warped_planks_cornered,warped_planks,cube_all,
warped_planks_crated,warped_planks,cube_all,
warped_planks_cross_laced,warped_planks,cube_all,
warped_planks_crossed,warped_planks,cube_all,
warped_planks_detailed,warped_planks,cube_all,
warped_planks_diagonal,warped_planks,cube_all,
warped_planks_diamond,warped_planks,cube_all,
warped_planks_double_herringbone,warped_planks,cube_all,
warped_planks_enclosed,warped_planks,cube_all,
warped_planks_fine_vertical,warped_planks,cube_all,
warped_planks_fine,warped_planks,cube_all,
warped_planks_framed,warped_planks,cube_all,
warped_planks_herringbone,warped_planks,cube_all,
warped_planks_hewn,warped_planks,cube_all,
warped_planks_laced,warped_planks,cube_all,
warped_planks_nailed,warped_planks,cube_all,
warped_planks_natural,warped_planks,cube_all,
warped_planks_pegged,warped_planks,cube_all,
warped_planks_polished,warped_planks,cube_all,
warped_planks_railed,warped_planks,cube_all,
warped_planks_shifted,warped_planks,cube_all,
warped_planks_slanted,warped_planks,cube_all,
warped_planks_smooth,warped_planks,cube_all,
warped_planks_stacked,warped_planks,cube_all,
warped_planks_thin,warped_planks,cube_all,
warped_planks_tiled,warped_planks,cube_all,
warped_planks_versailles,warped_planks,cube_all,
warped_planks_vertical,warped_planks,cube_all,
warped_planks_vertically_railed,warped_planks,cube_all,
warped_planks_beams,warped_planks,cube_all,
warped_planks_brick_pattern,warped_planks,cube_all,
warped_planks_brick_paving,warped_planks,cube_all,
warped_planks_bricks,warped_planks,cube_all,
warped_planks_crate,warped_planks,cube_all,
warped_planks_diagonal_stripes,warped_planks,cube_all,
warped_planks_diagonal_tiles,warped_planks,cube_all,
warped_planks_dotted,warped_planks,cube_all,
warped_planks_fine_mosaic,warped_planks,cube_all,
warped_planks_flooring,warped_planks,cube_all,
warped_planks_large_tiles,warped_planks,cube_all,
warped_planks_mosaic,warped_planks,cube_all,
warped_planks_panel,warped_planks,cube_all,
warped_planks_pattern,warped_planks,cube_all,
warped_planks_rotated_bricks,warped_planks,cube_all,
warped_planks_shavings,warped_planks,cube_all,
warped_planks_small_bricks,warped_planks,cube_all,
warped_planks_small_tiles,warped_planks,cube_all,
warped_planks_squares,warped_planks,cube_all,
warped_planks_tiles,warped_planks,cube_all,
warped_planks_wavy,warped_planks,cube_all,
warped_planks_woven,warped_planks,cube_all,
warped_planks_whirlwind,warped_planks,cube_all,
warped_planks_wickered,warped_planks,cube_all,
warped_wart_block_bubbling,warped_wart_block,cube_all,
warped_wart_block_crumbled,warped_wart_block,cube_all,
warped_wart_block_dried,warped_wart_block,cube_all,
warped_wart_block_erratic,warped_wart_block,cube_all,
warped_wart_block_eyed,warped_wart_block,cube_all,
warped_wart_block_patched,warped_wart_block,cube_all,
warped_wart_block_porous,warped_wart_block,cube_all,
warped_wart_block_rough,warped_wart_block,cube_all,
warped_wart_block_scabbed,warped_wart_block,cube_all,
warped_wart_block_scaled,warped_wart_block,cube_all,
warped_wart_block_seared,warped_wart_block,cube_all,
warped_wart_block_semi_spongy,warped_wart_block,cube_all,
warped_wart_block_speckled,warped_wart_block,cube_all,
warped_wart_block_spongy,warped_wart_block,cube_all,
waxed_copper_block_ancient,waxed_copper_block,cube_all,
waxed_copper_block_chipped,waxed_copper_block,cube_all,
copper_block_cone,waxed_copper_block,cube_all,
copper_block_smooth,waxed_copper_block,cube_all,
waxed_copper_block_embossed,waxed_copper_block,cube_all,
waxed_copper_block_engraved,waxed_copper_block,cube_all,
waxed_copper_block_layered,waxed_copper_block,cube_all,
waxed_copper_block_plated,waxed_copper_block,cube_all,
waxed_copper_block_pressed,waxed_copper_block,cube_all,
waxed_copper_block_reinforced,waxed_copper_block,cube_all,
waxed_copper_block_sheet,waxed_copper_block,cube_all,
waxed_copper_block_shuttered,waxed_copper_block,cube_all,
waxed_copper_block_stacked,waxed_copper_block,cube_all,
waxed_exposed_copper_ancient,waxed_exposed_copper,cube_all,
waxed_exposed_copper_chipped,waxed_exposed_copper,cube_all,
waxed_exposed_copper_embossed,waxed_exposed_copper,cube_all,
waxed_exposed_copper_engraved,waxed_exposed_copper,cube_all,
waxed_exposed_copper_layered,waxed_exposed_copper,cube_all,
waxed_exposed_copper_plated,waxed_exposed_copper,cube_all,
waxed_exposed_copper_pressed,waxed_exposed_copper,cube_all,
waxed_exposed_copper_reinforced,waxed_exposed_copper,cube_all,
waxed_exposed_copper_sheet,waxed_exposed_copper,cube_all,
waxed_exposed_copper_shuttered,waxed_exposed_copper,cube_all,
waxed_exposed_copper_stacked,waxed_exposed_copper,cube_all,
waxed_oxidized_copper_ancient,waxed_oxidized_copper,cube_all,
waxed_oxidized_copper_chipped,waxed_oxidized_copper,cube_all,
waxed_oxidized_copper_embossed,waxed_oxidized_copper,cube_all,
waxed_oxidized_copper_engraved,waxed_oxidized_copper,cube_all,
waxed_oxidized_copper_layered,waxed_oxidized_copper,cube_all,
waxed_oxidized_copper_plated,waxed_oxidized_copper,cube_all,
waxed_oxidized_copper_pressed,waxed_oxidized_copper,cube_all,
waxed_oxidized_copper_reinforced,waxed_oxidized_copper,cube_all,
waxed_oxidized_copper_sheet,waxed_oxidized_copper,cube_all,
waxed_oxidized_copper_shuttered,waxed_oxidized_copper,cube_all,
waxed_oxidized_copper_stacked,waxed_oxidized_copper,cube_all,
waxed_weathered_copper_ancient,waxed_weathered_copper,cube_all,
waxed_weathered_copper_chipped,waxed_weathered_copper,cube_all,
waxed_weathered_copper_embossed,waxed_weathered_copper,cube_all,
waxed_weathered_copper_engraved,waxed_weathered_copper,cube_all,
waxed_weathered_copper_layered,waxed_weathered_copper,cube_all,
waxed_weathered_copper_plated,waxed_weathered_copper,cube_all,
waxed_weathered_copper_pressed,waxed_weathered_copper,cube_all,
waxed_weathered_copper_reinforced,waxed_weathered_copper,cube_all,
waxed_weathered_copper_sheet,waxed_weathered_copper,cube_all,
waxed_weathered_copper_shuttered,waxed_weathered_copper,cube_all,
waxed_weathered_copper_stacked,waxed_weathered_copper,cube_all,
weathered_copper_block,weathered_copper,cube_all,
weathered_copper_grate,weathered_copper,cube_all,cutout
white_concrete_bolted,white_concrete,cube_all,
white_concrete_creeper,white_concrete,cube_all,
white_concrete_grid,white_concrete,cube_all,
white_concrete_grill,white_concrete,cube_all,
white_concrete_hazard,white_concrete,cube_all,
white_concrete_mosaic,white_concrete,cube_all,
white_concrete_pegged,white_concrete,cube_all,
white_concrete_railed,white_concrete,cube_all,
white_concrete_reinforced,white_concrete,cube_all,
white_concrete_rusted,white_concrete,cube_all,
white_concrete_smooth,white_concrete,cube_all,
white_concrete_stacked,white_concrete,cube_all,
white_concrete_stop,white_concrete,cube_all,
white_concrete_striped,white_concrete,cube_all,
white_concrete_warning,white_concrete,cube_all,
white_concrete,white_concrete,cube_all,
white_concrete_bricks,white_concrete,cube_all,
white_concrete_panel,white_concrete,cube_all,
white_concrete_tiles,white_concrete,cube_all,
white_concrete_wired,white_concrete,cube_all,
white_glazed_terracotta_decorated,white_glazed_terracotta,cube_all,
white_glazed_terracotta_hexagonical,white_glazed_terracotta,cube_all,
white_glazed_terracotta_minimized,white_glazed_terracotta,cube_all,
white_glazed_terracotta_paved,white_glazed_terracotta,cube_all,
white_glazed_terracotta_shrunken,white_glazed_terracotta,cube_all,
white_glazed_terracotta_starry,white_glazed_terracotta,cube_all,
white_glazed_terracotta_waved,white_glazed_terracotta,cube_all,
white_glazed_terracotta_pillar_sides,white_glazed_terracotta,cube_all,
white_glazed_terracotta_pillar_top,white_glazed_terracotta,cube_all,
white_glazed_terracotta_smooth_tiles,white_glazed_terracotta,cube_all,
white_glazed_terracotta_tiles,white_glazed_terracotta,cube_all,
white_glazed_terracotta_fancy,white_glazed_terracotta,cube_all,
scratched_glass_white,white_stained_glass,glass,translucent
white_framed_glass,white_stained_glass,glass,translucent
white_stained_clear_glass,white_stained_glass,glass,translucent
white_stained_glass,white_stained_glass,glass,translucent
white_terracotta_chiseled,white_terracotta,cube_all,
white_terracotta_chiseled_bricks,white_terracotta,cube_all,
white_terracotta_crossed,white_terracotta,cube_all,
white_terracotta_curled,white_terracotta,cube_all,
white_terracotta_cut,white_terracotta,cube_all,
white_terracotta_decorated,white_terracotta,cube_all,
white_terracotta_hexagonical,white_terracotta,cube_all,
white_terracotta_layered,white_terracotta,cube_all,
white_terracotta_small_tiles,white_terracotta,cube_all,
white_terracotta_triangular,white_terracotta,cube_all,
white_terracotta,white_terracotta,cube_all,
white_terracotta_bricks,white_terracotta,cube_all,
white_terracotta_column,white_terracotta,cube_all,
white_terracotta_small_bricks,white_terracotta,cube_all,
white_terracotta_tile,white_terracotta,cube_all,
white_terracotta_tiles,white_terracotta,cube_all,
white_wool_barky,white_wool,cube_all,
white_wool_blocky,white_wool,cube_all,
white_wool_bundled,white_wool,cube_all,
white_wool_cross_haired,white_wool,cube_all,
white_wool_cubed,white_wool,cube_all,
white_wool_knitted,white_wool,cube_all,
white_wool_patched,white_wool,cube_all,
white_wool_ribbled,white_wool,cube_all,
white_wool_scaled,white_wool,cube_all,
white_wool_soft,white_wool,cube_all,
white_wool_stringed,white_wool,cube_all,
white_wool_tiled,white_wool,cube_all,
white_wool_tripped,white_wool,cube_all,
white_wool_wickered,white_wool,cube_all,
white_wool_windmill,white_wool,cube_all,
white_wool_woved,white_wool,cube_all,
white_wool_cornered,white_wool,cube_all,
white_wool_crafted,white_wool,cube_all,
white_wool_harsh_quilted,white_wool,cube_all,
white_wool_rectangle,white_wool,cube_all,
white_wool_delicate,white_wool,cube_all,
white_wool_ornamented,white_wool,cube_all,
white_wool_legacy,white_wool,cube_all,
white_wool_llama,white_wool,cube_all,
yellow_concrete_bolted,yellow_concrete,cube_all,
yellow_concrete_creeper,yellow_concrete,cube_all,
yellow_concrete_grid,yellow_concrete,cube_all,
yellow_concrete_grill,yellow_concrete,cube_all,
yellow_concrete_hazard,yellow_concrete,cube_all,
yellow_concrete_mosaic,yellow_concrete,cube_all,
yellow_concrete_pegged,yellow_concrete,cube_all,
yellow_concrete_railed,yellow_concrete,cube_all,
yellow_concrete_reinforced,yellow_concrete,cube_all,
yellow_concrete_rusted,yellow_concrete,cube_all,
yellow_concrete_smooth,yellow_concrete,cube_all,
yellow_concrete_stacked,yellow_concrete,cube_all,
yellow_concrete_stop,yellow_concrete,cube_all,
yellow_concrete_striped,yellow_concrete,cube_all,
yellow_concrete_warning,yellow_concrete,cube_all,
yellow_concrete_wired,yellow_concrete,cube_all,
yellow_concrete,yellow_concrete,cube_all,
yellow_concrete_bricks,yellow_concrete,cube_all,
yellow_concrete_panel,yellow_concrete,cube_all,
yellow_concrete_tiles,yellow_concrete,cube_all,
yellow_glazed_terracotta_decorated,yellow_glazed_terracotta,cube_all,
yellow_glazed_terracotta_hexagonical,yellow_glazed_terracotta,cube_all,
yellow_glazed_terracotta_minimized,yellow_glazed_terracotta,cube_all,
yellow_glazed_terracotta_paved,yellow_glazed_terracotta,cube_all,
yellow_glazed_terracotta_shrunken,yellow_glazed_terracotta,cube_all,
yellow_glazed_terracotta_starry,yellow_glazed_terracotta,cube_all,
yellow_glazed_terracotta_waved,yellow_glazed_terracotta,cube_all,
yellow_glazed_terracotta_pillar_sides,yellow_glazed_terracotta,cube_all,
yellow_glazed_terracotta_pillar_top,yellow_glazed_terracotta,cube_all,
yellow_glazed_terracotta_smooth_tiles,yellow_glazed_terracotta,cube_all,
yellow_glazed_terracotta_tiles,yellow_glazed_terracotta,cube_all,
yellow_glazed_terracotta_fancy,yellow_glazed_terracotta,cube_all,
scratched_glass_yellow,yellow_stained_glass,glass,translucent
yellow_framed_glass,yellow_stained_glass,glass,translucent
yellow_stained_clear_glass,yellow_stained_glass,glass,translucent
yellow_stained_glass,yellow_stained_glass,glass,translucent
yellow_terracotta_chiseled,yellow_terracotta,cube_all,
yellow_terracotta_chiseled_bricks,yellow_terracotta,cube_all,
yellow_terracotta_crossed,yellow_terracotta,cube_all,
yellow_terracotta_curled,yellow_terracotta,cube_all,
yellow_terracotta_cut,yellow_terracotta,cube_all,
yellow_terracotta_decorated,yellow_terracotta,cube_all,
yellow_terracotta_hexagonical,yellow_terracotta,cube_all,
yellow_terracotta_layered,yellow_terracotta,cube_all,
yellow_terracotta_small_tiles,yellow_terracotta,cube_all,
yellow_terracotta_triangular,yellow_terracotta,cube_all,
yellow_terracotta,yellow_terracotta,cube_all,
yellow_terracotta_bricks,yellow_terracotta,cube_all,
yellow_terracotta_column,yellow_terracotta,cube_all,
yellow_terracotta_small_bricks,yellow_terracotta,cube_all,
yellow_terracotta_tile,yellow_terracotta,cube_all,
yellow_terracotta_tiles,yellow_terracotta,cube_all,
yellow_wool_barky,yellow_wool,cube_all,
yellow_wool_blocky,yellow_wool,cube_all,
yellow_wool_bundled,yellow_wool,cube_all,
yellow_wool_cross_haired,yellow_wool,cube_all,
yellow_wool_cubed,yellow_wool,cube_all,
yellow_wool_knitted,yellow_wool,cube_all,
yellow_wool_patched,yellow_wool,cube_all,
yellow_wool_ribbled,yellow_wool,cube_all,
yellow_wool_scaled,yellow_wool,cube_all,
yellow_wool_soft,yellow_wool,cube_all,
yellow_wool_stringed,yellow_wool,cube_all,
yellow_wool_tiled,yellow_wool,cube_all,
yellow_wool_tripped,yellow_wool,cube_all,
yellow_wool_wickered,yellow_wool,cube_all,
yellow_wool_windmill,yellow_wool,cube_all,
yellow_wool_woved,yellow_wool,cube_all,
yellow_wool_cornered,yellow_wool,cube_all,
yellow_wool_crafted,yellow_wool,cube_all,
yellow_wool_harsh_quilted,yellow_wool,cube_all,
yellow_wool_rectangle,yellow_wool,cube_all,
yellow_wool_delicate,yellow_wool,cube_all,
yellow_wool_ornamented,yellow_wool,cube_all,
yellow_wool_legacy,yellow_wool,cube_all,
yellow_wool_llama,yellow_wool,cube_all,
oak_faux_trapdoor,oak_planks,cube_all,cutout
pale_oak_faux_trapdoor,pale_oak_planks,cube_all,cutout
spruce_faux_trapdoor,spruce_planks,cube_all,cutout
exposed_copper_faux_trapdoor,exposed_copper,cube_all,cutout
weathered_copper_faux_trapdoor,weathered_copper,cube_all,cutout
birch_faux_trapdoor,birch_planks,cube_all,cutout
dark_oak_faux_trapdoor,dark_oak_planks,cube_all,cutout
bamboo_faux_trapdoor,bamboo_planks,cube_all,cutout
mangrove_faux_trapdoor,mangrove_planks,cube_all,cutout
oxidized_copper_faux_trapdoor,oxidized_copper,cube_all,cutout
iron_faux_trapdoor,iron_block,cube_all,cutout
jungle_faux_trapdoor,jungle_planks,cube_all,cutout
acacia_faux_trapdoor,acacia_planks,cube_all,cutout
crimson_faux_trapdoor,crimson_planks,cube_all,cutout
cherry_faux_trapdoor,cherry_planks,cube_all,cutout
warped_faux_trapdoor,warped_planks,cube_all,cutout
copper_faux_trapdoor,copper_block,cube_all,cutout
glowstone_broken,glowstone,cube_all,
glowstone_bulbed,glowstone,cube_all,
glowstone_cracked,glowstone,cube_all,
glowstone_double_inlayed,glowstone,cube_all,
glowstone_edged_lantern,glowstone,cube_all,
glowstone_fancy_lantern,glowstone,cube_all,
glowstone_framed_lantern,glowstone,cube_all,
glowing_lodestone_side,glowstone,cube_all,
glowstone_lantern,glowstone,cube_all,
glowstone_hived,glowstone,cube_all,
glowstone_inlayed,glowstone,cube_all,
glowstone_nether_engraved,glowstone,cube_all,
glowstone_ornate_lantern,glowstone,cube_all,
glowstone_patterned,glowstone,cube_all,
glowstone_polished,glowstone,cube_all,
glowstone_shimmering,glowstone,cube_all,
glowstone_small_bricks,glowstone,cube_all,
glowstone_smooth,glowstone,cube_all,
sunstone,glowstone,cube_all,
glowstone_thick_inlayed,glowstone,cube_all,
glowstone_tiled_pillar,glowstone,cube_all,
glowstone_wither_engraved,glowstone,cube_all,
magma_block_blank_carving,magma_block,cube_all,
magma_block_curly_pillar,magma_block,cube_all,
magma_block_fine_pillar,magma_block,cube_all,
magma_block_pillar,magma_block,cube_column,
magma_block_ornate_pillar,magma_block,cube_all,
magma_block_pillar_bricks,magma_block,cube_all,
magma_block_simple_pillar,magma_block,cube_all,
magma_block_spider_carving,magma_block,cube_all,
sea_lantern_broken,sea_lantern,cube_all,
sea_lantern_bulbed,sea_lantern,cube_all,
sea_lantern_cracked,sea_lantern,cube_all,
sea_lantern_double_inlayed,sea_lantern,cube_all,
sea_lantern_fancy,sea_lantern,cube_all,
sea_lantern_framed,sea_lantern,cube_all,
sea_lantern_hived,sea_lantern,cube_all,
sea_lantern_inlayed,sea_lantern,cube_all,
sea_lantern_ornate,sea_lantern,cube_all,
sea_lantern_polished,sea_lantern,cube_all,
sea_lantern_reinforced,sea_lantern,cube_all,
sea_lodestone_side,sea_lantern,cube_all,
sea_lantern_shimmering,sea_lantern,cube_all,
sea_lantern_smooth,sea_lantern,cube_all,
sea_lantern_special,sea_lantern,cube_all,
sea_lantern_thick_inlayed,sea_lantern,cube_all,
sea_lantern_tiled_pillar,sea_lantern,cube_all,
shroomlight_broken,shroomlight,cube_all,
shroomlight_cracked,shroomlight,cube_all,
shroomlight_double_inlayed,shroomlight,cube_all,
shroomlight_edged_lantern,shroomlight,cube_all,
shroomlight_fancy_lantern,shroomlight,cube_all,
shroomlight_framed_lantern,shroomlight,cube_all,
shroomlight_hived,shroomlight,cube_all,
shroomlight_inlayed,shroomlight,cube_all,
shroomlight_ornate_lantern,shroomlight,cube_all,
shroomlight_polished,shroomlight,cube_all,
shroomlight_reinforced,shroomlight,cube_all,
shroomlight_shimmering,shroomlight,cube_all,
shroomlight_lantern,shroomlight,cube_all,
shroomlight_lodestone_side,shroomlight,cube_all,
shroomlight_smooth,shroomlight,cube_all,
shroomlight_thick_inlayed,shroomlight,cube_all,
shroomlight_tiled_pillar,shroomlight,cube_all,
ochre_froglight_ad_astra,ochre_froglight,cube_all,
ochre_froglight_ancient,ochre_froglight,cube_all,
ochre_froglight_barred,ochre_froglight,cube_all,
ochre_froglight_elemental,ochre_froglight,cube_all,
ochre_froglight_exposed,ochre_froglight,cube_all,
ochre_froglight_reinforced,ochre_froglight,cube_all,
ochre_froglight_round,ochre_froglight,cube_all,
pearlescent_froglight_ad_astra,pearlescent_froglight,cube_all,
pearlescent_froglight_ancient,pearlescent_froglight,cube_all,
pearlescent_froglight_barred,pearlescent_froglight,cube_all,
pearlescent_froglight_elemental,pearlescent_froglight,cube_all,
pearlescent_froglight_exposed,pearlescent_froglight,cube_all,
pearlescent_froglight_reinforced,pearlescent_froglight,cube_all,
pearlescent_froglight_round,pearlescent_froglight,cube_all,
verdant_froglight_ad_astra,verdant_froglight,cube_all,
verdant_froglight_ancient,verdant_froglight,cube_all,
verdant_froglight_barred,verdant_froglight,cube_all,
verdant_froglight_elemental,verdant_froglight,cube_all,
verdant_froglight_exposed,verdant_froglight,cube_all,
verdant_froglight_reinforced,verdant_froglight,cube_all,
verdant_froglight_round,verdant_froglight,cube_all,
arched_acacia_glass,acacia_planks,glass_column,translucent
circular_acacia_glass,acacia_planks,glass,translucent
laced_acacia_glass,acacia_planks,glass_column,translucent
latched_acacia_glass,acacia_planks,glass_column,translucent
paned_acacia_glass,acacia_planks,glass_column,translucent
simple_acacia_glass,acacia_planks,glass,translucent
slatted_acacia_glass,acacia_planks,glass_column,translucent
squared_acacia_glass,acacia_planks,glass,translucent
arched_bamboo_glass,bamboo_planks,glass_column,translucent
circular_bamboo_glass,bamboo_planks,glass,translucent
laced_bamboo_glass,bamboo_planks,glass_column,translucent
latched_bamboo_glass,bamboo_planks,glass_column,translucent
paned_bamboo_glass,bamboo_planks,glass_column,translucent
simple_bamboo_glass,bamboo_planks,glass,translucent
slatted_bamboo_glass,bamboo_planks,glass_column,translucent
squared_bamboo_glass,bamboo_planks,glass,translucent
arched_birch_glass,birch_planks,glass_column,translucent
circular_birch_glass,birch_planks,glass,translucent
laced_birch_glass,birch_planks,glass_column,translucent
latched_birch_glass,birch_planks,glass_column,translucent
paned_birch_glass,birch_planks,glass_column,translucent
simple_birch_glass,birch_planks,glass,translucent
slatted_birch_glass,birch_planks,glass_column,translucent
squared_birch_glass,birch_planks,glass,translucent
arched_cherry_glass,cherry_planks,glass_column,translucent
circular_cherry_glass,cherry_planks,glass,translucent
laced_cherry_glass,cherry_planks,glass_column,translucent
latched_cherry_glass,cherry_planks,glass_column,translucent
paned_cherry_glass,cherry_planks,glass_column,translucent
simple_cherry_glass,cherry_planks,glass,translucent
slatted_cherry_glass,cherry_planks,glass_column,translucent
squared_cherry_glass,cherry_planks,glass,translucent
arched_crimson_glass,crimson_planks,glass_column,translucent
circular_crimson_glass,crimson_planks,glass,translucent
laced_crimson_glass,crimson_planks,glass_column,translucent
latched_crimson_glass,crimson_planks,glass_column,translucent
paned_crimson_glass,crimson_planks,glass_column,translucent
simple_crimson_glass,crimson_planks,glass,translucent
slatted_crimson_glass,crimson_planks,glass_column,translucent
squared_crimson_glass,crimson_planks,glass,translucent
arched_dark_oak_glass,dark_oak_planks,glass_column,translucent
circular_dark_oak_glass,dark_oak_planks,glass,translucent
laced_dark_oak_glass,dark_oak_planks,glass_column,translucent
latched_dark_oak_glass,dark_oak_planks,glass_column,translucent
paned_dark_oak_glass,dark_oak_planks,glass_column,translucent
simple_dark_oak_glass,dark_oak_planks,glass,translucent
slatted_dark_oak_glass,dark_oak_planks,glass_column,translucent
squared_dark_oak_glass,dark_oak_planks,glass,translucent
arched_jungle_glass,jungle_planks,glass_column,translucent
circular_jungle_glass,jungle_planks,glass,translucent
laced_jungle_glass,jungle_planks,glass_column,translucent
latched_jungle_glass,jungle_planks,glass_column,translucent
paned_jungle_glass,jungle_planks,glass_column,translucent
simple_jungle_glass,jungle_planks,glass,translucent
slatted_jungle_glass,jungle_planks,glass_column,translucent
squared_jungle_glass,jungle_planks,glass,translucent
glass_amethyst_framed,glass,glass,translucent
glass_mossy_leaded,glass,glass,translucent
glass_patterned_leaded,glass,glass,translucent
arched_mangrove_glass,mangrove_planks,glass_column,translucent
circular_mangrove_glass,mangrove_planks,glass,translucent
laced_mangrove_glass,mangrove_planks,glass_column,translucent
latched_mangrove_glass,mangrove_planks,glass_column,translucent
paned_mangrove_glass,mangrove_planks,glass_column,translucent
simple_mangrove_glass,mangrove_planks,glass,translucent
slatted_mangrove_glass,mangrove_planks,glass_column,translucent
squared_mangrove_glass,mangrove_planks,glass,translucent
arched_oak_glass,oak_planks,glass_column,translucent
circular_oak_glass,oak_planks,glass,translucent
laced_oak_glass,oak_planks,glass_column,translucent
latched_oak_glass,oak_planks,glass_column,translucent
paned_oak_glass,oak_planks,glass_column,translucent
simple_oak_glass,oak_planks,glass,translucent
slatted_oak_glass,oak_planks,glass_column,translucent
squared_oak_glass,oak_planks,glass,translucent
arched_pale_oak_glass,pale_oak_planks,glass_column,translucent
circular_pale_oak_glass,pale_oak_planks,glass,translucent
laced_pale_oak_glass,pale_oak_planks,glass_column,translucent
latched_pale_oak_glass,pale_oak_planks,glass_column,translucent
paned_pale_oak_glass,pale_oak_planks,glass_column,translucent
simple_pale_oak_glass,pale_oak_planks,glass,translucent
slatted_pale_oak_glass,pale_oak_planks,glass_column,translucent
squared_pale_oak_glass,pale_oak_planks,glass,translucent
arched_spruce_glass,spruce_planks,glass_column,translucent
circular_spruce_glass,spruce_planks,glass,translucent
laced_spruce_glass,spruce_planks,glass_column,translucent
latched_spruce_glass,spruce_planks,glass_column,translucent
paned_spruce_glass,spruce_planks,glass_column,translucent
simple_spruce_glass,spruce_planks,glass,translucent
slatted_spruce_glass,spruce_planks,glass_column,translucent
squared_spruce_glass,spruce_planks,glass,translucent
arched_warped_glass,warped_planks,glass_column,translucent
circular_warped_glass,warped_planks,glass,translucent
laced_warped_glass,warped_planks,glass_column,translucent
latched_warped_glass,warped_planks,glass_column,translucent
paned_warped_glass,warped_planks,glass_column,translucent
simple_warped_glass,warped_planks,glass,translucent
slatted_warped_glass,warped_planks,glass_column,translucent
squared_warped_glass,warped_planks,glass,translucent
pale_oak_planks_panel,pale_oak_planks,cube_all,
white_wool_cornered_carpet,white_wool,carpet,
orange_wool_cornered_carpet,orange_wool,carpet,
magenta_wool_cornered_carpet,magenta_wool,carpet,
light_blue_wool_cornered_carpet,light_blue_wool,carpet,
yellow_wool_cornered_carpet,yellow_wool,carpet,
lime_wool_cornered_carpet,lime_wool,carpet,
pink_wool_cornered_carpet,pink_wool,carpet,
gray_wool_cornered_carpet,gray_wool,carpet,
light_gray_wool_cornered_carpet,light_gray_wool,carpet,
cyan_wool_cornered_carpet,cyan_wool,carpet,
purple_wool_cornered_carpet,purple_wool,carpet,
blue_wool_cornered_carpet,blue_wool,carpet,
brown_wool_cornered_carpet,brown_wool,carpet,
green_wool_cornered_carpet,green_wool,carpet,
red_wool_cornered_carpet,red_wool,carpet,
black_wool_cornered_carpet,black_wool,carpet,
white_wool_crafted_carpet,white_wool,carpet,
orange_wool_crafted_carpet,orange_wool,carpet,
magenta_wool_crafted_carpet,magenta_wool,carpet,
light_blue_wool_crafted_carpet,light_blue_wool,carpet,
yellow_wool_crafted_carpet,yellow_wool,carpet,
lime_wool_crafted_carpet,lime_wool,carpet,
pink_wool_crafted_carpet,pink_wool,carpet,
gray_wool_crafted_carpet,gray_wool,carpet,
light_gray_wool_crafted_carpet,light_gray_wool,carpet,
cyan_wool_crafted_carpet,cyan_wool,carpet,
purple_wool_crafted_carpet,purple_wool,carpet,
blue_wool_crafted_carpet,blue_wool,carpet,
brown_wool_crafted_carpet,brown_wool,carpet,
green_wool_crafted_carpet,green_wool,carpet,
red_wool_crafted_carpet,red_wool,carpet,
black_wool_crafted_carpet,black_wool,carpet,
white_wool_harsh_quilted_carpet,white_wool,carpet,
orange_wool_harsh_quilted_carpet,orange_wool,carpet,
magenta_wool_harsh_quilted_carpet,magenta_wool,carpet,
light_blue_wool_harsh_quilted_carpet,light_blue_wool,carpet,
yellow_wool_harsh_quilted_carpet,yellow_wool,carpet,
lime_wool_harsh_quilted_carpet,lime_wool,carpet,
pink_wool_harsh_quilted_carpet,pink_wool,carpet,
gray_wool_harsh_quilted_carpet,gray_wool,carpet,
light_gray_wool_harsh_quilted_carpet,light_gray_wool,carpet,
cyan_wool_harsh_quilted_carpet,cyan_wool,carpet,
purple_wool_harsh_quilted_carpet,purple_wool,carpet,
blue_wool_harsh_quilted_carpet,blue_wool,carpet,
brown_wool_harsh_quilted_carpet,brown_wool,carpet,
green_wool_harsh_quilted_carpet,green_wool,carpet,
red_wool_harsh_quilted_carpet,red_wool,carpet,
black_wool_harsh_quilted_carpet,black_wool,carpet,
white_wool_rectangle_carpet,white_wool,carpet,
orange_wool_rectangle_carpet,orange_wool,carpet,
magenta_wool_rectangle_carpet,magenta_wool,carpet,
light_blue_wool_rectangle_carpet,light_blue_wool,carpet,
yellow_wool_rectangle_carpet,yellow_wool,carpet,
lime_wool_rectangle_carpet,lime_wool,carpet,
pink_wool_rectangle_carpet,pink_wool,carpet,
gray_wool_rectangle_carpet,gray_wool,carpet,
light_gray_wool_rectangle_carpet,light_gray_wool,carpet,
cyan_wool_rectangle_carpet,cyan_wool,carpet,
purple_wool_rectangle_carpet,purple_wool,carpet,
blue_wool_rectangle_carpet,blue_wool,carpet,
brown_wool_rectangle_carpet,brown_wool,carpet,
green_wool_rectangle_carpet,green_wool,carpet,
red_wool_rectangle_carpet,red_wool,carpet,
black_wool_rectangle_carpet,black_wool,carpet,
white_wool_delicate_carpet,white_wool,carpet,
orange_wool_delicate_carpet,orange_wool,carpet,
magenta_wool_delicate_carpet,magenta_wool,carpet,
light_blue_wool_delicate_carpet,light_blue_wool,carpet,
yellow_wool_delicate_carpet,yellow_wool,carpet,
lime_wool_delicate_carpet,lime_wool,carpet,
pink_wool_delicate_carpet,pink_wool,carpet,
gray_wool_delicate_carpet,gray_wool,carpet,
light_gray_wool_delicate_carpet,light_gray_wool,carpet,
cyan_wool_delicate_carpet,cyan_wool,carpet,
purple_wool_delicate_carpet,purple_wool,carpet,
blue_wool_delicate_carpet,blue_wool,carpet,
brown_wool_delicate_carpet,brown_wool,carpet,
green_wool_delicate_carpet,green_wool,carpet,
red_wool_delicate_carpet,red_wool,carpet,
black_wool_delicate_carpet,black_wool,carpet,
white_wool_ornamented_carpet,white_wool,carpet,
orange_wool_ornamented_carpet,orange_wool,carpet,
magenta_wool_ornamented_carpet,magenta_wool,carpet,
light_blue_wool_ornamented_carpet,light_blue_wool,carpet,
yellow_wool_ornamented_carpet,yellow_wool,carpet,
lime_wool_ornamented_carpet,lime_wool,carpet,
pink_wool_ornamented_carpet,pink_wool,carpet,
gray_wool_ornamented_carpet,gray_wool,carpet,
light_gray_wool_ornamented_carpet,light_gray_wool,carpet,
cyan_wool_ornamented_carpet,cyan_wool,carpet,
purple_wool_ornamented_carpet,purple_wool,carpet,
blue_wool_ornamented_carpet,blue_wool,carpet,
brown_wool_ornamented_carpet,brown_wool,carpet,
green_wool_ornamented_carpet,green_wool,carpet,
red_wool_ornamented_carpet,red_wool,carpet,
black_wool_ornamented_carpet,black_wool,carpet,
white_wool_legacy_carpet,white_wool,carpet,
orange_wool_legacy_carpet,orange_wool,carpet,
magenta_wool_legacy_carpet,magenta_wool,carpet,
light_blue_wool_legacy_carpet,light_blue_wool,carpet,
yellow_wool_legacy_carpet,yellow_wool,carpet,
lime_wool_legacy_carpet,lime_wool,carpet,
pink_wool_legacy_carpet,pink_wool,carpet,
gray_wool_legacy_carpet,gray_wool,carpet,
light_gray_wool_legacy_carpet,light_gray_wool,carpet,
cyan_wool_legacy_carpet,cyan_wool,carpet,
purple_wool_legacy_carpet,purple_wool,carpet,
blue_wool_legacy_carpet,blue_wool,carpet,
brown_wool_legacy_carpet,brown_wool,carpet,
green_wool_legacy_carpet,green_wool,carpet,
red_wool_legacy_carpet,red_wool,carpet,
black_wool_legacy_carpet,black_wool,carpet,
white_wool_llama_carpet,white_wool,carpet,
orange_wool_llama_carpet,orange_wool,carpet,
magenta_wool_llama_carpet,magenta_wool,carpet,
light_blue_wool_llama_carpet,light_blue_wool,carpet,
yellow_wool_llama_carpet,yellow_wool,carpet,
lime_wool_llama_carpet,lime_wool,carpet,
pink_wool_llama_carpet,pink_wool,carpet,
gray_wool_llama_carpet,gray_wool,carpet,
light_gray_wool_llama_carpet,light_gray_wool,carpet,
cyan_wool_llama_carpet,cyan_wool,carpet,
purple_wool_llama_carpet,purple_wool,carpet,
blue_wool_llama_carpet,blue_wool,carpet,
brown_wool_llama_carpet,brown_wool,carpet,
green_wool_llama_carpet,green_wool,carpet,
red_wool_llama_carpet,red_wool,carpet,
black_wool_llama_carpet,black_wool,carpet,
white_wool_cornered_carpet_ctm,white_wool,carpet_ctm,
orange_wool_cornered_carpet_ctm,orange_wool,carpet_ctm,
magenta_wool_cornered_carpet_ctm,magenta_wool,carpet_ctm,
light_blue_wool_cornered_carpet_ctm,light_blue_wool,carpet_ctm,
yellow_wool_cornered_carpet_ctm,yellow_wool,carpet_ctm,
lime_wool_cornered_carpet_ctm,lime_wool,carpet_ctm,
pink_wool_cornered_carpet_ctm,pink_wool,carpet_ctm,
gray_wool_cornered_carpet_ctm,gray_wool,carpet_ctm,
light_gray_wool_cornered_carpet_ctm,light_gray_wool,carpet_ctm,
cyan_wool_cornered_carpet_ctm,cyan_wool,carpet_ctm,
purple_wool_cornered_carpet_ctm,purple_wool,carpet_ctm,
blue_wool_cornered_carpet_ctm,blue_wool,carpet_ctm,
brown_wool_cornered_carpet_ctm,brown_wool,carpet_ctm,
green_wool_cornered_carpet_ctm,green_wool,carpet_ctm,
red_wool_cornered_carpet_ctm,red_wool,carpet_ctm,
black_wool_cornered_carpet_ctm,black_wool,carpet_ctm,
white_wool_crafted_carpet_ctm,white_wool,carpet_ctm,
orange_wool_crafted_carpet_ctm,orange_wool,carpet_ctm,
magenta_wool_crafted_carpet_ctm,magenta_wool,carpet_ctm,
light_blue_wool_crafted_carpet_ctm,light_blue_wool,carpet_ctm,
yellow_wool_crafted_carpet_ctm,yellow_wool,carpet_ctm,
lime_wool_crafted_carpet_ctm,lime_wool,carpet_ctm,
pink_wool_crafted_carpet_ctm,pink_wool,carpet_ctm,
gray_wool_crafted_carpet_ctm,gray_wool,carpet_ctm,
light_gray_wool_crafted_carpet_ctm,light_gray_wool,carpet_ctm,
cyan_wool_crafted_carpet_ctm,cyan_wool,carpet_ctm,
purple_wool_crafted_carpet_ctm,purple_wool,carpet_ctm,
blue_wool_crafted_carpet_ctm,blue_wool,carpet_ctm,
brown_wool_crafted_carpet_ctm,brown_wool,carpet_ctm,
green_wool_crafted_carpet_ctm,green_wool,carpet_ctm,
red_wool_crafted_carpet_ctm,red_wool,carpet_ctm,
black_wool_crafted_carpet_ctm,black_wool,carpet_ctm,
white_wool_harsh_quilted_carpet_ctm,white_wool,carpet_ctm,
orange_wool_harsh_quilted_carpet_ctm,orange_wool,carpet_ctm,
magenta_wool_harsh_quilted_carpet_ctm,magenta_wool,carpet_ctm,
light_blue_wool_harsh_quilted_carpet_ctm,light_blue_wool,carpet_ctm,
yellow_wool_harsh_quilted_carpet_ctm,yellow_wool,carpet_ctm,
lime_wool_harsh_quilted_carpet_ctm,lime_wool,carpet_ctm,
pink_wool_harsh_quilted_carpet_ctm,pink_wool,carpet_ctm,
gray_wool_harsh_quilted_carpet_ctm,gray_wool,carpet_ctm,
light_gray_wool_harsh_quilted_carpet_ctm,light_gray_wool,carpet_ctm,
cyan_wool_harsh_quilted_carpet_ctm,cyan_wool,carpet_ctm,
purple_wool_harsh_quilted_carpet_ctm,purple_wool,carpet_ctm,
blue_wool_harsh_quilted_carpet_ctm,blue_wool,carpet_ctm,
brown_wool_harsh_quilted_carpet_ctm,brown_wool,carpet_ctm,
green_wool_harsh_quilted_carpet_ctm,green_wool,carpet_ctm,
red_wool_harsh_quilted_carpet_ctm,red_wool,carpet_ctm,
black_wool_harsh_quilted_carpet_ctm,black_wool,carpet_ctm,
white_wool_rectangle_carpet_ctm,white_wool,carpet_ctm,
orange_wool_rectangle_carpet_ctm,orange_wool,carpet_ctm,
magenta_wool_rectangle_carpet_ctm,magenta_wool,carpet_ctm,
light_blue_wool_rectangle_carpet_ctm,light_blue_wool,carpet_ctm,
yellow_wool_rectangle_carpet_ctm,yellow_wool,carpet_ctm,
lime_wool_rectangle_carpet_ctm,lime_wool,carpet_ctm,
pink_wool_rectangle_carpet_ctm,pink_wool,carpet_ctm,
gray_wool_rectangle_carpet_ctm,gray_wool,carpet_ctm,
light_gray_wool_rectangle_carpet_ctm,light_gray_wool,carpet_ctm,
cyan_wool_rectangle_carpet_ctm,cyan_wool,carpet_ctm,
purple_wool_rectangle_carpet_ctm,purple_wool,carpet_ctm,
blue_wool_rectangle_carpet_ctm,blue_wool,carpet_ctm,
brown_wool_rectangle_carpet_ctm,brown_wool,carpet_ctm,
green_wool_rectangle_carpet_ctm,green_wool,carpet_ctm,
red_wool_rectangle_carpet_ctm,red_wool,carpet_ctm,
black_wool_rectangle_carpet_ctm,black_wool,carpet_ctm,
white_wool_delicate_carpet_ctm,white_wool,carpet_ctm,
orange_wool_delicate_carpet_ctm,orange_wool,carpet_ctm,
magenta_wool_delicate_carpet_ctm,magenta_wool,carpet_ctm,
light_blue_wool_delicate_carpet_ctm,light_blue_wool,carpet_ctm,
yellow_wool_delicate_carpet_ctm,yellow_wool,carpet_ctm,
lime_wool_delicate_carpet_ctm,lime_wool,carpet_ctm,
pink_wool_delicate_carpet_ctm,pink_wool,carpet_ctm,
gray_wool_delicate_carpet_ctm,gray_wool,carpet_ctm,
light_gray_wool_delicate_carpet_ctm,light_gray_wool,carpet_ctm,
cyan_wool_delicate_carpet_ctm,cyan_wool,carpet_ctm,
purple_wool_delicate_carpet_ctm,purple_wool,carpet_ctm,
blue_wool_delicate_carpet_ctm,blue_wool,carpet_ctm,
brown_wool_delicate_carpet_ctm,brown_wool,carpet_ctm,
green_wool_delicate_carpet_ctm,green_wool,carpet_ctm,
red_wool_delicate_carpet_ctm,red_wool,carpet_ctm,
black_wool_delicate_carpet_ctm,black_wool,carpet_ctm,
white_wool_ornamented_carpet_ctm,white_wool,carpet_ctm,
orange_wool_ornamented_carpet_ctm,orange_wool,carpet_ctm,
magenta_wool_ornamented_carpet_ctm,magenta_wool,carpet_ctm,
light_blue_wool_ornamented_carpet_ctm,light_blue_wool,carpet_ctm,
yellow_wool_ornamented_carpet_ctm,yellow_wool,carpet_ctm,
lime_wool_ornamented_carpet_ctm,lime_wool,carpet_ctm,
pink_wool_ornamented_carpet_ctm,pink_wool,carpet_ctm,
gray_wool_ornamented_carpet_ctm,gray_wool,carpet_ctm,
light_gray_wool_ornamented_carpet_ctm,light_gray_wool,carpet_ctm,
cyan_wool_ornamented_carpet_ctm,cyan_wool,carpet_ctm,
purple_wool_ornamented_carpet_ctm,purple_wool,carpet_ctm,
blue_wool_ornamented_carpet_ctm,blue_wool,carpet_ctm,
brown_wool_ornamented_carpet_ctm,brown_wool,carpet_ctm,
green_wool_ornamented_carpet_ctm,green_wool,carpet_ctm,
red_wool_ornamented_carpet_ctm,red_wool,carpet_ctm,
black_wool_ornamented_carpet_ctm,black_wool,carpet_ctm,
white_wool_legacy_carpet_ctm,white_wool,carpet_ctm,
orange_wool_legacy_carpet_ctm,orange_wool,carpet_ctm,
magenta_wool_legacy_carpet_ctm,magenta_wool,carpet_ctm,
light_blue_wool_legacy_carpet_ctm,light_blue_wool,carpet_ctm,
yellow_wool_legacy_carpet_ctm,yellow_wool,carpet_ctm,
lime_wool_legacy_carpet_ctm,lime_wool,carpet_ctm,
pink_wool_legacy_carpet_ctm,pink_wool,carpet_ctm,
gray_wool_legacy_carpet_ctm,gray_wool,carpet_ctm,
light_gray_wool_legacy_carpet_ctm,light_gray_wool,carpet_ctm,
cyan_wool_legacy_carpet_ctm,cyan_wool,carpet_ctm,
purple_wool_legacy_carpet_ctm,purple_wool,carpet_ctm,
blue_wool_legacy_carpet_ctm,blue_wool,carpet_ctm,
brown_wool_legacy_carpet_ctm,brown_wool,carpet_ctm,
green_wool_legacy_carpet_ctm,green_wool,carpet_ctm,
red_wool_legacy_carpet_ctm,red_wool,carpet_ctm,
black_wool_legacy_carpet_ctm,black_wool,carpet_ctm,
white_wool_llama_carpet_ctm,white_wool,carpet_ctm,
orange_wool_llama_carpet_ctm,orange_wool,carpet_ctm,
magenta_wool_llama_carpet_ctm,magenta_wool,carpet_ctm,
light_blue_wool_llama_carpet_ctm,light_blue_wool,carpet_ctm,
yellow_wool_llama_carpet_ctm,yellow_wool,carpet_ctm,
lime_wool_llama_carpet_ctm,lime_wool,carpet_ctm,
pink_wool_llama_carpet_ctm,pink_wool,carpet_ctm,
gray_wool_llama_carpet_ctm,gray_wool,carpet_ctm,
light_gray_wool_llama_carpet_ctm,light_gray_wool,carpet_ctm,
cyan_wool_llama_carpet_ctm,cyan_wool,carpet_ctm,
purple_wool_llama_carpet_ctm,purple_wool,carpet_ctm,
blue_wool_llama_carpet_ctm,blue_wool,carpet_ctm,
brown_wool_llama_carpet_ctm,brown_wool,carpet_ctm,
green_wool_llama_carpet_ctm,green_wool,carpet_ctm,
red_wool_llama_carpet_ctm,red_wool,carpet_ctm,
black_wool_llama_carpet_ctm,black_wool,carpet_ctm,
