name	material	template	render	layout	textures	connections	item	item_render	isolated
acacia_planks_beams_ctm	acacia_planks	ctm_cube_all_pieces		pieces_full	all=ott:block/acacia_planks/ctm/acacia_planks_beams	all	solo		
acacia_planks_brick_pattern_ctm	acacia_planks	ctm_cube_all_pieces		pieces_full	all=ott:block/acacia_planks/ctm/acacia_planks_brick_pattern	all	solo		
acacia_planks_brick_paving_ctm	acacia_planks	ctm_cube_all_pieces		pieces_full	all=ott:block/acacia_planks/ctm/acacia_planks_brick_paving	all	solo		
acacia_planks_bricks_ctm	acacia_planks	ctm_cube_all_horizontal		pieces_horizontal	all=ott:block/acacia_planks/ctm/acacia_planks_bricks	all	self		
acacia_planks_crate_ctm	acacia_planks	ctm_cube_all_pieces		pieces_full	all=ott:block/acacia_planks/ctm/acacia_planks_crate	all	solo		
acacia_planks_diagonal_stripes_ctm	acacia_planks	ctm_cube_all_pieces		pieces_full	all=ott:block/acacia_planks/ctm/acacia_planks_diagonal_stripes	all	solo		
acacia_planks_diagonal_tiles_ctm	acacia_planks	ctm_cube_all_pieces		pieces_full	all=ott:block/acacia_planks/ctm/acacia_planks_diagonal_tiles	all	solo		
acacia_planks_dotted_ctm	acacia_planks	ctm_cube_all_pieces		pieces_full	all=ott:block/acacia_planks/ctm/acacia_planks_dotted	all	solo		
acacia_planks_flooring_ctm	acacia_planks	ctm_cube_all_pieces		pieces_full	all=ott:block/acacia_planks/ctm/acacia_planks_flooring	all	solo		
acacia_planks_large_tiles_ctm	acacia_planks	ctm_cube_all_pieces		pieces_full	all=ott:block/acacia_planks/ctm/acacia_planks_large_tiles	all	solo		
acacia_planks_panel_ctm	acacia_planks	ctm_cube_all_pieces		pieces_full	all=ott:block/acacia_planks/ctm/acacia_planks_panel	all	solo		
acacia_planks_pattern_ctm	acacia_planks	ctm_cube_all_pieces		pieces_full	all=ott:block/acacia_planks/ctm/acacia_planks_pattern	all	solo		
acacia_planks_rotated_bricks_ctm	acacia_planks	ctm_cube_all_pieces		pieces_full	all=ott:block/acacia_planks/ctm/acacia_planks_rotated_bricks	all	solo		
acacia_planks_small_bricks_ctm	acacia_planks	ctm_cube_all_pieces		pieces_full	all=ott:block/acacia_planks/ctm/acacia_planks_small_bricks	all	solo		
acacia_planks_small_tiles_ctm	acacia_planks	ctm_cube_all_pieces		pieces_full	all=ott:block/acacia_planks/ctm/acacia_planks_small_tiles	all	solo		
acacia_planks_squares_ctm	acacia_planks	ctm_cube_all_pieces		pieces_full	all=ott:block/acacia_planks/ctm/acacia_planks_squares	all	solo		
acacia_planks_tiles_ctm	acacia_planks	ctm_cube_all_pieces		pieces_full	all=ott:block/acacia_planks/ctm/acacia_planks_tiles	all	solo		
acacia_planks_wavy_ctm	acacia_planks	ctm_cube_all_pieces		pieces_full	all=ott:block/acacia_planks/ctm/acacia_planks_wavy	all	solo		
acacia_planks_woven_ctm	acacia_planks	ctm_cube_all_pieces		pieces_full	all=ott:block/acacia_planks/ctm/acacia_planks_woven	all	solo		
acacia_window_bars_ctm	acacia_planks	ctm_cube_column_pieces_vertical	minecraft:cutout_mipped	pieces_vertical	side=ott:block/acacia_windows/ctm/acacia_window_bars|top=minecraft:block/acacia_planks	side	self		
acacia_window_covered_ctm	acacia_planks	ctm_cube_column_pieces_vertical	minecraft:cutout_mipped	pieces_vertical	side=ott:block/acacia_windows/ctm/acacia_window_covered|top=minecraft:block/acacia_planks	side	self		
acacia_window_diagonal_ctm	acacia_planks	ctm_cube_column_pieces_vertical	minecraft:cutout_mipped	pieces_vertical	side=ott:block/acacia_windows/ctm/acacia_window_diagonal|top=minecraft:block/acacia_planks	side	self		
acacia_window_large_ctm	acacia_planks	ctm_cube_column_pieces_vertical	minecraft:cutout_mipped	pieces_vertical	side=ott:block/acacia_windows/ctm/acacia_window_large|top=minecraft:block/acacia_planks	side	self		
acacia_window_panes_ctm	acacia_planks	ctm_cube_column_pieces_vertical	minecraft:cutout_mipped	pieces_vertical	side=ott:block/acacia_windows/ctm/acacia_window_panes|top=minecraft:block/acacia_planks	side	self		
acacia_window_rounded_ctm	acacia_planks	ctm_cube_column_pieces_vertical	minecraft:cutout_mipped	pieces_vertical	side=ott:block/acacia_windows/ctm/acacia_window_rounded|top=minecraft:block/acacia_planks	side	self		
acacia_window_slim_ctm	acacia_planks	ctm_cube_column_pieces_vertical	minecraft:cutout_mipped	pieces_vertical	side=ott:block/acacia_windows/ctm/acacia_window_slim|top=minecraft:block/acacia_planks	side	self		
acacia_window_swirling_ctm	acacia_planks	ctm_cube_column_pieces_vertical	minecraft:cutout_mipped	pieces_vertical	side=ott:block/acacia_windows/ctm/acacia_window_swirling|top=minecraft:block/acacia_planks	side	self		
acacia_window_tiles_ctm	acacia_planks	ctm_cube_column_pieces_planks_top	minecraft:cutout_mipped		side=ott:block/acacia_windows/ctm/acacia_window_tiles|up=minecraft:block/acacia_planks	side:pieces_full	static	minecraft:cutout_mipped	
air_mosaic_border	air_mosaic	ctm_full_detailed			all=ott:block/air_mosaic/air_mosaic_border	*=same;match:ott:air_mosaic_delicate	self		all=ott:block/air_mosaic/air_mosaic_border_static
air_mosaic_delicate	air_mosaic	ctm_full_detailed			all=ott:block/air_mosaic/air_mosaic_delicate	*=same;match:ott:air_mosaic_border	self		all=ott:block/air_mosaic/air_mosaic_delicate_static
air_mosaic_geometric	air_mosaic	ctm_full_detailed_overlay	minecraft:cutout_mipped		all=ott:block/air_mosaic/air_mosaic_geometric|overlay=ott:block/air_mosaic/air_mosaic_pattern_overlay	all=same|overlay=match:ott:air_mosaic_pattern	self		all=ott:block/air_mosaic/air_mosaic_geometric_static|overlay=ott:block/air_mosaic/air_mosaic_pattern_overlay_static
air_mosaic_pattern	air_mosaic	ctm_full_detailed			all=ott:block/air_mosaic/air_mosaic_pattern	*=same;match:ott:air_mosaic_geometric	self		all=ott:block/air_mosaic/air_mosaic_pattern_static
amethyst_block_beams_ctm	amethyst_block	ctm_cube_all_pieces		pieces_full	all=ott:block/amethyst_block/ctm/amethyst_block_beams	all	solo		
amethyst_block_bordered_diagonal_tiles_ctm	amethyst_block	ctm_cube_all_pieces		pieces_full	all=ott:block/amethyst_block/ctm/amethyst_block_bordered_diagonal_tiles	all	solo		
amethyst_block_bricks_ctm	amethyst_block	ctm_cube_all_horizontal		pieces_horizontal	all=ott:block/amethyst_block/ctm/amethyst_block_bricks	all	self		
amethyst_block_ctm	amethyst_block	ctm_cube_column_pieces			side=ott:block/amethyst_block/ctm/amethyst_block_ctm_side|top=ott:block/amethyst_block/ctm/amethyst_block_ctm_end	side:pieces_full|top:pieces_full	solo		
amethyst_block_cut_ctm	amethyst_block	ctm_cube_all_pieces		pieces_full	all=ott:block/amethyst_block/ctm/amethyst_block_cut	all	solo		
amethyst_block_edged_ctm	amethyst_block	ctm_cube_all_pieces		pieces_full	all=ott:block/amethyst_block/ctm/amethyst_block_edged	all	solo		
amethyst_block_shiny_ctm	amethyst_block	ctm_cube_all_pieces		pieces_full	all=ott:block/amethyst_block/ctm/amethyst_block_shiny	all	solo		
amethyst_block_tiles_ctm	amethyst_block	ctm_cube_all_pieces		pieces_full	all=ott:block/amethyst_block/ctm/amethyst_block_tiles	all	solo		
andesite_brick_pattern_ctm	andesite	ctm_cube_all_pieces		pieces_full	all=ott:block/andesite/ctm/andesite_brick_pattern	all	solo		
andesite_brick_paving_ctm	andesite	ctm_cube_all_pieces		pieces_full	all=ott:block/andesite/ctm/andesite_brick_paving	all	solo		
andesite_bricks_ctm	andesite	ctm_cube_all_horizontal		pieces_horizontal	all=ott:block/andesite/ctm/andesite_bricks	all	self		
andesite_cut_polished_ctm	andesite	ctm_cube_all_pieces		pieces_full	all=ott:block/andesite/ctm/andesite_cut_polished	all	solo		
andesite_cut_small_brick_ctm	andesite	ctm_cube_all_pieces		pieces_full	all=ott:block/andesite/ctm/andesite_cut_small_brick	all	solo		
andesite_diagonal_bricks_ctm	andesite	ctm_cube_all_pieces		pieces_full	all=ott:block/andesite/ctm/andesite_diagonal_bricks	all	solo		
andesite_dotted_ctm	andesite	ctm_cube_all_pieces		pieces_full	all=ott:block/andesite/ctm/andesite_dotted	all	solo		
andesite_paving_ctm	andesite	ctm_cube_all_pieces		pieces_full	all=ott:block/andesite/ctm/andesite_paving	all	solo		
andesite_polished_ctm	andesite	ctm_cube_all_pieces		pieces_full	all=ott:block/andesite/ctm/andesite_polished	all	solo		
andesite_rotated_bricks_ctm	andesite	ctm_cube_all_pieces		pieces_full	all=ott:block/andesite/ctm/andesite_rotated_bricks	all	solo		
andesite_squares_ctm	andesite	ctm_cube_all_pieces		pieces_full	all=ott:block/andesite/ctm/andesite_squares	all	solo		
andesite_tiles_ctm	andesite	ctm_cube_all_pieces		pieces_full	all=ott:block/andesite/ctm/andesite_tiles	all	solo		
andesite_wavy_ctm	andesite	ctm_cube_all_pieces		pieces_full	all=ott:block/andesite/ctm/andesite_wavy	all	solo		
arched_black_stained_glass_ctm	black_stained_glass	ctm_cube_column_pieces_vertical	minecraft:translucent	pieces_vertical	side=ott:block/black_stained_glass/ctm/arched_black_stained_glass_ctm|top=ott:block/black_stained_glass/circular_black_stained_glass	side	self	minecraft:translucent	
arched_blue_stained_glass_ctm	blue_stained_glass	ctm_cube_column_pieces_vertical	minecraft:translucent	pieces_vertical	side=ott:block/blue_stained_glass/ctm/arched_blue_stained_glass_ctm|top=ott:block/blue_stained_glass/circular_blue_stained_glass	side	self	minecraft:translucent	
arched_brown_stained_glass_ctm	brown_stained_glass	ctm_cube_column_pieces_vertical	minecraft:translucent	pieces_vertical	side=ott:block/brown_stained_glass/ctm/arched_brown_stained_glass_ctm|top=ott:block/brown_stained_glass/circular_brown_stained_glass	side	self	minecraft:translucent	
arched_cyan_stained_glass_ctm	cyan_stained_glass	ctm_cube_column_pieces_vertical	minecraft:translucent	pieces_vertical	side=ott:block/cyan_stained_glass/ctm/arched_cyan_stained_glass_ctm|top=ott:block/cyan_stained_glass/circular_cyan_stained_glass	side	self	minecraft:translucent	
arched_gray_stained_glass_ctm	gray_stained_glass	ctm_cube_column_pieces_vertical	minecraft:translucent	pieces_vertical	side=ott:block/gray_stained_glass/ctm/arched_gray_stained_glass_ctm|top=ott:block/gray_stained_glass/circular_gray_stained_glass	side	self	minecraft:translucent	
arched_green_stained_glass_ctm	green_stained_glass	ctm_cube_column_pieces_vertical	minecraft:translucent	pieces_vertical	side=ott:block/green_stained_glass/ctm/arched_green_stained_glass_ctm|top=ott:block/green_stained_glass/circular_green_stained_glass	side	self	minecraft:translucent	
arched_leaded_glass_ctm	glass	ctm_cube_column_pieces_vertical	minecraft:translucent	pieces_vertical	side=ott:block/glass/ctm/arched_leaded_glass_ctm|top=ott:block/glass/circular_leaded_stained_glass	side	self	minecraft:translucent	
arched_light_blue_stained_glass_ctm	light_blue_stained_glass	ctm_cube_column_pieces_vertical	minecraft:translucent	pieces_vertical	side=ott:block/light_blue_stained_glass/ctm/arched_light_blue_stained_glass_ctm|top=ott:block/light_blue_stained_glass/circular_light_blue_stained_glass	side	self	minecraft:translucent	
arched_light_gray_stained_glass_ctm	light_gray_stained_glass	ctm_cube_column_pieces_vertical	minecraft:translucent	pieces_vertical	side=ott:block/light_gray_stained_glass/ctm/arched_light_gray_stained_glass_ctm|top=ott:block/light_gray_stained_glass/circular_light_gray_stained_glass	side	self	minecraft:translucent	
arched_lime_stained_glass_ctm	lime_stained_glass	ctm_cube_column_pieces_vertical	minecraft:translucent	pieces_vertical	side=ott:block/lime_stained_glass/ctm/arched_lime_stained_glass_ctm|top=ott:block/lime_stained_glass/circular_lime_stained_glass	side	self	minecraft:translucent	
arched_magenta_stained_glass_ctm	magenta_stained_glass	ctm_cube_column_pieces_vertical	minecraft:translucent	pieces_vertical	side=ott:block/magenta_stained_glass/ctm/arched_magenta_stained_glass_ctm|top=ott:block/magenta_stained_glass/circular_magenta_stained_glass	side	self	minecraft:translucent	
arched_orange_stained_glass_ctm	orange_stained_glass	ctm_cube_column_pieces_vertical	minecraft:translucent	pieces_vertical	side=ott:block/orange_stained_glass/ctm/arched_orange_stained_glass_ctm|top=ott:block/orange_stained_glass/circular_orange_stained_glass	side	self	minecraft:translucent	
arched_pink_stained_glass_ctm	pink_stained_glass	ctm_cube_column_pieces_vertical	minecraft:translucent	pieces_vertical	side=ott:block/pink_stained_glass/ctm/arched_pink_stained_glass_ctm|top=ott:block/pink_stained_glass/circular_pink_stained_glass	side	self	minecraft:translucent	
arched_purple_stained_glass_ctm	purple_stained_glass	ctm_cube_column_pieces_vertical	minecraft:translucent	pieces_vertical	side=ott:block/purple_stained_glass/ctm/arched_purple_stained_glass_ctm|top=ott:block/purple_stained_glass/circular_purple_stained_glass	side	self	minecraft:translucent	
arched_red_stained_glass_ctm	red_stained_glass	ctm_cube_column_pieces_vertical	minecraft:translucent	pieces_vertical	side=ott:block/red_stained_glass/ctm/arched_red_stained_glass_ctm|top=ott:block/red_stained_glass/circular_red_stained_glass	side	self	minecraft:translucent	
arched_white_stained_glass_ctm	white_stained_glass	ctm_cube_column_pieces_vertical	minecraft:translucent	pieces_vertical	side=ott:block/white_stained_glass/ctm/arched_white_stained_glass_ctm|top=ott:block/white_stained_glass/circular_white_stained_glass	side	self	minecraft:translucent	
arched_yellow_stained_glass_ctm	yellow_stained_glass	ctm_cube_column_pieces_vertical	minecraft:translucent	pieces_vertical	side=ott:block/yellow_stained_glass/ctm/arched_yellow_stained_glass_ctm|top=ott:block/yellow_stained_glass/circular_yellow_stained_glass	side	self	minecraft:translucent	
asurine_cut_polished_ctm	asurine	ctm_cube_all_pieces		pieces_full	all=ott:block/asurine/ctm/asurine_cut_polished	all	solo		
asurine_cut_small_brick_ctm	asurine	ctm_cube_all_pieces		pieces_full	all=ott:block/asurine/ctm/asurine_cut_small_brick	all	solo		
bamboo_planks_beams_ctm	bamboo_planks	ctm_cube_all_pieces		pieces_full	all=ott:block/bamboo_planks/ctm/bamboo_planks_beams	all	solo		
bamboo_planks_brick_pattern_ctm	bamboo_planks	ctm_cube_all_pieces		pieces_full	all=ott:block/bamboo_planks/ctm/bamboo_planks_brick_pattern	all	solo		
bamboo_planks_brick_paving_ctm	bamboo_planks	ctm_cube_all_pieces		pieces_full	all=ott:block/bamboo_planks/ctm/bamboo_planks_brick_paving	all	solo		
bamboo_planks_bricks_ctm	bamboo_planks	ctm_cube_all_horizontal		pieces_horizontal	all=ott:block/bamboo_planks/ctm/bamboo_planks_bricks	all	self		
bamboo_planks_crate_ctm	bamboo_planks	ctm_cube_all_pieces		pieces_full	all=ott:block/bamboo_planks/ctm/bamboo_planks_crate	all	solo		
bamboo_planks_diagonal_stripes_ctm	bamboo_planks	ctm_cube_all_pieces		pieces_full	all=ott:block/bamboo_planks/ctm/bamboo_planks_diagonal_stripes	all	solo		
bamboo_planks_diagonal_tiles_ctm	bamboo_planks	ctm_cube_all_pieces		pieces_full	all=ott:block/bamboo_planks/ctm/bamboo_planks_diagonal_tiles	all	solo		
bamboo_planks_dotted_ctm	bamboo_planks	ctm_cube_all_pieces		pieces_full	all=ott:block/bamboo_planks/ctm/bamboo_planks_dotted	all	solo		
bamboo_planks_flooring_ctm	bamboo_planks	ctm_cube_all_pieces		pieces_full	all=ott:block/bamboo_planks/ctm/bamboo_planks_flooring	all	solo		
bamboo_planks_large_tiles_ctm	bamboo_planks	ctm_cube_all_pieces		pieces_full	all=ott:block/bamboo_planks/ctm/bamboo_planks_large_tiles	all	solo		
bamboo_planks_panel_ctm	bamboo_planks	ctm_cube_all_pieces		pieces_full	all=ott:block/bamboo_planks/ctm/bamboo_planks_panel	all	solo		
bamboo_planks_pattern_ctm	bamboo_planks	ctm_cube_all_pieces		pieces_full	all=ott:block/bamboo_planks/ctm/bamboo_planks_pattern	all	solo		
bamboo_planks_rotated_bricks_ctm	bamboo_planks	ctm_cube_all_pieces		pieces_full	all=ott:block/bamboo_planks/ctm/bamboo_planks_rotated_bricks	all	solo		
bamboo_planks_small_bricks_ctm	bamboo_planks	ctm_cube_all_pieces		pieces_full	all=ott:block/bamboo_planks/ctm/bamboo_planks_small_bricks	all	solo		
bamboo_planks_small_tiles_ctm	bamboo_planks	ctm_cube_all_pieces		pieces_full	all=ott:block/bamboo_planks/ctm/bamboo_planks_small_tiles	all	solo		
bamboo_planks_squares_ctm	bamboo_planks	ctm_cube_all_pieces		pieces_full	all=ott:block/bamboo_planks/ctm/bamboo_planks_squares	all	solo		
bamboo_planks_tiles_ctm	bamboo_planks	ctm_cube_all_pieces		pieces_full	all=ott:block/bamboo_planks/ctm/bamboo_planks_tiles	all	solo		
bamboo_planks_wavy_ctm	bamboo_planks	ctm_cube_all_pieces		pieces_full	all=ott:block/bamboo_planks/ctm/bamboo_planks_wavy	all	solo		
bamboo_planks_woven_ctm	bamboo_planks	ctm_cube_all_pieces		pieces_full	all=ott:block/bamboo_planks/ctm/bamboo_planks_woven	all	solo		
bamboo_window_bars_ctm	bamboo_planks	ctm_cube_column_pieces_vertical	minecraft:cutout_mipped	pieces_vertical	side=ott:block/bamboo_windows/ctm/bamboo_window_bars|top=minecraft:block/bamboo_planks	side	self		
bamboo_window_covered_ctm	bamboo_planks	ctm_cube_column_pieces_vertical	minecraft:cutout_mipped	pieces_vertical	side=ott:block/bamboo_windows/ctm/bamboo_window_covered|top=minecraft:block/bamboo_planks	side	self		
bamboo_window_diagonal_ctm	bamboo_planks	ctm_cube_column_pieces_vertical	minecraft:cutout_mipped	pieces_vertical	side=ott:block/bamboo_windows/ctm/bamboo_window_diagonal|top=minecraft:block/bamboo_planks	side	self		
bamboo_window_large_ctm	bamboo_planks	ctm_cube_column_pieces_vertical	minecraft:cutout_mipped	pieces_vertical	side=ott:block/bamboo_windows/ctm/bamboo_window_large|top=minecraft:block/bamboo_planks	side	self		
bamboo_window_panes_ctm	bamboo_planks	ctm_cube_column_pieces_vertical	minecraft:cutout_mipped	pieces_vertical	side=ott:block/bamboo_windows/ctm/bamboo_window_panes|top=minecraft:block/bamboo_planks	side	self		
bamboo_window_rounded_ctm	bamboo_planks	ctm_cube_column_pieces_vertical	minecraft:cutout_mipped	pieces_vertical	side=ott:block/bamboo_windows/ctm/bamboo_window_rounded|top=minecraft:block/bamboo_planks	side	self		
bamboo_window_slim_ctm	bamboo_planks	ctm_cube_column_pieces_vertical	minecraft:cutout_mipped	pieces_vertical	side=ott:block/bamboo_windows/ctm/bamboo_window_slim|top=minecraft:block/bamboo_planks	side	self		
bamboo_window_swirling_ctm	bamboo_planks	ctm_cube_column_pieces_vertical	minecraft:cutout_mipped	pieces_vertical	side=ott:block/bamboo_windows/ctm/bamboo_window_swirling|top=minecraft:block/bamboo_planks	side	self		
bamboo_window_tiles_ctm	bamboo_planks	ctm_cube_column_pieces_planks_top	minecraft:cutout_mipped		side=ott:block/bamboo_windows/ctm/bamboo_window_tiles|up=minecraft:block/bamboo_planks	side:pieces_full	static	minecraft:cutout_mipped	
basalt_beams_ctm	basalt	ctm_cube_all_pieces		pieces_full	all=ott:block/basalt/ctm/basalt_beams	all	solo		
basalt_bordered_ctm	basalt	ctm_cube_all_pieces		pieces_full	all=ott:block/basalt/ctm/basalt_bordered	all	solo		
basalt_bordered_polished_ctm	basalt	ctm_cube_all_pieces		pieces_full	all=ott:block/basalt/ctm/basalt_bordered_polished	all	solo		
basalt_bricks_ctm	basalt	ctm_cube_all_horizontal		pieces_horizontal	all=ott:block/basalt/ctm/basalt_bricks	all	self		
basalt_diagonal_tiles_ctm	basalt	ctm_cube_all_pieces		pieces_full	all=ott:block/basalt/ctm/basalt_diagonal_tiles	all	solo		
basalt_pattern_ctm	basalt	ctm_cube_all_pieces		pieces_full	all=ott:block/basalt/ctm/basalt_pattern	all	solo		
basalt_patterned_ctm	basalt	ctm_cube_all_pieces		pieces_full	all=ott:block/basalt/ctm/basalt_patterned	all	solo		
basalt_tiles_ctm	basalt	ctm_cube_all_pieces		pieces_full	all=ott:block/basalt/ctm/basalt_tiles	all	solo		
birch_planks_beams_ctm	birch_planks	ctm_cube_all_pieces		pieces_full	all=ott:block/birch_planks/ctm/birch_planks_beams	all	solo		
birch_planks_brick_pattern_ctm	birch_planks	ctm_cube_all_pieces		pieces_full	all=ott:block/birch_planks/ctm/birch_planks_brick_pattern	all	solo		
birch_planks_brick_paving_ctm	birch_planks	ctm_cube_all_pieces		pieces_full	all=ott:block/birch_planks/ctm/birch_planks_brick_paving	all	solo		
birch_planks_bricks_ctm	birch_planks	ctm_cube_all_horizontal		pieces_horizontal	all=ott:block/birch_planks/ctm/birch_planks_bricks	all	self		
birch_planks_crate_ctm	birch_planks	ctm_cube_all_pieces		pieces_full	all=ott:block/birch_planks/ctm/birch_planks_crate	all	solo		
birch_planks_diagonal_stripes_ctm	birch_planks	ctm_cube_all_pieces		pieces_full	all=ott:block/birch_planks/ctm/birch_planks_diagonal_stripes	all	solo		
birch_planks_diagonal_tiles_ctm	birch_planks	ctm_cube_all_pieces		pieces_full	all=ott:block/birch_planks/ctm/birch_planks_diagonal_tiles	all	solo		
birch_planks_dotted_ctm	birch_planks	ctm_cube_all_pieces		pieces_full	all=ott:block/birch_planks/ctm/birch_planks_dotted	all	solo		
birch_planks_flooring_ctm	birch_planks	ctm_cube_all_pieces		pieces_full	all=ott:block/birch_planks/ctm/birch_planks_flooring	all	solo		
birch_planks_large_tiles_ctm	birch_planks	ctm_cube_all_pieces		pieces_full	all=ott:block/birch_planks/ctm/birch_planks_large_tiles	all	solo		
birch_planks_panel_ctm	birch_planks	ctm_cube_all_pieces		pieces_full	all=ott:block/birch_planks/ctm/birch_planks_panel	all	solo		
birch_planks_pattern_ctm	birch_planks	ctm_cube_all_pieces		pieces_full	all=ott:block/birch_planks/ctm/birch_planks_pattern	all	solo		
birch_planks_rotated_bricks_ctm	birch_planks	ctm_cube_all_pieces		pieces_full	all=ott:block/birch_planks/ctm/birch_planks_rotated_bricks	all	solo		
birch_planks_small_bricks_ctm	birch_planks	ctm_cube_all_pieces		pieces_full	all=ott:block/birch_planks/ctm/birch_planks_small_bricks	all	solo		
birch_planks_small_tiles_ctm	birch_planks	ctm_cube_all_pieces		pieces_full	all=ott:block/birch_planks/ctm/birch_planks_small_tiles	all	solo		
birch_planks_squares_ctm	birch_planks	ctm_cube_all_pieces		pieces_full	all=ott:block/birch_planks/ctm/birch_planks_squares	all	solo		
birch_planks_tiles_ctm	birch_planks	ctm_cube_all_pieces		pieces_full	all=ott:block/birch_planks/ctm/birch_planks_tiles	all	solo		
birch_planks_wavy_ctm	birch_planks	ctm_cube_all_pieces		pieces_full	all=ott:block/birch_planks/ctm/birch_planks_wavy	all	solo		
birch_planks_woven_ctm	birch_planks	ctm_cube_all_pieces		pieces_full	all=ott:block/birch_planks/ctm/birch_planks_woven	all	solo		
birch_window_bars_ctm	birch_planks	ctm_cube_column_pieces_vertical	minecraft:cutout_mipped	pieces_vertical	side=ott:block/birch_windows/ctm/birch_window_bars|top=minecraft:block/birch_planks	side	self		
birch_window_covered_ctm	birch_planks	ctm_cube_column_pieces_vertical	minecraft:cutout_mipped	pieces_vertical	side=ott:block/birch_windows/ctm/birch_window_covered|top=minecraft:block/birch_planks	side	self		
birch_window_diagonal_ctm	birch_planks	ctm_cube_column_pieces_vertical	minecraft:cutout_mipped	pieces_vertical	side=ott:block/birch_windows/ctm/birch_window_diagonal|top=minecraft:block/birch_planks	side	self		
birch_window_large_ctm	birch_planks	ctm_cube_column_pieces_vertical	minecraft:cutout_mipped	pieces_vertical	side=ott:block/birch_windows/ctm/birch_window_large|top=minecraft:block/birch_planks	side	self		
birch_window_panes_ctm	birch_planks	ctm_cube_column_pieces_vertical	minecraft:cutout_mipped	pieces_vertical	side=ott:block/birch_windows/ctm/birch_window_panes|top=minecraft:block/birch_planks	side	self		
birch_window_rounded_ctm	birch_planks	ctm_cube_column_pieces_vertical	minecraft:cutout_mipped	pieces_vertical	side=ott:block/birch_windows/ctm/birch_window_rounded|top=minecraft:block/birch_planks	side	self		
birch_window_slim_ctm	birch_planks	ctm_cube_column_pieces_vertical	minecraft:cutout_mipped	pieces_vertical	side=ott:block/birch_windows/ctm/birch_window_slim|top=minecraft:block/birch_planks	side	self		
birch_window_swirling_ctm	birch_planks	ctm_cube_column_pieces_vertical	minecraft:cutout_mipped	pieces_vertical	side=ott:block/birch_windows/ctm/birch_window_swirling|top=minecraft:block/birch_planks	side	self		
birch_window_tiles_ctm	birch_planks	ctm_cube_column_pieces_planks_top	minecraft:cutout_mipped		side=ott:block/birch_windows/ctm/birch_window_tiles|up=minecraft:block/birch_planks	side:pieces_full	static	minecraft:cutout_mipped	
black_concrete_ctm	black_concrete	ctm_cube_all_horizontal		pieces_vertical	all=ott:block/black_concrete/ctm/black_concrete_ctm	all	self		
black_concrete_panel_ctm	black_concrete	ctm_cube_all_pieces		pieces_full	all=ott:block/black_concrete/ctm/black_concrete_panel	all	solo		
black_framed_glass_ctm	black_stained_glass	ctm_cube_all_pieces	minecraft:translucent	pieces_full	all=ott:block/black_stained_glass/ctm/black_framed_glass	all	solo	minecraft:translucent	
black_stained_clear_glass_ctm	black_stained_glass	ctm_cube_all_pieces	minecraft:translucent	pieces_full	all=ott:block/black_stained_glass/ctm/black_stained_clear_glass	all	solo	minecraft:translucent	
black_stained_glass_ctm	black_stained_glass	ctm_cube_all_pieces	minecraft:translucent	pieces_full	all=ott:block/black_stained_glass/ctm/black_stained_glass	all	solo	minecraft:translucent	
black_terracotta_column_ctm	black_terracotta	ctm_cube_all_horizontal		pieces_vertical	all=ott:block/black_terracotta/ctm/black_terracotta_column	all	self		
black_terracotta_ctm	black_terracotta	ctm_cube_all_horizontal		pieces_vertical	all=ott:block/black_terracotta/ctm/black_terracotta_ctm	all	self		
blackstone_brick_pattern_ctm	blackstone	ctm_cube_all_pieces		pieces_full	all=ott:block/blackstone/ctm/blackstone_brick_pattern	all	solo		
blackstone_brick_paving_ctm	blackstone	ctm_cube_all_pieces		pieces_full	all=ott:block/blackstone/ctm/blackstone_brick_paving	all	solo		
blackstone_diagonal_bricks_ctm	blackstone	ctm_cube_all_pieces		pieces_full	all=ott:block/blackstone/ctm/blackstone_diagonal_bricks	all	solo		
blackstone_polished_ctm	blackstone	ctm_cube_all_pieces		pieces_full	all=ott:block/blackstone/ctm/blackstone_polished	all	solo		
blackstone_rotated_bricks_ctm	blackstone	ctm_cube_all_pieces		pieces_full	all=ott:block/blackstone/ctm/blackstone_rotated_bricks	all	solo		
blackstone_tiles_ctm	blackstone	ctm_cube_all_pieces		pieces_full	all=ott:block/blackstone/ctm/blackstone_tiles	all	solo		
blue_concrete_ctm	blue_concrete	ctm_cube_all_horizontal		pieces_vertical	all=ott:block/blue_concrete/ctm/blue_concrete_ctm	all	self		
blue_concrete_panel_ctm	blue_concrete	ctm_cube_all_pieces		pieces_full	all=ott:block/blue_concrete/ctm/blue_concrete_panel	all	solo		
blue_framed_glass_ctm	blue_stained_glass	ctm_cube_all_pieces	minecraft:translucent	pieces_full	all=ott:block/blue_stained_glass/ctm/blue_framed_glass	all	solo	minecraft:translucent	
blue_ice_bordered_ctm	blue_ice	ctm_cube_all_pieces		pieces_full	all=ott:block/blue_ice/ctm/blue_ice_bordered	all	solo		
blue_ice_bricks_ctm	blue_ice	ctm_cube_all_horizontal		pieces_horizontal	all=ott:block/blue_ice/ctm/blue_ice_bricks	all	self		
blue_ice_chiseled_ctm	blue_ice	ctm_cube_all_pieces		pieces_full	all=ott:block/blue_ice/ctm/blue_ice_chiseled	all	solo		
blue_ice_ctm	blue_ice	ctm_cube_column_pieces_vertical_capped		pieces_vertical	bottom=ott:block/blue_ice/blue_ice_end|side=ott:block/blue_ice/ctm/blue_ice_ctm_side|top=ott:block/blue_ice/blue_ice_end	side	self		
blue_ice_patterned_ctm	blue_ice	ctm_cube_all_pieces		pieces_full	all=ott:block/blue_ice/ctm/blue_ice_patterned	all	solo		
blue_ice_slanted_tiles_ctm	blue_ice	ctm_cube_all_pieces		pieces_full	all=ott:block/blue_ice/ctm/blue_ice_slanted_tiles	all	solo		
blue_ice_tiles_ctm	blue_ice	ctm_cube_all_pieces		pieces_full	all=ott:block/blue_ice/ctm/blue_ice_tiles	all	solo		
blue_stained_clear_glass_ctm	blue_stained_glass	ctm_cube_all_pieces	minecraft:translucent	pieces_full	all=ott:block/blue_stained_glass/ctm/blue_stained_clear_glass	all	solo	minecraft:translucent	
blue_stained_glass_ctm	blue_stained_glass	ctm_cube_all_pieces	minecraft:translucent	pieces_full	all=ott:block/blue_stained_glass/ctm/blue_stained_glass	all	solo	minecraft:translucent	
blue_terracotta_column_ctm	blue_terracotta	ctm_cube_all_horizontal		pieces_vertical	all=ott:block/blue_terracotta/ctm/blue_terracotta_column	all	self		
blue_terracotta_ctm	blue_terracotta	ctm_cube_all_horizontal		pieces_vertical	all=ott:block/blue_terracotta/ctm/blue_terracotta_ctm	all	self		
bone_block_bordered_ctm	bone_block	ctm_cube_all_pieces		pieces_full	all=ott:block/bone_block/ctm/bone_block_bordered	all	solo		
bone_block_chiseled_ctm	bone_block	ctm_cube_all_pieces		pieces_full	all=ott:block/bone_block/ctm/bone_block_chiseled	all	solo		
bone_block_ctm	bone_block	ctm_cube_column_pieces			side=ott:block/bone_block/ctm/bone_block_connecting|top=ott:block/bone_block/ctm/bone_block_connecting_end	side:pieces_full|top:pieces_full	solo		
bone_block_decorated_bordered_ctm	bone_block	ctm_cube_all_pieces		pieces_full	all=ott:block/bone_block/ctm/bone_block_decorated_bordered	all	solo		
bone_block_inverted_tiles_ctm	bone_block	ctm_cube_all_pieces		pieces_full	all=ott:block/bone_block/ctm/bone_block_inverted_tiles	all	solo		
bone_block_patterned_ctm	bone_block	ctm_cube_all_pieces		pieces_full	all=ott:block/bone_block/ctm/bone_block_patterned	all	solo		
amethyst_block_bordered_ctm	amethyst_block	ctm_cube_all_pieces		pieces_full	all=ott:block/amethyst_block/ctm/amethyst_block_bordered	all	solo		
ancient_debris_bordered_ctm	ancient_debris	ctm_cube_all_pieces		pieces_full	all=ott:block/ancient_debris/ctm/ancient_debris_bordered	all	solo		
basalt_bordered_ctm	basalt	ctm_cube_all_pieces		pieces_full	all=ott:block/basalt/ctm/basalt_bordered	all	solo		
blackstone_bordered_ctm	blackstone	ctm_cube_all_pieces		pieces_full	all=ott:block/blackstone/ctm/blackstone_bordered	all	solo		
blue_ice_bordered_ctm	blue_ice	ctm_cube_all_pieces		pieces_full	all=ott:block/blue_ice/ctm/blue_ice_bordered	all	solo		
borderless_bricks_bordered_ctm	borderless_bricks	ctm_cube_all_pieces		pieces_full	all=ott:block/borderless_bricks/ctm/borderless_bricks_bordered	all	solo		
bricks_bordered_ctm	bricks	ctm_cube_all_pieces		pieces_full	all=ott:block/bricks/ctm/bricks_bordered	all	solo		
calcite_bordered_ctm	calcite	ctm_cube_all_pieces		pieces_full	all=ott:block/calcite/ctm/calcite_bordered	all	solo		
clay_bordered_ctm	clay	ctm_cube_all_pieces		pieces_full	all=ott:block/clay/ctm/clay_bordered	all	solo		
coal_block_bordered_ctm	coal_block	ctm_cube_all_pieces		pieces_full	all=ott:block/coal_block/ctm/coal_block_bordered	all	solo		
cobblestone_bordered_ctm	cobblestone	ctm_cube_all_pieces		pieces_full	all=ott:block/cobblestone/ctm/cobblestone_bordered	all	solo		
crying_obsidian_bordered_ctm	crying_obsidian	ctm_cube_all_pieces		pieces_full	all=ott:block/crying_obsidian/ctm/crying_obsidian_bordered	all	solo		
dark_prismarine_bordered_ctm	dark_prismarine	ctm_cube_all_pieces		pieces_full	all=ott:block/dark_prismarine/ctm/dark_prismarine_bordered	all	solo		
deepslate_bordered_ctm	deepslate	ctm_cube_all_pieces		pieces_full	all=ott:block/deepslate/ctm/deepslate_bordered	all	solo		
diorite_bordered_ctm	diorite	ctm_cube_all_pieces		pieces_full	all=ott:block/diorite/ctm/diorite_bordered	all	solo		
dirt_bordered_ctm	dirt	ctm_cube_all_pieces		pieces_full	all=ott:block/dirt/ctm/dirt_bordered	all	solo		
dripstone_block_bordered_ctm	dripstone_block	ctm_cube_all_pieces		pieces_full	all=ott:block/dripstone_block/ctm/dripstone_block_bordered	all	solo		
end_stone_bordered_ctm	end_stone	ctm_cube_all_pieces		pieces_full	all=ott:block/end_stone/ctm/end_stone_bordered	all	solo		
gilded_blackstone_bordered_ctm	gilded_blackstone	ctm_cube_all_pieces		pieces_full	all=ott:block/gilded_blackstone/ctm/gilded_blackstone_bordered	all	solo		
granite_bordered_ctm	granite	ctm_cube_all_pieces		pieces_full	all=ott:block/granite/ctm/granite_bordered	all	solo		
ice_bordered_ctm	ice	ctm_cube_all_pieces	minecraft:translucent	pieces_full	all=ott:block/ice/ctm/ice_bordered	all	solo		
lapis_block_bordered_ctm	lapis_block	ctm_cube_all_pieces		pieces_full	all=ott:block/lapis_block/ctm/lapis_block_bordered	all	solo		
lodestone_bordered_ctm	lodestone	ctm_cube_all_pieces		pieces_full	all=ott:block/lodestone/ctm/lodestone_bordered	all	solo		
magma_block_bordered_ctm	magma_block	ctm_cube_all_pieces		pieces_full	all=ott:block/magma_block/ctm/magma_block_bordered	all	solo		
mossy_cobblestone_bordered_ctm	mossy_cobblestone	ctm_cube_all_pieces		pieces_full	all=ott:block/mossy_cobblestone/ctm/mossy_cobblestone_bordered	all	solo		
mossy_stone_bricks_bordered_ctm	mossy_stone_bricks	ctm_cube_all_pieces		pieces_full	all=ott:block/mossy_stone_bricks/ctm/mossy_stone_bricks_bordered	all	solo		
mud_bricks_bordered_ctm	mud_bricks	ctm_cube_all_pieces		pieces_full	all=ott:block/mud_bricks/ctm/mud_bricks_bordered	all	solo		
mud_bordered_ctm	mud	ctm_cube_all_pieces		pieces_full	all=ott:block/mud/ctm/mud_bordered	all	solo		
nether_bricks_bordered_ctm	nether_bricks	ctm_cube_all_pieces		pieces_full	all=ott:block/nether_bricks/ctm/nether_bricks_bordered	all	solo		
netherrack_bordered_ctm	netherrack	ctm_cube_all_pieces		pieces_full	all=ott:block/netherrack/ctm/netherrack_bordered	all	solo		
obsidian_bordered_ctm	obsidian	ctm_cube_all_pieces		pieces_full	all=ott:block/obsidian/ctm/obsidian_bordered	all	solo		
packed_ice_bordered_ctm	packed_ice	ctm_cube_all_pieces		pieces_full	all=ott:block/packed_ice/ctm/packed_ice_bordered	all	solo		
packed_mud_bordered_ctm	packed_mud	ctm_cube_all_pieces		pieces_full	all=ott:block/packed_mud/ctm/packed_mud_bordered	all	solo		
prismarine_bordered_ctm	prismarine	ctm_cube_all_pieces		pieces_full	all=ott:block/prismarine/ctm/prismarine_bordered	all	solo		
purpur_block_bordered_ctm	purpur_block	ctm_cube_all_pieces		pieces_full	all=ott:block/purpur_block/ctm/purpur_block_bordered	all	solo		
quartz_block_bordered_ctm	quartz_block	ctm_cube_all_pieces		pieces_full	all=ott:block/quartz_block/ctm/quartz_block_bordered	all	solo		
raw_copper_block_bordered_ctm	raw_copper_block	ctm_cube_all_pieces		pieces_full	all=ott:block/raw_copper_block/ctm/raw_copper_block_bordered	all	solo		
raw_gold_block_bordered_ctm	raw_gold_block	ctm_cube_all_pieces		pieces_full	all=ott:block/raw_gold_block/ctm/raw_gold_block_bordered	all	solo		
raw_iron_block_bordered_ctm	raw_iron_block	ctm_cube_all_pieces		pieces_full	all=ott:block/raw_iron_block/ctm/raw_iron_block_bordered	all	solo		
red_nether_bricks_bordered_ctm	red_nether_bricks	ctm_cube_all_pieces		pieces_full	all=ott:block/red_nether_bricks/ctm/red_nether_bricks_bordered	all	solo		
red_sandstone_bordered_ctm	red_sandstone	ctm_cube_all_pieces		pieces_full	all=ott:block/red_sandstone/ctm/red_sandstone_bordered	all	solo		
redstone_block_bordered_ctm	redstone_block	ctm_cube_all_pieces		pieces_full	all=ott:block/redstone_block/ctm/redstone_block_bordered	all	solo		
sandstone_bordered_ctm	sandstone	ctm_cube_all_pieces		pieces_full	all=ott:block/sandstone/ctm/sandstone_bordered	all	solo		
smooth_stone_bordered_ctm	smooth_stone	ctm_cube_all_pieces		pieces_full	all=ott:block/smooth_stone/ctm/smooth_stone_bordered	all	solo		
snow_block_bordered_ctm	snow_block	ctm_cube_all_pieces		pieces_full	all=ott:block/snow_block/ctm/snow_block_bordered	all	solo		
tuff_bordered_ctm	tuff	ctm_cube_all_pieces		pieces_full	all=ott:block/tuff/ctm/tuff_bordered	all	solo		
borderless_glass_black_ctm	borderless	ctm_cube_all_pieces	minecraft:translucent	pieces_full	all=ott:block/black_stained_glass/ctm/borderless_glass_black	all	solo	minecraft:translucent	
borderless_glass_blue_ctm	borderless	ctm_cube_all_pieces	minecraft:translucent	pieces_full	all=ott:block/blue_stained_glass/ctm/borderless_glass_blue	all	solo	minecraft:translucent	
borderless_glass_brown_ctm	borderless	ctm_cube_all_pieces	minecraft:translucent	pieces_full	all=ott:block/brown_stained_glass/ctm/borderless_glass_brown	all	solo	minecraft:translucent	
borderless_glass_ctm	borderless	ctm_cube_all_pieces	minecraft:translucent	pieces_full	all=ott:block/glass/ctm/borderless_glass	all	solo	minecraft:translucent	
borderless_glass_cyan_ctm	borderless	ctm_cube_all_pieces	minecraft:translucent	pieces_full	all=ott:block/cyan_stained_glass/ctm/borderless_glass_cyan	all	solo	minecraft:translucent	
borderless_glass_gray_ctm	borderless	ctm_cube_all_pieces	minecraft:translucent	pieces_full	all=ott:block/gray_stained_glass/ctm/borderless_glass_gray	all	solo	minecraft:translucent	
borderless_glass_green_ctm	borderless	ctm_cube_all_pieces	minecraft:translucent	pieces_full	all=ott:block/green_stained_glass/ctm/borderless_glass_green	all	solo	minecraft:translucent	
borderless_glass_light_blue_ctm	borderless	ctm_cube_all_pieces	minecraft:translucent	pieces_full	all=ott:block/light_blue_stained_glass/ctm/borderless_glass_light_blue	all	solo	minecraft:translucent	
borderless_glass_light_gray_ctm	borderless	ctm_cube_all_pieces	minecraft:translucent	pieces_full	all=ott:block/light_gray_stained_glass/ctm/borderless_glass_light_gray	all	solo	minecraft:translucent	
borderless_glass_lime_ctm	borderless	ctm_cube_all_pieces	minecraft:translucent	pieces_full	all=ott:block/lime_stained_glass/ctm/borderless_glass_lime	all	solo	minecraft:translucent	
borderless_glass_magenta_ctm	borderless	ctm_cube_all_pieces	minecraft:translucent	pieces_full	all=ott:block/magenta_stained_glass/ctm/borderless_glass_magenta	all	solo	minecraft:translucent	
borderless_glass_orange_ctm	borderless	ctm_cube_all_pieces	minecraft:translucent	pieces_full	all=ott:block/orange_stained_glass/ctm/borderless_glass_orange	all	solo	minecraft:translucent	
borderless_glass_pink_ctm	borderless	ctm_cube_all_pieces	minecraft:translucent	pieces_full	all=ott:block/pink_stained_glass/ctm/borderless_glass_pink	all	solo	minecraft:translucent	
borderless_glass_purple_ctm	borderless	ctm_cube_all_pieces	minecraft:translucent	pieces_full	all=ott:block/purple_stained_glass/ctm/borderless_glass_purple	all	solo	minecraft:translucent	
borderless_glass_red_ctm	borderless	ctm_cube_all_pieces	minecraft:translucent	pieces_full	all=ott:block/red_stained_glass/ctm/borderless_glass_red	all	solo	minecraft:translucent	
borderless_glass_white_ctm	borderless	ctm_cube_all_pieces	minecraft:translucent	pieces_full	all=ott:block/white_stained_glass/ctm/borderless_glass_white	all	solo	minecraft:translucent	
borderless_glass_yellow_ctm	borderless	ctm_cube_all_pieces	minecraft:translucent	pieces_full	all=ott:block/yellow_stained_glass/ctm/borderless_glass_yellow	all	solo	minecraft:translucent	
amethyst_block_brick_bordered_ctm	amethyst_block	ctm_cube_all_pieces		pieces_full	all=ott:block/amethyst_block/ctm/amethyst_block_brick_bordered	all	solo		
ancient_debris_brick_bordered_ctm	ancient_debris	ctm_cube_all_pieces		pieces_full	all=ott:block/ancient_debris/ctm/ancient_debris_brick_bordered	all	solo		
andesite_brick_bordered_ctm	andesite	ctm_cube_all_pieces		pieces_full	all=ott:block/andesite/ctm/andesite_brick_bordered	all	solo		
basalt_brick_bordered_ctm	basalt	ctm_cube_all_pieces		pieces_full	all=ott:block/basalt/ctm/basalt_brick_bordered	all	solo		
blackstone_brick_bordered_ctm	blackstone	ctm_cube_all_pieces		pieces_full	all=ott:block/blackstone/ctm/blackstone_brick_bordered	all	solo		
blue_ice_brick_bordered_ctm	blue_ice	ctm_cube_all_pieces		pieces_full	all=ott:block/blue_ice/ctm/blue_ice_brick_bordered	all	solo		
borderless_bricks_brick_bordered_ctm	borderless_bricks	ctm_cube_all_pieces		pieces_full	all=ott:block/borderless_bricks/ctm/borderless_bricks_brick_bordered	all	solo		
bricks_brick_bordered_ctm	bricks	ctm_cube_all_pieces		pieces_full	all=ott:block/bricks/ctm/bricks_brick_bordered	all	solo		
calcite_brick_bordered_ctm	calcite	ctm_cube_all_pieces		pieces_full	all=ott:block/calcite/ctm/calcite_brick_bordered	all	solo		
clay_brick_bordered_ctm	clay	ctm_cube_all_pieces		pieces_full	all=ott:block/clay/ctm/clay_brick_bordered	all	solo		
coal_block_brick_bordered_ctm	coal_block	ctm_cube_all_pieces		pieces_full	all=ott:block/coal_block/ctm/coal_block_brick_bordered	all	solo		
cobblestone_brick_bordered_ctm	cobblestone	ctm_cube_all_pieces		pieces_full	all=ott:block/cobblestone/ctm/cobblestone_brick_bordered	all	solo		
crying_obsidian_brick_bordered_ctm	crying_obsidian	ctm_cube_all_pieces		pieces_full	all=ott:block/crying_obsidian/ctm/crying_obsidian_brick_bordered	all	solo		
dark_prismarine_brick_bordered_ctm	dark_prismarine	ctm_cube_all_pieces		pieces_full	all=ott:block/dark_prismarine/ctm/dark_prismarine_brick_bordered	all	solo		
deepslate_brick_bordered_ctm	deepslate	ctm_cube_all_pieces		pieces_full	all=ott:block/deepslate/ctm/deepslate_brick_bordered	all	solo		
diorite_brick_bordered_ctm	diorite	ctm_cube_all_pieces		pieces_full	all=ott:block/diorite/ctm/diorite_brick_bordered	all	solo		
dirt_brick_bordered_ctm	dirt	ctm_cube_all_pieces		pieces_full	all=ott:block/dirt/ctm/dirt_brick_bordered	all	solo		
dripstone_block_brick_bordered_ctm	dripstone_block	ctm_cube_all_pieces		pieces_full	all=ott:block/dripstone_block/ctm/dripstone_block_brick_bordered	all	solo		
end_stone_brick_bordered_ctm	end_stone	ctm_cube_all_pieces		pieces_full	all=ott:block/end_stone/ctm/end_stone_brick_bordered	all	solo		
gilded_blackstone_brick_bordered_ctm	gilded_blackstone	ctm_cube_all_pieces		pieces_full	all=ott:block/gilded_blackstone/ctm/gilded_blackstone_brick_bordered	all	solo		
granite_brick_bordered_ctm	granite	ctm_cube_all_pieces		pieces_full	all=ott:block/granite/ctm/granite_brick_bordered	all	solo		
ice_brick_bordered_ctm	ice	ctm_cube_all_pieces	minecraft:translucent	pieces_full	all=ott:block/ice/ctm/ice_brick_bordered	all	solo		
lapis_block_brick_bordered_ctm	lapis_block	ctm_cube_all_pieces		pieces_full	all=ott:block/lapis_block/ctm/lapis_block_brick_bordered	all	solo		
lodestone_brick_bordered_ctm	lodestone	ctm_cube_all_pieces		pieces_full	all=ott:block/lodestone/ctm/lodestone_brick_bordered	all	solo		
magma_block_brick_bordered_ctm	magma_block	ctm_cube_all_pieces		pieces_full	all=ott:block/magma_block/ctm/magma_block_brick_bordered	all	solo		
mossy_cobblestone_brick_bordered_ctm	mossy_cobblestone	ctm_cube_all_pieces		pieces_full	all=ott:block/mossy_cobblestone/ctm/mossy_cobblestone_brick_bordered	all	solo		
mossy_stone_bricks_brick_bordered_ctm	mossy_stone_bricks	ctm_cube_all_pieces		pieces_full	all=ott:block/mossy_stone_bricks/ctm/mossy_stone_bricks_brick_bordered	all	solo		
mud_bricks_brick_bordered_ctm	mud_bricks	ctm_cube_all_pieces		pieces_full	all=ott:block/mud_bricks/ctm/mud_bricks_brick_bordered	all	solo		
mud_brick_bordered_ctm	mud	ctm_cube_all_pieces		pieces_full	all=ott:block/mud/ctm/mud_brick_bordered	all	solo		
nether_bricks_brick_bordered_ctm	nether_bricks	ctm_cube_all_pieces		pieces_full	all=ott:block/nether_bricks/ctm/nether_bricks_brick_bordered	all	solo		
netherrack_brick_bordered_ctm	netherrack	ctm_cube_all_pieces		pieces_full	all=ott:block/netherrack/ctm/netherrack_brick_bordered	all	solo		
obsidian_brick_bordered_ctm	obsidian	ctm_cube_all_pieces		pieces_full	all=ott:block/obsidian/ctm/obsidian_brick_bordered	all	solo		
packed_ice_brick_bordered_ctm	packed_ice	ctm_cube_all_pieces		pieces_full	all=ott:block/packed_ice/ctm/packed_ice_brick_bordered	all	solo		
packed_mud_brick_bordered_ctm	packed_mud	ctm_cube_all_pieces		pieces_full	all=ott:block/packed_mud/ctm/packed_mud_brick_bordered	all	solo		
prismarine_brick_bordered_ctm	prismarine	ctm_cube_all_pieces		pieces_full	all=ott:block/prismarine/ctm/prismarine_brick_bordered	all	solo		
purpur_block_brick_bordered_ctm	purpur_block	ctm_cube_all_pieces		pieces_full	all=ott:block/purpur_block/ctm/purpur_block_brick_bordered	all	solo		
quartz_block_brick_bordered_ctm	quartz_block	ctm_cube_all_pieces		pieces_full	all=ott:block/quartz_block/ctm/quartz_block_brick_bordered	all	solo		
raw_copper_block_brick_bordered_ctm	raw_copper_block	ctm_cube_all_pieces		pieces_full	all=ott:block/raw_copper_block/ctm/raw_copper_block_brick_bordered	all	solo		
raw_gold_block_brick_bordered_ctm	raw_gold_block	ctm_cube_all_pieces		pieces_full	all=ott:block/raw_gold_block/ctm/raw_gold_block_brick_bordered	all	solo		
raw_iron_block_brick_bordered_ctm	raw_iron_block	ctm_cube_all_pieces		pieces_full	all=ott:block/raw_iron_block/ctm/raw_iron_block_brick_bordered	all	solo		
red_nether_bricks_brick_bordered_ctm	red_nether_bricks	ctm_cube_all_pieces		pieces_full	all=ott:block/red_nether_bricks/ctm/red_nether_bricks_brick_bordered	all	solo		
red_sandstone_brick_bordered_ctm	red_sandstone	ctm_cube_all_pieces		pieces_full	all=ott:block/red_sandstone/ctm/red_sandstone_brick_bordered	all	solo		
redstone_block_brick_bordered_ctm	redstone_block	ctm_cube_all_pieces		pieces_full	all=ott:block/redstone_block/ctm/redstone_block_brick_bordered	all	solo		
sandstone_brick_bordered_ctm	sandstone	ctm_cube_all_pieces		pieces_full	all=ott:block/sandstone/ctm/sandstone_brick_bordered	all	solo		
smooth_stone_brick_bordered_ctm	smooth_stone	ctm_cube_all_pieces		pieces_full	all=ott:block/smooth_stone/ctm/smooth_stone_brick_bordered	all	solo		
snow_block_brick_bordered_ctm	snow_block	ctm_cube_all_pieces		pieces_full	all=ott:block/snow_block/ctm/snow_block_brick_bordered	all	solo		
tuff_brick_bordered_ctm	tuff	ctm_cube_all_pieces		pieces_full	all=ott:block/tuff/ctm/tuff_brick_bordered	all	solo		
brown_concrete_ctm	brown_concrete	ctm_cube_all_horizontal		pieces_vertical	all=ott:block/brown_concrete/ctm/brown_concrete_ctm	all	self		
brown_concrete_panel_ctm	brown_concrete	ctm_cube_all_pieces		pieces_full	all=ott:block/brown_concrete/ctm/brown_concrete_panel	all	solo		
brown_framed_glass_ctm	brown_stained_glass	ctm_cube_all_pieces	minecraft:translucent	pieces_full	all=ott:block/brown_stained_glass/ctm/brown_framed_glass	all	solo	minecraft:translucent	
brown_stained_clear_glass_ctm	brown_stained_glass	ctm_cube_all_pieces	minecraft:translucent	pieces_full	all=ott:block/brown_stained_glass/ctm/brown_stained_clear_glass	all	solo	minecraft:translucent	
brown_stained_glass_ctm	brown_stained_glass	ctm_cube_all_pieces	minecraft:translucent	pieces_full	all=ott:block/brown_stained_glass/ctm/brown_stained_glass	all	solo	minecraft:translucent	
brown_terracotta_column_ctm	brown_terracotta	ctm_cube_all_horizontal		pieces_vertical	all=ott:block/brown_terracotta/ctm/brown_terracotta_column	all	self		
brown_terracotta_ctm	brown_terracotta	ctm_cube_all_horizontal		pieces_vertical	all=ott:block/brown_terracotta/ctm/brown_terracotta_ctm	all	self		
calcite_cut_polished_ctm	calcite	ctm_cube_all_pieces		pieces_full	all=ott:block/calcite/ctm/calcite_cut_polished	all	solo		
calcite_cut_small_brick_ctm	calcite	ctm_cube_all_pieces		pieces_full	all=ott:block/calcite/ctm/calcite_cut_small_brick	all	solo		
carved_mud_bricks_ctm	mud_bricks	ctm_cube_all_pieces		pieces_full	all=ott:block/mud_bricks/ctm/carved_mud_bricks_ctm	all	solo		
carved_mud_ctm	mud	ctm_cube_all_pieces		pieces_full	all=ott:block/mud/ctm/carved_mud_ctm	all	solo		
carved_packed_mud_ctm	packed_mud	ctm_cube_all_pieces		pieces_full	all=ott:block/packed_mud/ctm/carved_packed_mud_ctm	all	solo		
cherry_planks_beams_ctm	cherry_planks	ctm_cube_all_pieces		pieces_full	all=ott:block/cherry_planks/ctm/cherry_planks_beams	all	solo		
cherry_planks_brick_pattern_ctm	cherry_planks	ctm_cube_all_pieces		pieces_full	all=ott:block/cherry_planks/ctm/cherry_planks_brick_pattern	all	solo		
cherry_planks_brick_paving_ctm	cherry_planks	ctm_cube_all_pieces		pieces_full	all=ott:block/cherry_planks/ctm/cherry_planks_brick_paving	all	solo		
cherry_planks_bricks_ctm	cherry_planks	ctm_cube_all_horizontal		pieces_horizontal	all=ott:block/cherry_planks/ctm/cherry_planks_bricks	all	self		
cherry_planks_crate_ctm	cherry_planks	ctm_cube_all_pieces		pieces_full	all=ott:block/cherry_planks/ctm/cherry_planks_crate	all	solo		
cherry_planks_diagonal_stripes_ctm	cherry_planks	ctm_cube_all_pieces		pieces_full	all=ott:block/cherry_planks/ctm/cherry_planks_diagonal_stripes	all	solo		
cherry_planks_diagonal_tiles_ctm	cherry_planks	ctm_cube_all_pieces		pieces_full	all=ott:block/cherry_planks/ctm/cherry_planks_diagonal_tiles	all	solo		
cherry_planks_dotted_ctm	cherry_planks	ctm_cube_all_pieces		pieces_full	all=ott:block/cherry_planks/ctm/cherry_planks_dotted	all	solo		
cherry_planks_flooring_ctm	cherry_planks	ctm_cube_all_pieces		pieces_full	all=ott:block/cherry_planks/ctm/cherry_planks_flooring	all	solo		
cherry_planks_large_tiles_ctm	cherry_planks	ctm_cube_all_pieces		pieces_full	all=ott:block/cherry_planks/ctm/cherry_planks_large_tiles	all	solo		
cherry_planks_panel_ctm	cherry_planks	ctm_cube_all_pieces		pieces_full	all=ott:block/cherry_planks/ctm/cherry_planks_panel	all	solo		
cherry_planks_pattern_ctm	cherry_planks	ctm_cube_all_pieces		pieces_full	all=ott:block/cherry_planks/ctm/cherry_planks_pattern	all	solo		
cherry_planks_rotated_bricks_ctm	cherry_planks	ctm_cube_all_pieces		pieces_full	all=ott:block/cherry_planks/ctm/cherry_planks_rotated_bricks	all	solo		
cherry_planks_small_bricks_ctm	cherry_planks	ctm_cube_all_pieces		pieces_full	all=ott:block/cherry_planks/ctm/cherry_planks_small_bricks	all	solo		
cherry_planks_small_tiles_ctm	cherry_planks	ctm_cube_all_pieces		pieces_full	all=ott:block/cherry_planks/ctm/cherry_planks_small_tiles	all	solo		
cherry_planks_squares_ctm	cherry_planks	ctm_cube_all_pieces		pieces_full	all=ott:block/cherry_planks/ctm/cherry_planks_squares	all	solo		
cherry_planks_tiles_ctm	cherry_planks	ctm_cube_all_pieces		pieces_full	all=ott:block/cherry_planks/ctm/cherry_planks_tiles	all	solo		
cherry_planks_wavy_ctm	cherry_planks	ctm_cube_all_pieces		pieces_full	all=ott:block/cherry_planks/ctm/cherry_planks_wavy	all	solo		
cherry_planks_woven_ctm	cherry_planks	ctm_cube_all_pieces		pieces_full	all=ott:block/cherry_planks/ctm/cherry_planks_woven	all	solo		
cherry_window_bars_ctm	cherry_planks	ctm_cube_column_pieces_vertical	minecraft:cutout_mipped	pieces_vertical	side=ott:block/cherry_windows/ctm/cherry_window_bars|top=minecraft:block/cherry_planks	side	self		
cherry_window_covered_ctm	cherry_planks	ctm_cube_column_pieces_vertical	minecraft:cutout_mipped	pieces_vertical	side=ott:block/cherry_windows/ctm/cherry_window_covered|top=minecraft:block/cherry_planks	side	self		
cherry_window_diagonal_ctm	cherry_planks	ctm_cube_column_pieces_vertical	minecraft:cutout_mipped	pieces_vertical	side=ott:block/cherry_windows/ctm/cherry_window_diagonal|top=minecraft:block/cherry_planks	side	self		
cherry_window_large_ctm	cherry_planks	ctm_cube_column_pieces_vertical	minecraft:cutout_mipped	pieces_vertical	side=ott:block/cherry_windows/ctm/cherry_window_large|top=minecraft:block/cherry_planks	side	self		
cherry_window_panes_ctm	cherry_planks	ctm_cube_column_pieces_vertical	minecraft:cutout_mipped	pieces_vertical	side=ott:block/cherry_windows/ctm/cherry_window_panes|top=minecraft:block/cherry_planks	side	self		
cherry_window_rounded_ctm	cherry_planks	ctm_cube_column_pieces_vertical	minecraft:cutout_mipped	pieces_vertical	side=ott:block/cherry_windows/ctm/cherry_window_rounded|top=minecraft:block/cherry_planks	side	self		
cherry_window_slim_ctm	cherry_planks	ctm_cube_column_pieces_vertical	minecraft:cutout_mipped	pieces_vertical	side=ott:block/cherry_windows/ctm/cherry_window_slim|top=minecraft:block/cherry_planks	side	self		
cherry_window_swirling_ctm	cherry_planks	ctm_cube_column_pieces_vertical	minecraft:cutout_mipped	pieces_vertical	side=ott:block/cherry_windows/ctm/cherry_window_swirling|top=minecraft:block/cherry_planks	side	self		
cherry_window_tiles_ctm	cherry_planks	ctm_cube_column_pieces_planks_top	minecraft:cutout_mipped		side=ott:block/cherry_windows/ctm/cherry_window_tiles|up=minecraft:block/cherry_planks	side:pieces_full	static	minecraft:cutout_mipped	
glass_chiseled_ctm	glass	ctm_cube_all_pieces	minecraft:translucent	pieces_full	all=ott:block/glass/ctm/glass_chiseled	all	solo	minecraft:translucent	
glass_clear_ctm	glass	ctm_cube_all_pieces	minecraft:translucent	pieces_full	all=ott:block/glass/ctm/glass_clear	all	solo	minecraft:translucent	
glass_clear_leaded_ctm	glass	ctm_cube_all_pieces	minecraft:translucent	pieces_full	all=ott:block/glass/ctm/glass_clear_leaded	all	solo	minecraft:translucent	
coal_block_carved_ctm	coal_block	ctm_cube_all_pieces		pieces_full	all=ott:block/coal_block/ctm/coal_block_carved	all	solo		
coal_block_chiseled_ctm	coal_block	ctm_cube_all_pieces		pieces_full	all=ott:block/coal_block/ctm/coal_block_chiseled	all	solo		
coal_block_circles_ctm	coal_block	ctm_cube_all_pieces		pieces_full	all=ott:block/coal_block/ctm/coal_block_circles	all	solo		
coal_block_compacted_ctm	coal_block	ctm_cube_all_pieces		pieces_full	all=ott:block/coal_block/ctm/coal_block_compacted	all	solo		
coal_block_ovals_ctm	coal_block	ctm_cube_all_pieces		pieces_full	all=ott:block/coal_block/ctm/coal_block_ovals	all	solo		
coal_block_pattern_ctm	coal_block	ctm_cube_all_pieces		pieces_full	all=ott:block/coal_block/ctm/coal_block_pattern	all	solo		
coal_block_rotated_bricks_ctm	coal_block	ctm_cube_all_pieces		pieces_full	all=ott:block/coal_block/ctm/coal_block_rotated_bricks	all	solo		
coal_block_small_tiles_ctm	coal_block	ctm_cube_all_pieces		pieces_full	all=ott:block/coal_block/ctm/coal_block_small_tiles	all	solo		
coal_block_stripes_ctm	coal_block	ctm_cube_all_pieces		pieces_full	all=ott:block/coal_block/ctm/coal_block_stripes	all	solo		
cobbled_deepslate_beams_ctm	cobbled_deepslate	ctm_cube_all_pieces		pieces_full	all=ott:block/cobbled_deepslate/ctm/cobbled_deepslate_beams	all	solo		
cobbled_deepslate_brick_pattern_ctm	cobbled_deepslate	ctm_cube_all_pieces		pieces_full	all=ott:block/cobbled_deepslate/ctm/cobbled_deepslate_brick_pattern	all	solo		
cobbled_deepslate_brick_paving_ctm	cobbled_deepslate	ctm_cube_all_pieces		pieces_full	all=ott:block/cobbled_deepslate/ctm/cobbled_deepslate_brick_paving	all	solo		
cobbled_deepslate_bricks_ctm	cobbled_deepslate	ctm_cube_all_horizontal		pieces_horizontal	all=ott:block/cobbled_deepslate/ctm/cobbled_deepslate_bricks	all	self		
cobbled_deepslate_large_tiles_ctm	cobbled_deepslate	ctm_cube_all_pieces		pieces_full	all=ott:block/cobbled_deepslate/ctm/cobbled_deepslate_large_tiles	all	solo		
cobbled_deepslate_paving_ctm	cobbled_deepslate	ctm_cube_all_pieces		pieces_full	all=ott:block/cobbled_deepslate/ctm/cobbled_deepslate_paving	all	solo		
cobbled_deepslate_pulverized_ctm	cobbled_deepslate	ctm_cube_all_pieces		pieces_full	all=ott:block/cobbled_deepslate/ctm/cobbled_deepslate_pulverized	all	solo		
cobbled_deepslate_rotated_bricks_ctm	cobbled_deepslate	ctm_cube_all_pieces		pieces_full	all=ott:block/cobbled_deepslate/ctm/cobbled_deepslate_rotated_bricks	all	solo		
cobbled_deepslate_small_tiles_ctm	cobbled_deepslate	ctm_cube_all_pieces		pieces_full	all=ott:block/cobbled_deepslate/ctm/cobbled_deepslate_small_tiles	all	solo		
cobbled_deepslate_squares_ctm	cobbled_deepslate	ctm_cube_all_pieces		pieces_full	all=ott:block/cobbled_deepslate/ctm/cobbled_deepslate_squares	all	solo		
cobbled_deepslate_stripes_ctm	cobbled_deepslate	ctm_cube_all_pieces		pieces_full	all=ott:block/cobbled_deepslate/ctm/cobbled_deepslate_stripes	all	solo		
cobbled_deepslate_tiles_ctm	cobbled_deepslate	ctm_cube_all_pieces		pieces_full	all=ott:block/cobbled_deepslate/ctm/cobbled_deepslate_tiles	all	solo		
cobbled_deepslate_worn_stripes_ctm	cobbled_deepslate	ctm_cube_all_pieces		pieces_full	all=ott:block/cobbled_deepslate/ctm/cobbled_deepslate_worn_stripes	all	solo		
cobblestone_beams_ctm	cobblestone	ctm_cube_all_pieces		pieces_full	all=ott:block/cobblestone/ctm/cobblestone_beams	all	solo		
cobblestone_brick_pattern_ctm	cobblestone	ctm_cube_all_pieces		pieces_full	all=ott:block/cobblestone/ctm/cobblestone_brick_pattern	all	solo		
cobblestone_brick_paving_ctm	cobblestone	ctm_cube_all_pieces		pieces_full	all=ott:block/cobblestone/ctm/cobblestone_brick_paving	all	solo		
cobblestone_chiseled_border_ctm	cobblestone	ctm_cube_all_pieces		pieces_full	all=ott:block/cobblestone/ctm/cobblestone_chiseled_border	all	solo		
cobblestone_crosses_ctm	cobblestone	ctm_cube_all_pieces		pieces_full	all=ott:block/cobblestone/ctm/cobblestone_crosses	all	solo		
cobblestone_dented_ctm	cobblestone	ctm_cube_all_pieces		pieces_full	all=ott:block/cobblestone/ctm/cobblestone_dented	all	solo		
cobblestone_inverted_dented_ctm	cobblestone	ctm_cube_all_pieces		pieces_full	all=ott:block/cobblestone/ctm/cobblestone_inverted_dented	all	solo		
cobblestone_paving_ctm	cobblestone	ctm_cube_all_pieces		pieces_full	all=ott:block/cobblestone/ctm/cobblestone_paving	all	solo		
cobblestone_pulverized_ctm	cobblestone	ctm_cube_all_pieces		pieces_full	all=ott:block/cobblestone/ctm/cobblestone_pulverized	all	solo		
cobblestone_rotated_bricks_ctm	cobblestone	ctm_cube_all_pieces		pieces_full	all=ott:block/cobblestone/ctm/cobblestone_rotated_bricks	all	solo		
cobblestone_small_tiles_ctm	cobblestone	ctm_cube_all_pieces		pieces_full	all=ott:block/cobblestone/ctm/cobblestone_small_tiles	all	solo		
cobblestone_squares_ctm	cobblestone	ctm_cube_all_pieces		pieces_full	all=ott:block/cobblestone/ctm/cobblestone_squares	all	solo		
cobblestone_stripes_ctm	cobblestone	ctm_cube_all_pieces		pieces_full	all=ott:block/cobblestone/ctm/cobblestone_stripes	all	solo		
cobblestone_tiles_ctm	cobblestone	ctm_cube_all_pieces		pieces_full	all=ott:block/cobblestone/ctm/cobblestone_tiles	all	solo		
cobblestone_worn_stripes_ctm	cobblestone	ctm_cube_all_pieces		pieces_full	all=ott:block/cobblestone/ctm/cobblestone_worn_stripes	all	solo		
copper_block_bars_ctm	copper_block	ctm_cube_all_pieces		pieces_full	all=ott:block/copper_block/ctm/copper_block_bars	all	solo		
copper_block_circles_ctm	copper_block	ctm_cube_all_pieces		pieces_full	all=ott:block/copper_block/ctm/copper_block_circles	all	solo		
copper_block_ctm	copper_block	ctm_cube_all_pieces		pieces_full	all=ott:block/copper_block/ctm/copper_block	all	solo		
copper_block_gears_ctm	copper_block	ctm_cube_all_pieces		pieces_full	all=ott:block/copper_block/ctm/copper_block_gears	all	solo		
copper_block_lines_ctm	copper_block	ctm_cube_all_pieces		pieces_full	all=ott:block/copper_block/ctm/copper_block_lines	all	solo		
copper_block_pattern_ctm	copper_block	ctm_cube_all_pieces		pieces_full	all=ott:block/copper_block/ctm/copper_block_pattern	all	solo		
copper_block_polished_ctm	copper_block	ctm_cube_all_pieces		pieces_full	all=ott:block/copper_block/ctm/copper_block_polished	all	solo		
copper_block_shafts_ctm	copper_block	ctm_cube_all_pieces		pieces_full	all=ott:block/copper_block/ctm/copper_block_shafts	all	solo		
copper_block_small_bricks_ctm	copper_block	ctm_cube_all_horizontal		pieces_horizontal	all=ott:block/copper_block/ctm/copper_block_small_bricks	all	self		
copper_grate_ctm	copper_block	ctm_cube_all_pieces	minecraft:cutout_mipped	pieces_full	all=ott:block/copper_block/ctm/copper_grate	all	solo		
acacia_planks_cornered_ctm	acacia_planks	ctm_cube_all_pieces		pieces_full	all=ott:block/acacia_planks/ctm/acacia_planks_cornered	all	solo		
bamboo_planks_cornered_ctm	bamboo_planks	ctm_cube_all_pieces		pieces_full	all=ott:block/bamboo_planks/ctm/bamboo_planks_cornered	all	solo		
birch_planks_cornered_ctm	birch_planks	ctm_cube_all_pieces		pieces_full	all=ott:block/birch_planks/ctm/birch_planks_cornered	all	solo		
cherry_planks_cornered_ctm	cherry_planks	ctm_cube_all_pieces		pieces_full	all=ott:block/cherry_planks/ctm/cherry_planks_cornered	all	solo		
crimson_planks_cornered_ctm	crimson_planks	ctm_cube_all_pieces		pieces_full	all=ott:block/crimson_planks/ctm/crimson_planks_cornered	all	solo		
dark_oak_planks_cornered_ctm	dark_oak_planks	ctm_cube_all_pieces		pieces_full	all=ott:block/dark_oak_planks/ctm/dark_oak_planks_cornered	all	solo		
jungle_planks_cornered_ctm	jungle_planks	ctm_cube_all_pieces		pieces_full	all=ott:block/jungle_planks/ctm/jungle_planks_cornered	all	solo		
mangrove_planks_cornered_ctm	mangrove_planks	ctm_cube_all_pieces		pieces_full	all=ott:block/mangrove_planks/ctm/mangrove_planks_cornered	all	solo		
oak_planks_cornered_ctm	oak_planks	ctm_cube_all_pieces		pieces_full	all=ott:block/oak_planks/ctm/oak_planks_cornered	all	solo		
spruce_planks_cornered_ctm	spruce_planks	ctm_cube_all_pieces		pieces_full	all=ott:block/spruce_planks/ctm/spruce_planks_cornered	all	solo		
warped_planks_cornered_ctm	warped_planks	ctm_cube_all_pieces		pieces_full	all=ott:block/warped_planks/ctm/warped_planks_cornered	all	solo		
acacia_planks_crated_ctm	acacia_planks	ctm_cube_all_pieces		pieces_full	all=ott:block/acacia_planks/ctm/acacia_planks_crated	all	solo		
bamboo_planks_crated_ctm	bamboo_planks	ctm_cube_all_pieces		pieces_full	all=ott:block/bamboo_planks/ctm/bamboo_planks_crated	all	solo		
birch_planks_crated_ctm	birch_planks	ctm_cube_all_pieces		pieces_full	all=ott:block/birch_planks/ctm/birch_planks_crated	all	solo		
cherry_planks_crated_ctm	cherry_planks	ctm_cube_all_pieces		pieces_full	all=ott:block/cherry_planks/ctm/cherry_planks_crated	all	solo		
crimson_planks_crated_ctm	crimson_planks	ctm_cube_all_pieces		pieces_full	all=ott:block/crimson_planks/ctm/crimson_planks_crated	all	solo		
dark_oak_planks_crated_ctm	dark_oak_planks	ctm_cube_all_pieces		pieces_full	all=ott:block/dark_oak_planks/ctm/dark_oak_planks_crated	all	solo		
jungle_planks_crated_ctm	jungle_planks	ctm_cube_all_pieces		pieces_full	all=ott:block/jungle_planks/ctm/jungle_planks_crated	all	solo		
mangrove_planks_crated_ctm	mangrove_planks	ctm_cube_all_pieces		pieces_full	all=ott:block/mangrove_planks/ctm/mangrove_planks_crated	all	solo		
oak_planks_crated_ctm	oak_planks	ctm_cube_all_pieces		pieces_full	all=ott:block/oak_planks/ctm/oak_planks_crated	all	solo		
spruce_planks_crated_ctm	spruce_planks	ctm_cube_all_pieces		pieces_full	all=ott:block/spruce_planks/ctm/spruce_planks_crated	all	solo		
warped_planks_crated_ctm	warped_planks	ctm_cube_all_pieces		pieces_full	all=ott:block/warped_planks/ctm/warped_planks_crated	all	solo		
crimsite_cut_polished_ctm	crimsite	ctm_cube_all_pieces		pieces_full	all=ott:block/crimsite/ctm/crimsite_cut_polished	all	solo		
crimsite_cut_small_brick_ctm	crimsite	ctm_cube_all_pieces		pieces_full	all=ott:block/crimsite/ctm/crimsite_cut_small_brick	all	solo		
crimson_planks_beams_ctm	crimson_planks	ctm_cube_all_pieces		pieces_full	all=ott:block/crimson_planks/ctm/crimson_planks_beams	all	solo		
crimson_planks_brick_pattern_ctm	crimson_planks	ctm_cube_all_pieces		pieces_full	all=ott:block/crimson_planks/ctm/crimson_planks_brick_pattern	all	solo		
crimson_planks_brick_paving_ctm	crimson_planks	ctm_cube_all_pieces		pieces_full	all=ott:block/crimson_planks/ctm/crimson_planks_brick_paving	all	solo		
crimson_planks_bricks_ctm	crimson_planks	ctm_cube_all_horizontal		pieces_horizontal	all=ott:block/crimson_planks/ctm/crimson_planks_bricks	all	self		
crimson_planks_crate_ctm	crimson_planks	ctm_cube_all_pieces		pieces_full	all=ott:block/crimson_planks/ctm/crimson_planks_crate	all	solo		
crimson_planks_diagonal_stripes_ctm	crimson_planks	ctm_cube_all_pieces		pieces_full	all=ott:block/crimson_planks/ctm/crimson_planks_diagonal_stripes	all	solo		
crimson_planks_diagonal_tiles_ctm	crimson_planks	ctm_cube_all_pieces		pieces_full	all=ott:block/crimson_planks/ctm/crimson_planks_diagonal_tiles	all	solo		
crimson_planks_dotted_ctm	crimson_planks	ctm_cube_all_pieces		pieces_full	all=ott:block/crimson_planks/ctm/crimson_planks_dotted	all	solo		
crimson_planks_flooring_ctm	crimson_planks	ctm_cube_all_pieces		pieces_full	all=ott:block/crimson_planks/ctm/crimson_planks_flooring	all	solo		
crimson_planks_large_tiles_ctm	crimson_planks	ctm_cube_all_pieces		pieces_full	all=ott:block/crimson_planks/ctm/crimson_planks_large_tiles	all	solo		
crimson_planks_panel_ctm	crimson_planks	ctm_cube_all_pieces		pieces_full	all=ott:block/crimson_planks/ctm/crimson_planks_panel	all	solo		
crimson_planks_pattern_ctm	crimson_planks	ctm_cube_all_pieces		pieces_full	all=ott:block/crimson_planks/ctm/crimson_planks_pattern	all	solo		
crimson_planks_rotated_bricks_ctm	crimson_planks	ctm_cube_all_pieces		pieces_full	all=ott:block/crimson_planks/ctm/crimson_planks_rotated_bricks	all	solo		
crimson_planks_small_bricks_ctm	crimson_planks	ctm_cube_all_pieces		pieces_full	all=ott:block/crimson_planks/ctm/crimson_planks_small_bricks	all	solo		
crimson_planks_small_tiles_ctm	crimson_planks	ctm_cube_all_pieces		pieces_full	all=ott:block/crimson_planks/ctm/crimson_planks_small_tiles	all	solo		
crimson_planks_squares_ctm	crimson_planks	ctm_cube_all_pieces		pieces_full	all=ott:block/crimson_planks/ctm/crimson_planks_squares	all	solo		
crimson_planks_tiles_ctm	crimson_planks	ctm_cube_all_pieces		pieces_full	all=ott:block/crimson_planks/ctm/crimson_planks_tiles	all	solo		
crimson_planks_wavy_ctm	crimson_planks	ctm_cube_all_pieces		pieces_full	all=ott:block/crimson_planks/ctm/crimson_planks_wavy	all	solo		
crimson_planks_woven_ctm	crimson_planks	ctm_cube_all_pieces		pieces_full	all=ott:block/crimson_planks/ctm/crimson_planks_woven	all	solo		
crimson_window_bars_ctm	crimson_planks	ctm_cube_column_pieces_vertical	minecraft:cutout_mipped	pieces_vertical	side=ott:block/crimson_windows/ctm/crimson_window_bars|top=minecraft:block/crimson_planks	side	self		
crimson_window_covered_ctm	crimson_planks	ctm_cube_column_pieces_vertical	minecraft:cutout_mipped	pieces_vertical	side=ott:block/crimson_windows/ctm/crimson_window_covered|top=minecraft:block/crimson_planks	side	self		
crimson_window_diagonal_ctm	crimson_planks	ctm_cube_column_pieces_vertical	minecraft:cutout_mipped	pieces_vertical	side=ott:block/crimson_windows/ctm/crimson_window_diagonal|top=minecraft:block/crimson_planks	side	self		
crimson_window_large_ctm	crimson_planks	ctm_cube_column_pieces_vertical	minecraft:cutout_mipped	pieces_vertical	side=ott:block/crimson_windows/ctm/crimson_window_large|top=minecraft:block/crimson_planks	side	self		
crimson_window_panes_ctm	crimson_planks	ctm_cube_column_pieces_vertical	minecraft:cutout_mipped	pieces_vertical	side=ott:block/crimson_windows/ctm/crimson_window_panes|top=minecraft:block/crimson_planks	side	self		
crimson_window_rounded_ctm	crimson_planks	ctm_cube_column_pieces_vertical	minecraft:cutout_mipped	pieces_vertical	side=ott:block/crimson_windows/ctm/crimson_window_rounded|top=minecraft:block/crimson_planks	side	self		
crimson_window_slim_ctm	crimson_planks	ctm_cube_column_pieces_vertical	minecraft:cutout_mipped	pieces_vertical	side=ott:block/crimson_windows/ctm/crimson_window_slim|top=minecraft:block/crimson_planks	side	self		
crimson_window_swirling_ctm	crimson_planks	ctm_cube_column_pieces_vertical	minecraft:cutout_mipped	pieces_vertical	side=ott:block/crimson_windows/ctm/crimson_window_swirling|top=minecraft:block/crimson_planks	side	self		
crimson_window_tiles_ctm	crimson_planks	ctm_cube_column_pieces_planks_top	minecraft:cutout_mipped		side=ott:block/crimson_windows/ctm/crimson_window_tiles|up=minecraft:block/crimson_planks	side:pieces_full	static	minecraft:cutout_mipped	
black_terracotta_curled_ctm	black_terracotta	ctm_cube_all_pieces		pieces_full	all=ott:block/black_terracotta/ctm/black_terracotta_curled	all	solo		
blue_terracotta_curled_ctm	blue_terracotta	ctm_cube_all_pieces		pieces_full	all=ott:block/blue_terracotta/ctm/blue_terracotta_curled	all	solo		
brown_terracotta_curled_ctm	brown_terracotta	ctm_cube_all_pieces		pieces_full	all=ott:block/brown_terracotta/ctm/brown_terracotta_curled	all	solo		
cyan_terracotta_curled_ctm	cyan_terracotta	ctm_cube_all_pieces		pieces_full	all=ott:block/cyan_terracotta/ctm/cyan_terracotta_curled	all	solo		
gray_terracotta_curled_ctm	gray_terracotta	ctm_cube_all_pieces		pieces_full	all=ott:block/gray_terracotta/ctm/gray_terracotta_curled	all	solo		
green_terracotta_curled_ctm	green_terracotta	ctm_cube_all_pieces		pieces_full	all=ott:block/green_terracotta/ctm/green_terracotta_curled	all	solo		
light_blue_terracotta_curled_ctm	light_blue_terracotta	ctm_cube_all_pieces		pieces_full	all=ott:block/light_blue_terracotta/ctm/light_blue_terracotta_curled	all	solo		
light_gray_terracotta_curled_ctm	light_gray_terracotta	ctm_cube_all_pieces		pieces_full	all=ott:block/light_gray_terracotta/ctm/light_gray_terracotta_curled	all	solo		
lime_terracotta_curled_ctm	lime_terracotta	ctm_cube_all_pieces		pieces_full	all=ott:block/lime_terracotta/ctm/lime_terracotta_curled	all	solo		
magenta_terracotta_curled_ctm	magenta_terracotta	ctm_cube_all_pieces		pieces_full	all=ott:block/magenta_terracotta/ctm/magenta_terracotta_curled	all	solo		
orange_terracotta_curled_ctm	orange_terracotta	ctm_cube_all_pieces		pieces_full	all=ott:block/orange_terracotta/ctm/orange_terracotta_curled	all	solo		
pink_terracotta_curled_ctm	pink_terracotta	ctm_cube_all_pieces		pieces_full	all=ott:block/pink_terracotta/ctm/pink_terracotta_curled	all	solo		
purple_terracotta_curled_ctm	purple_terracotta	ctm_cube_all_pieces		pieces_full	all=ott:block/purple_terracotta/ctm/purple_terracotta_curled	all	solo		
red_terracotta_curled_ctm	red_terracotta	ctm_cube_all_pieces		pieces_full	all=ott:block/red_terracotta/ctm/red_terracotta_curled	all	solo		
terracotta_curled_ctm	terracotta	ctm_cube_all_pieces		pieces_full	all=ott:block/terracotta/ctm/terracotta_curled	all	solo		
white_terracotta_curled_ctm	white_terracotta	ctm_cube_all_pieces		pieces_full	all=ott:block/white_terracotta/ctm/white_terracotta_curled	all	solo		
yellow_terracotta_curled_ctm	yellow_terracotta	ctm_cube_all_pieces		pieces_full	all=ott:block/yellow_terracotta/ctm/yellow_terracotta_curled	all	solo		
curly_amethyst_block_ctm	amethyst_block	ctm_cube_all_pieces		pieces_full	all=ott:block/amethyst_block/ctm/curly_amethyst_block_ctm	all	solo		
curly_ancient_debris_ctm	ancient_debris	ctm_cube_all_pieces		pieces_full	all=ott:block/ancient_debris/ctm/curly_ancient_debris_ctm	all	solo		
curly_andesite_ctm	andesite	ctm_cube_all_pieces		pieces_full	all=ott:block/andesite/ctm/curly_andesite_ctm	all	solo		
curly_basalt_ctm	basalt	ctm_cube_all_pieces		pieces_full	all=ott:block/basalt/ctm/curly_basalt_ctm	all	solo		
curly_blackstone_ctm	blackstone	ctm_cube_all_pieces		pieces_full	all=ott:block/blackstone/ctm/curly_blackstone_ctm	all	solo		
curly_blue_ice_ctm	blue_ice	ctm_cube_all_pieces		pieces_full	all=ott:block/blue_ice/ctm/curly_blue_ice_ctm	all	solo		
curly_borderless_bricks_ctm	borderless_bricks	ctm_cube_all_pieces		pieces_full	all=ott:block/borderless_bricks/ctm/curly_borderless_bricks_ctm	all	solo		
curly_bricks_ctm	bricks	ctm_cube_all_pieces		pieces_full	all=ott:block/bricks/ctm/curly_bricks_ctm	all	solo		
curly_calcite_ctm	calcite	ctm_cube_all_pieces		pieces_full	all=ott:block/calcite/ctm/curly_calcite_ctm	all	solo		
curly_clay_ctm	clay	ctm_cube_all_pieces		pieces_full	all=ott:block/clay/ctm/curly_clay_ctm	all	solo		
curly_coal_block_ctm	coal_block	ctm_cube_all_pieces		pieces_full	all=ott:block/coal_block/ctm/curly_coal_block_ctm	all	solo		
curly_cobblestone_ctm	cobblestone	ctm_cube_all_pieces		pieces_full	all=ott:block/cobblestone/ctm/curly_cobblestone_ctm	all	solo		
curly_crying_obsidian_ctm	crying_obsidian	ctm_cube_all_pieces		pieces_full	all=ott:block/crying_obsidian/ctm/curly_crying_obsidian_ctm	all	solo		
curly_dark_prismarine_ctm	dark_prismarine	ctm_cube_all_pieces		pieces_full	all=ott:block/dark_prismarine/ctm/curly_dark_prismarine_ctm	all	solo		
curly_deepslate_ctm	deepslate	ctm_cube_all_pieces		pieces_full	all=ott:block/deepslate/ctm/curly_deepslate_ctm	all	solo		
curly_diorite_ctm	diorite	ctm_cube_all_pieces		pieces_full	all=ott:block/diorite/ctm/curly_diorite_ctm	all	solo		
curly_dirt_ctm	dirt	ctm_cube_all_pieces		pieces_full	all=ott:block/dirt/ctm/curly_dirt_ctm	all	solo		
curly_dripstone_block_ctm	dripstone_block	ctm_cube_all_pieces		pieces_full	all=ott:block/dripstone_block/ctm/curly_dripstone_block_ctm	all	solo		
curly_end_stone_ctm	end_stone	ctm_cube_all_pieces		pieces_full	all=ott:block/end_stone/ctm/curly_end_stone_ctm	all	solo		
curly_gilded_blackstone_ctm	gilded_blackstone	ctm_cube_all_pieces		pieces_full	all=ott:block/gilded_blackstone/ctm/curly_gilded_blackstone_ctm	all	solo		
curly_granite_ctm	granite	ctm_cube_all_pieces		pieces_full	all=ott:block/granite/ctm/curly_granite_ctm	all	solo		
curly_ice_ctm	ice	ctm_cube_all_pieces	minecraft:translucent	pieces_full	all=ott:block/ice/ctm/curly_ice_ctm	all	solo		
curly_lapis_block_ctm	lapis_block	ctm_cube_all_pieces		pieces_full	all=ott:block/lapis_block/ctm/curly_lapis_block_ctm	all	solo		
curly_lodestone_ctm	lodestone	ctm_cube_all_pieces		pieces_full	all=ott:block/lodestone/ctm/curly_lodestone_ctm	all	solo		
curly_magma_block_ctm	magma_block	ctm_cube_all_pieces		pieces_full	all=ott:block/magma_block/ctm/curly_magma_block_ctm	all	solo		
curly_mossy_cobblestone_ctm	mossy_cobblestone	ctm_cube_all_pieces		pieces_full	all=ott:block/mossy_cobblestone/ctm/curly_mossy_cobblestone_ctm	all	solo		
curly_mossy_stone_bricks_ctm	mossy_stone_bricks	ctm_cube_all_pieces		pieces_full	all=ott:block/mossy_stone_bricks/ctm/curly_mossy_stone_bricks_ctm	all	solo		
curly_mud_bricks_ctm	mud_bricks	ctm_cube_all_pieces		pieces_full	all=ott:block/mud_bricks/ctm/curly_mud_bricks_ctm	all	solo		
curly_mud_ctm	mud	ctm_cube_all_pieces		pieces_full	all=ott:block/mud/ctm/curly_mud_ctm	all	solo		
curly_nether_bricks_ctm	nether_bricks	ctm_cube_all_pieces		pieces_full	all=ott:block/nether_bricks/ctm/curly_nether_bricks_ctm	all	solo		
curly_netherrack_ctm	netherrack	ctm_cube_all_pieces		pieces_full	all=ott:block/netherrack/ctm/curly_netherrack_ctm	all	solo		
curly_obsidian_ctm	obsidian	ctm_cube_all_pieces		pieces_full	all=ott:block/obsidian/ctm/curly_obsidian_ctm	all	solo		
curly_packed_ice_ctm	packed_ice	ctm_cube_all_pieces		pieces_full	all=ott:block/packed_ice/ctm/curly_packed_ice_ctm	all	solo		
curly_packed_mud_ctm	packed_mud	ctm_cube_all_pieces		pieces_full	all=ott:block/packed_mud/ctm/curly_packed_mud_ctm	all	solo		
curly_prismarine_ctm	prismarine	ctm_cube_all_pieces		pieces_full	all=ott:block/prismarine/ctm/curly_prismarine_ctm	all	solo		
curly_purpur_block_ctm	purpur_block	ctm_cube_all_pieces		pieces_full	all=ott:block/purpur_block/ctm/curly_purpur_block_ctm	all	solo		
curly_quartz_block_ctm	quartz_block	ctm_cube_all_pieces		pieces_full	all=ott:block/quartz_block/ctm/curly_quartz_block_ctm	all	solo		
curly_raw_copper_block_ctm	raw_copper_block	ctm_cube_all_pieces		pieces_full	all=ott:block/raw_copper_block/ctm/curly_raw_copper_block_ctm	all	solo		
curly_raw_gold_block_ctm	raw_gold_block	ctm_cube_all_pieces		pieces_full	all=ott:block/raw_gold_block/ctm/curly_raw_gold_block_ctm	all	solo		
curly_raw_iron_block_ctm	raw_iron_block	ctm_cube_all_pieces		pieces_full	all=ott:block/raw_iron_block/ctm/curly_raw_iron_block_ctm	all	solo		
curly_red_nether_bricks_ctm	red_nether_bricks	ctm_cube_all_pieces		pieces_full	all=ott:block/red_nether_bricks/ctm/curly_red_nether_bricks_ctm	all	solo		
curly_red_sandstone_ctm	red_sandstone	ctm_cube_all_pieces		pieces_full	all=ott:block/red_sandstone/ctm/curly_red_sandstone_ctm	all	solo		
curly_redstone_block_ctm	redstone_block	ctm_cube_all_pieces		pieces_full	all=ott:block/redstone_block/ctm/curly_redstone_block_ctm	all	solo		
curly_sandstone_ctm	sandstone	ctm_cube_all_pieces		pieces_full	all=ott:block/sandstone/ctm/curly_sandstone_ctm	all	solo		
curly_smooth_stone_ctm	smooth_stone	ctm_cube_all_pieces		pieces_full	all=ott:block/smooth_stone/ctm/curly_smooth_stone_ctm	all	solo		
curly_snow_block_ctm	snow_block	ctm_cube_all_pieces		pieces_full	all=ott:block/snow_block/ctm/curly_snow_block_ctm	all	solo		
curly_tuff_ctm	tuff	ctm_cube_all_pieces		pieces_full	all=ott:block/tuff/ctm/curly_tuff_ctm	all	solo		
amethyst_block_cut_column_ctm	amethyst_block	ctm_cube_all_pieces		pieces_full	all=ott:block/amethyst_block/ctm/amethyst_block_cut_column	all	solo		
ancient_debris_cut_column_ctm	ancient_debris	ctm_cube_all_pieces		pieces_full	all=ott:block/ancient_debris/ctm/ancient_debris_cut_column	all	solo		
andesite_cut_column_ctm	andesite	ctm_cube_all_pieces		pieces_full	all=ott:block/andesite/ctm/andesite_cut_column	all	solo		
basalt_cut_column_ctm	basalt	ctm_cube_all_pieces		pieces_full	all=ott:block/basalt/ctm/basalt_cut_column	all	solo		
blackstone_cut_column_ctm	blackstone	ctm_cube_all_pieces		pieces_full	all=ott:block/blackstone/ctm/blackstone_cut_column	all	solo		
blue_ice_cut_column_ctm	blue_ice	ctm_cube_all_pieces		pieces_full	all=ott:block/blue_ice/ctm/blue_ice_cut_column	all	solo		
borderless_bricks_cut_column_ctm	borderless_bricks	ctm_cube_all_pieces		pieces_full	all=ott:block/borderless_bricks/ctm/borderless_bricks_cut_column	all	solo		
bricks_cut_column_ctm	bricks	ctm_cube_all_pieces		pieces_full	all=ott:block/bricks/ctm/bricks_cut_column	all	solo		
calcite_cut_column_ctm	calcite	ctm_cube_all_pieces		pieces_full	all=ott:block/calcite/ctm/calcite_cut_column	all	solo		
clay_cut_column_ctm	clay	ctm_cube_all_pieces		pieces_full	all=ott:block/clay/ctm/clay_cut_column	all	solo		
coal_block_cut_column_ctm	coal_block	ctm_cube_all_pieces		pieces_full	all=ott:block/coal_block/ctm/coal_block_cut_column	all	solo		
cobblestone_cut_column_ctm	cobblestone	ctm_cube_all_pieces		pieces_full	all=ott:block/cobblestone/ctm/cobblestone_cut_column	all	solo		
crying_obsidian_cut_column_ctm	crying_obsidian	ctm_cube_all_pieces		pieces_full	all=ott:block/crying_obsidian/ctm/crying_obsidian_cut_column	all	solo		
dark_prismarine_cut_column_ctm	dark_prismarine	ctm_cube_all_pieces		pieces_full	all=ott:block/dark_prismarine/ctm/dark_prismarine_cut_column	all	solo		
deepslate_cut_column_ctm	deepslate	ctm_cube_all_pieces		pieces_full	all=ott:block/deepslate/ctm/deepslate_cut_column	all	solo		
diorite_cut_column_ctm	diorite	ctm_cube_all_pieces		pieces_full	all=ott:block/diorite/ctm/diorite_cut_column	all	solo		
dirt_cut_column_ctm	dirt	ctm_cube_all_pieces		pieces_full	all=ott:block/dirt/ctm/dirt_cut_column	all	solo		
dripstone_block_cut_column_ctm	dripstone_block	ctm_cube_all_pieces		pieces_full	all=ott:block/dripstone_block/ctm/dripstone_block_cut_column	all	solo		
end_stone_cut_column_ctm	end_stone	ctm_cube_all_pieces		pieces_full	all=ott:block/end_stone/ctm/end_stone_cut_column	all	solo		
gilded_blackstone_cut_column_ctm	gilded_blackstone	ctm_cube_all_pieces		pieces_full	all=ott:block/gilded_blackstone/ctm/gilded_blackstone_cut_column	all	solo		
granite_cut_column_ctm	granite	ctm_cube_all_pieces		pieces_full	all=ott:block/granite/ctm/granite_cut_column	all	solo		
ice_cut_column_ctm	ice	ctm_cube_all_pieces	minecraft:translucent	pieces_full	all=ott:block/ice/ctm/ice_cut_column	all	solo		
lapis_block_cut_column_ctm	lapis_block	ctm_cube_all_pieces		pieces_full	all=ott:block/lapis_block/ctm/lapis_block_cut_column	all	solo		
lodestone_cut_column_ctm	lodestone	ctm_cube_all_pieces		pieces_full	all=ott:block/lodestone/ctm/lodestone_cut_column	all	solo		
magma_block_cut_column_ctm	magma_block	ctm_cube_all_pieces		pieces_full	all=ott:block/magma_block/ctm/magma_block_cut_column	all	solo		
mossy_cobblestone_cut_column_ctm	mossy_cobblestone	ctm_cube_all_pieces		pieces_full	all=ott:block/mossy_cobblestone/ctm/mossy_cobblestone_cut_column	all	solo		
mossy_stone_bricks_cut_column_ctm	mossy_stone_bricks	ctm_cube_all_pieces		pieces_full	all=ott:block/mossy_stone_bricks/ctm/mossy_stone_bricks_cut_column	all	solo		
nether_bricks_cut_column_ctm	nether_bricks	ctm_cube_all_pieces		pieces_full	all=ott:block/nether_bricks/ctm/nether_bricks_cut_column	all	solo		
netherrack_cut_column_ctm	netherrack	ctm_cube_all_pieces		pieces_full	all=ott:block/netherrack/ctm/netherrack_cut_column	all	solo		
obsidian_cut_column_ctm	obsidian	ctm_cube_all_pieces		pieces_full	all=ott:block/obsidian/ctm/obsidian_cut_column	all	solo		
packed_ice_cut_column_ctm	packed_ice	ctm_cube_all_pieces		pieces_full	all=ott:block/packed_ice/ctm/packed_ice_cut_column	all	solo		
prismarine_cut_column_ctm	prismarine	ctm_cube_all_pieces		pieces_full	all=ott:block/prismarine/ctm/prismarine_cut_column	all	solo		
purpur_block_cut_column_ctm	purpur_block	ctm_cube_all_pieces		pieces_full	all=ott:block/purpur_block/ctm/purpur_block_cut_column	all	solo		
quartz_block_cut_column_ctm	quartz_block	ctm_cube_all_pieces		pieces_full	all=ott:block/quartz_block/ctm/quartz_block_cut_column	all	solo		
raw_copper_block_cut_column_ctm	raw_copper_block	ctm_cube_all_pieces		pieces_full	all=ott:block/raw_copper_block/ctm/raw_copper_block_cut_column	all	solo		
raw_gold_block_cut_column_ctm	raw_gold_block	ctm_cube_all_pieces		pieces_full	all=ott:block/raw_gold_block/ctm/raw_gold_block_cut_column	all	solo		
raw_iron_block_cut_column_ctm	raw_iron_block	ctm_cube_all_pieces		pieces_full	all=ott:block/raw_iron_block/ctm/raw_iron_block_cut_column	all	solo		
red_nether_bricks_cut_column_ctm	red_nether_bricks	ctm_cube_all_pieces		pieces_full	all=ott:block/red_nether_bricks/ctm/red_nether_bricks_cut_column	all	solo		
red_sandstone_cut_column_ctm	red_sandstone	ctm_cube_column_pieces_flat_caps			bottom=minecraft:block/red_sandstone_bottom|side=ott:block/red_sandstone/ctm/red_sandstone_cut_column|top=minecraft:block/red_sandstone_top	side:pieces_full	solo		
red_sandstone_cut_ctm	red_sandstone	ctm_cube_column_pieces_vertical_capped		pieces_vertical	bottom=minecraft:block/red_sandstone_bottom|side=ott:block/red_sandstone/ctm/red_sandstone_cut|top=minecraft:block/red_sandstone_top	side	self		
redstone_block_cut_column_ctm	redstone_block	ctm_cube_all_pieces		pieces_full	all=ott:block/redstone_block/ctm/redstone_block_cut_column	all	solo		
sandstone_cut_column_ctm	sandstone	ctm_cube_column_pieces_flat_caps			bottom=minecraft:block/sandstone_bottom|side=ott:block/sandstone/ctm/sandstone_cut_column|top=minecraft:block/sandstone_top	side:pieces_full	solo		
sandstone_cut_ctm	sandstone	ctm_cube_column_pieces_vertical_capped		pieces_vertical	bottom=minecraft:block/sandstone_bottom|side=ott:block/sandstone/ctm/sandstone_cut|top=minecraft:block/sandstone_top	side	self		
smooth_stone_cut_column_ctm	smooth_stone	ctm_cube_all_pieces		pieces_full	all=ott:block/smooth_stone/ctm/smooth_stone_cut_column	all	solo		
snow_block_cut_column_ctm	snow_block	ctm_cube_all_pieces		pieces_full	all=ott:block/snow_block/ctm/snow_block_cut_column	all	solo		
tuff_cut_column_ctm	tuff	ctm_cube_all_pieces		pieces_full	all=ott:block/tuff/ctm/tuff_cut_column	all	solo		
cyan_concrete_ctm	cyan_concrete	ctm_cube_all_horizontal		pieces_vertical	all=ott:block/cyan_concrete/ctm/cyan_concrete_ctm	all	self		
cyan_concrete_panel_ctm	cyan_concrete	ctm_cube_all_pieces		pieces_full	all=ott:block/cyan_concrete/ctm/cyan_concrete_panel	all	solo		
cyan_framed_glass_ctm	cyan_stained_glass	ctm_cube_all_pieces	minecraft:translucent	pieces_full	all=ott:block/cyan_stained_glass/ctm/cyan_framed_glass	all	solo	minecraft:translucent	
cyan_stained_clear_glass_ctm	cyan_stained_glass	ctm_cube_all_pieces	minecraft:translucent	pieces_full	all=ott:block/cyan_stained_glass/ctm/cyan_stained_clear_glass	all	solo	minecraft:translucent	
cyan_stained_glass_ctm	cyan_stained_glass	ctm_cube_all_pieces	minecraft:translucent	pieces_full	all=ott:block/cyan_stained_glass/ctm/cyan_stained_glass	all	solo	minecraft:translucent	
cyan_terracotta_column_ctm	cyan_terracotta	ctm_cube_all_horizontal		pieces_vertical	all=ott:block/cyan_terracotta/ctm/cyan_terracotta_column	all	self		
cyan_terracotta_ctm	cyan_terracotta	ctm_cube_all_horizontal		pieces_vertical	all=ott:block/cyan_terracotta/ctm/cyan_terracotta_ctm	all	self		
dark_oak_planks_beams_ctm	dark_oak_planks	ctm_cube_all_pieces		pieces_full	all=ott:block/dark_oak_planks/ctm/dark_oak_planks_beams	all	solo		
dark_oak_planks_brick_pattern_ctm	dark_oak_planks	ctm_cube_all_pieces		pieces_full	all=ott:block/dark_oak_planks/ctm/dark_oak_planks_brick_pattern	all	solo		
dark_oak_planks_brick_paving_ctm	dark_oak_planks	ctm_cube_all_pieces		pieces_full	all=ott:block/dark_oak_planks/ctm/dark_oak_planks_brick_paving	all	solo		
dark_oak_planks_bricks_ctm	dark_oak_planks	ctm_cube_all_horizontal		pieces_horizontal	all=ott:block/dark_oak_planks/ctm/dark_oak_planks_bricks	all	self		
dark_oak_planks_crate_ctm	dark_oak_planks	ctm_cube_all_pieces		pieces_full	all=ott:block/dark_oak_planks/ctm/dark_oak_planks_crate	all	solo		
dark_oak_planks_diagonal_stripes_ctm	dark_oak_planks	ctm_cube_all_pieces		pieces_full	all=ott:block/dark_oak_planks/ctm/dark_oak_planks_diagonal_stripes	all	solo		
dark_oak_planks_diagonal_tiles_ctm	dark_oak_planks	ctm_cube_all_pieces		pieces_full	all=ott:block/dark_oak_planks/ctm/dark_oak_planks_diagonal_tiles	all	solo		
dark_oak_planks_dotted_ctm	dark_oak_planks	ctm_cube_all_pieces		pieces_full	all=ott:block/dark_oak_planks/ctm/dark_oak_planks_dotted	all	solo		
dark_oak_planks_flooring_ctm	dark_oak_planks	ctm_cube_all_pieces		pieces_full	all=ott:block/dark_oak_planks/ctm/dark_oak_planks_flooring	all	solo		
dark_oak_planks_large_tiles_ctm	dark_oak_planks	ctm_cube_all_pieces		pieces_full	all=ott:block/dark_oak_planks/ctm/dark_oak_planks_large_tiles	all	solo		
dark_oak_planks_panel_ctm	dark_oak_planks	ctm_cube_all_pieces		pieces_full	all=ott:block/dark_oak_planks/ctm/dark_oak_planks_panel	all	solo		
dark_oak_planks_pattern_ctm	dark_oak_planks	ctm_cube_all_pieces		pieces_full	all=ott:block/dark_oak_planks/ctm/dark_oak_planks_pattern	all	solo		
dark_oak_planks_rotated_bricks_ctm	dark_oak_planks	ctm_cube_all_pieces		pieces_full	all=ott:block/dark_oak_planks/ctm/dark_oak_planks_rotated_bricks	all	solo		
dark_oak_planks_small_bricks_ctm	dark_oak_planks	ctm_cube_all_pieces		pieces_full	all=ott:block/dark_oak_planks/ctm/dark_oak_planks_small_bricks	all	solo		
dark_oak_planks_small_tiles_ctm	dark_oak_planks	ctm_cube_all_pieces		pieces_full	all=ott:block/dark_oak_planks/ctm/dark_oak_planks_small_tiles	all	solo		
dark_oak_planks_squares_ctm	dark_oak_planks	ctm_cube_all_pieces		pieces_full	all=ott:block/dark_oak_planks/ctm/dark_oak_planks_squares	all	solo		
dark_oak_planks_tiles_ctm	dark_oak_planks	ctm_cube_all_pieces		pieces_full	all=ott:block/dark_oak_planks/ctm/dark_oak_planks_tiles	all	solo		
dark_oak_planks_wavy_ctm	dark_oak_planks	ctm_cube_all_pieces		pieces_full	all=ott:block/dark_oak_planks/ctm/dark_oak_planks_wavy	all	solo		
dark_oak_planks_woven_ctm	dark_oak_planks	ctm_cube_all_pieces		pieces_full	all=ott:block/dark_oak_planks/ctm/dark_oak_planks_woven	all	solo		
dark_oak_window_bars_ctm	dark_oak_planks	ctm_cube_column_pieces_vertical	minecraft:cutout_mipped	pieces_vertical	side=ott:block/dark_oak_windows/ctm/dark_oak_window_bars|top=minecraft:block/dark_oak_planks	side	self		
dark_oak_window_covered_ctm	dark_oak_planks	ctm_cube_column_pieces_vertical	minecraft:cutout_mipped	pieces_vertical	side=ott:block/dark_oak_windows/ctm/dark_oak_window_covered|top=minecraft:block/dark_oak_planks	side	self		
dark_oak_window_diagonal_ctm	dark_oak_planks	ctm_cube_column_pieces_vertical	minecraft:cutout_mipped	pieces_vertical	side=ott:block/dark_oak_windows/ctm/dark_oak_window_diagonal|top=minecraft:block/dark_oak_planks	side	self		
dark_oak_window_large_ctm	dark_oak_planks	ctm_cube_column_pieces_vertical	minecraft:cutout_mipped	pieces_vertical	side=ott:block/dark_oak_windows/ctm/dark_oak_window_large|top=minecraft:block/dark_oak_planks	side	self		
dark_oak_window_panes_ctm	dark_oak_planks	ctm_cube_column_pieces_vertical	minecraft:cutout_mipped	pieces_vertical	side=ott:block/dark_oak_windows/ctm/dark_oak_window_panes|top=minecraft:block/dark_oak_planks	side	self		
dark_oak_window_rounded_ctm	dark_oak_planks	ctm_cube_column_pieces_vertical	minecraft:cutout_mipped	pieces_vertical	side=ott:block/dark_oak_windows/ctm/dark_oak_window_rounded|top=minecraft:block/dark_oak_planks	side	self		
dark_oak_window_slim_ctm	dark_oak_planks	ctm_cube_column_pieces_vertical	minecraft:cutout_mipped	pieces_vertical	side=ott:block/dark_oak_windows/ctm/dark_oak_window_slim|top=minecraft:block/dark_oak_planks	side	self		
dark_oak_window_swirling_ctm	dark_oak_planks	ctm_cube_column_pieces_vertical	minecraft:cutout_mipped	pieces_vertical	side=ott:block/dark_oak_windows/ctm/dark_oak_window_swirling|top=minecraft:block/dark_oak_planks	side	self		
dark_oak_window_tiles_ctm	dark_oak_planks	ctm_cube_column_pieces_planks_top	minecraft:cutout_mipped		side=ott:block/dark_oak_windows/ctm/dark_oak_window_tiles|up=minecraft:block/dark_oak_planks	side:pieces_full	static	minecraft:cutout_mipped	
dark_prismarine_beams_ctm	dark_prismarine	ctm_cube_all_pieces		pieces_full	all=ott:block/dark_prismarine/ctm/dark_prismarine_beams	all	solo		
dark_prismarine_brick_paving_ctm	dark_prismarine	ctm_cube_all_pieces		pieces_full	all=ott:block/dark_prismarine/ctm/dark_prismarine_brick_paving	all	solo		
dark_prismarine_bricks_ctm	dark_prismarine	ctm_cube_all_horizontal		pieces_horizontal	all=ott:block/dark_prismarine/ctm/dark_prismarine_bricks	all	self		
dark_prismarine_dotted_ctm	dark_prismarine	ctm_cube_all_pieces		pieces_full	all=ott:block/dark_prismarine/ctm/dark_prismarine_dotted	all	solo		
dark_prismarine_fabric_ctm	dark_prismarine	ctm_cube_all_pieces		pieces_full	all=ott:block/dark_prismarine/ctm/dark_prismarine_fabric	all	solo		
dark_prismarine_large_tiles_ctm	dark_prismarine	ctm_cube_all_pieces		pieces_full	all=ott:block/dark_prismarine/ctm/dark_prismarine_large_tiles	all	solo		
dark_prismarine_rotated_bricks_ctm	dark_prismarine	ctm_cube_all_pieces		pieces_full	all=ott:block/dark_prismarine/ctm/dark_prismarine_rotated_bricks	all	solo		
dark_prismarine_rows_ctm	dark_prismarine	ctm_cube_all_pieces		pieces_full	all=ott:block/dark_prismarine/ctm/dark_prismarine_rows	all	solo		
dark_prismarine_squares_ctm	dark_prismarine	ctm_cube_all_pieces		pieces_full	all=ott:block/dark_prismarine/ctm/dark_prismarine_squares	all	solo		
dark_prismarine_tiles_ctm	dark_prismarine	ctm_cube_all_pieces		pieces_full	all=ott:block/dark_prismarine/ctm/dark_prismarine_tiles	all	solo		
dark_prismarine_wavy_ctm	dark_prismarine	ctm_cube_all_pieces		pieces_full	all=ott:block/dark_prismarine/ctm/dark_prismarine_wavy	all	solo		
dark_prismarine_woven_ctm	dark_prismarine	ctm_cube_all_pieces		pieces_full	all=ott:block/dark_prismarine/ctm/dark_prismarine_woven	all	solo		
deepslate_cut_polished_ctm	deepslate	ctm_cube_all_pieces		pieces_full	all=ott:block/deepslate/ctm/deepslate_cut_polished	all	solo		
deepslate_cut_small_brick_ctm	deepslate	ctm_cube_all_pieces		pieces_full	all=ott:block/deepslate/ctm/deepslate_cut_small_brick	all	solo		
lapis_block_delicate_ctm	lapis_block	ctm_cube_all_pieces		pieces_full	all=ott:block/lapis_block/ctm/lapis_block_delicate	all	solo		
diamond_block_chiseled_ctm	diamond	ctm_cube_all_pieces		pieces_full	all=ott:block/diamond/ctm/diamond_block_chiseled	all	solo		
diamond_block_chiseled_cubes_ctm	diamond	ctm_cube_all_pieces		pieces_full	all=ott:block/diamond/ctm/diamond_block_chiseled_cubes	all	solo		
diamond_block_connecting_ctm	diamond	ctm_cube_all_pieces		pieces_full	all=ott:block/diamond/ctm/diamond_block_connecting	all	solo		
diamond_block_ctm	diamond	ctm_cube_all_pieces		pieces_full	all=ott:block/diamond/ctm/diamond_block	all	solo		
diamond_block_grid_ctm	diamond	ctm_cube_all_pieces		pieces_full	all=ott:block/diamond/ctm/diamond_block_grid	all	solo		
diamond_block_jewel_block_ctm	diamond	ctm_cube_all_pieces		pieces_full	all=ott:block/diamond/ctm/diamond_block_jewel_block	all	solo		
diamond_block_polished_ctm	diamond	ctm_cube_all_pieces		pieces_full	all=ott:block/diamond/ctm/diamond_block_polished	all	solo		
diamond_block_rhombuses_ctm	diamond	ctm_cube_all_pieces		pieces_full	all=ott:block/diamond/ctm/diamond_block_rhombuses	all	solo		
diamond_block_shiny_bordered_ctm	diamond	ctm_cube_all_pieces		pieces_full	all=ott:block/diamond/ctm/diamond_block_shiny_bordered	all	solo		
diamond_block_small_tiles_ctm	diamond	ctm_cube_all_pieces		pieces_full	all=ott:block/diamond/ctm/diamond_block_small_tiles	all	solo		
diorite_brick_pattern_ctm	diorite	ctm_cube_all_pieces		pieces_full	all=ott:block/diorite/ctm/diorite_brick_pattern	all	solo		
diorite_brick_paving_ctm	diorite	ctm_cube_all_pieces		pieces_full	all=ott:block/diorite/ctm/diorite_brick_paving	all	solo		
diorite_bricks_ctm	diorite	ctm_cube_all_horizontal		pieces_horizontal	all=ott:block/diorite/ctm/diorite_bricks	all	self		
diorite_cut_polished_ctm	diorite	ctm_cube_all_pieces		pieces_full	all=ott:block/diorite/ctm/diorite_cut_polished	all	solo		
diorite_cut_small_brick_ctm	diorite	ctm_cube_all_pieces		pieces_full	all=ott:block/diorite/ctm/diorite_cut_small_brick	all	solo		
diorite_diagonal_bricks_ctm	diorite	ctm_cube_all_pieces		pieces_full	all=ott:block/diorite/ctm/diorite_diagonal_bricks	all	solo		
diorite_dotted_ctm	diorite	ctm_cube_all_pieces		pieces_full	all=ott:block/diorite/ctm/diorite_dotted	all	solo		
diorite_paving_ctm	diorite	ctm_cube_all_pieces		pieces_full	all=ott:block/diorite/ctm/diorite_paving	all	solo		
diorite_polished_ctm	diorite	ctm_cube_all_pieces		pieces_full	all=ott:block/diorite/ctm/diorite_polished	all	solo		
diorite_rotated_bricks_ctm	diorite	ctm_cube_all_pieces		pieces_full	all=ott:block/diorite/ctm/diorite_rotated_bricks	all	solo		
diorite_squares_ctm	diorite	ctm_cube_all_pieces		pieces_full	all=ott:block/diorite/ctm/diorite_squares	all	solo		
diorite_tiles_ctm	diorite	ctm_cube_all_pieces		pieces_full	all=ott:block/diorite/ctm/diorite_tiles	all	solo		
diorite_wavy_ctm	diorite	ctm_cube_all_pieces		pieces_full	all=ott:block/diorite/ctm/diorite_wavy	all	solo		
dirt_blobs_ctm	dirt	ctm_cube_all_pieces		pieces_full	all=ott:block/dirt/ctm/dirt_blobs	all	solo		
dirt_bricks_ctm	dirt	ctm_cube_all_pieces		pieces_full	all=ott:block/dirt/ctm/dirt_bricks	all	solo		
dirt_chunks_ctm	dirt	ctm_cube_all_pieces		pieces_full	all=ott:block/dirt/ctm/dirt_chunks	all	solo		
dirt_clumps_ctm	dirt	ctm_cube_all_pieces		pieces_full	all=ott:block/dirt/ctm/dirt_clumps	all	solo		
dirt_large_tiles_ctm	dirt	ctm_cube_all_pieces		pieces_full	all=ott:block/dirt/ctm/dirt_large_tiles	all	solo		
dirt_small_bricks_ctm	dirt	ctm_cube_all_pieces		pieces_full	all=ott:block/dirt/ctm/dirt_small_bricks	all	solo		
dirt_small_tiles_ctm	dirt	ctm_cube_all_pieces		pieces_full	all=ott:block/dirt/ctm/dirt_small_tiles	all	solo		
dirt_smooth_clumps_ctm	dirt	ctm_cube_all_pieces		pieces_full	all=ott:block/dirt/ctm/dirt_smooth_clumps	all	solo		
dirt_soil_ctm	dirt	ctm_cube_all_pieces		pieces_full	all=ott:block/dirt/ctm/dirt_soil	all	solo		
dirt_squares_ctm	dirt	ctm_cube_all_pieces		pieces_full	all=ott:block/dirt/ctm/dirt_squares	all	solo		
dirt_tiles_ctm	dirt	ctm_cube_all_pieces		pieces_full	all=ott:block/dirt/ctm/dirt_tiles	all	solo		
dirt_tilled_ctm	dirt	ctm_cube_all_pieces		pieces_full	all=ott:block/dirt/ctm/dirt_tilled	all	solo		
glass_dirty_ctm	glass	ctm_cube_all_pieces	minecraft:translucent	pieces_full	all=ott:block/glass/ctm/glass_dirty	all	solo	minecraft:translucent	
dripstone_cut_polished_ctm	dripstone_block	ctm_cube_all_pieces		pieces_full	all=ott:block/dripstone_block/ctm/dripstone_cut_polished	all	solo		
dripstone_cut_small_brick_ctm	dripstone_block	ctm_cube_all_pieces		pieces_full	all=ott:block/dripstone_block/ctm/dripstone_cut_small_brick	all	solo		
earth_mosaic_border	earth_mosaic	ctm_full_detailed			all=ott:block/earth_mosaic/earth_mosaic_border	*=same;match:ott:earth_mosaic_delicate	self		all=ott:block/earth_mosaic/earth_mosaic_border_static
earth_mosaic_delicate	earth_mosaic	ctm_full_detailed			all=ott:block/earth_mosaic/earth_mosaic_delicate	*=same;match:ott:earth_mosaic_border	self		all=ott:block/earth_mosaic/earth_mosaic_delicate_static
earth_mosaic_geometric	earth_mosaic	ctm_full_detailed_overlay	minecraft:cutout_mipped		all=ott:block/earth_mosaic/earth_mosaic_geometric|overlay=ott:block/earth_mosaic/earth_mosaic_pattern_overlay	all=same|overlay=match:ott:earth_mosaic_pattern	self		all=ott:block/earth_mosaic/earth_mosaic_geometric_static|overlay=ott:block/earth_mosaic/earth_mosaic_pattern_overlay_static
earth_mosaic_pattern	earth_mosaic	ctm_full_detailed			all=ott:block/earth_mosaic/earth_mosaic_pattern	*=same;match:ott:earth_mosaic_geometric	self		all=ott:block/earth_mosaic/earth_mosaic_pattern_static
amethyst_block_edged_bricks_ctm	amethyst_block	ctm_cube_all_pieces		pieces_full	all=ott:block/amethyst_block/ctm/amethyst_block_edged_bricks	all	solo		
ancient_debris_edged_bricks_ctm	ancient_debris	ctm_cube_all_pieces		pieces_full	all=ott:block/ancient_debris/ctm/ancient_debris_edged_bricks	all	solo		
andesite_edged_bricks_ctm	andesite	ctm_cube_all_pieces		pieces_full	all=ott:block/andesite/ctm/andesite_edged_bricks	all	solo		
basalt_edged_bricks_ctm	basalt	ctm_cube_all_pieces		pieces_full	all=ott:block/basalt/ctm/basalt_edged_bricks	all	solo		
blackstone_edged_bricks_ctm	blackstone	ctm_cube_all_pieces		pieces_full	all=ott:block/blackstone/ctm/blackstone_edged_bricks	all	solo		
blue_ice_edged_bricks_ctm	blue_ice	ctm_cube_all_pieces		pieces_full	all=ott:block/blue_ice/ctm/blue_ice_edged_bricks	all	solo		
borderless_bricks_edged_bricks_ctm	borderless_bricks	ctm_cube_all_pieces		pieces_full	all=ott:block/borderless_bricks/ctm/borderless_bricks_edged_bricks	all	solo		
bricks_edged_bricks_ctm	bricks	ctm_cube_all_pieces		pieces_full	all=ott:block/bricks/ctm/bricks_edged_bricks	all	solo		
calcite_edged_bricks_ctm	calcite	ctm_cube_all_pieces		pieces_full	all=ott:block/calcite/ctm/calcite_edged_bricks	all	solo		
clay_edged_bricks_ctm	clay	ctm_cube_all_pieces		pieces_full	all=ott:block/clay/ctm/clay_edged_bricks	all	solo		
coal_block_edged_bricks_ctm	coal_block	ctm_cube_all_pieces		pieces_full	all=ott:block/coal_block/ctm/coal_block_edged_bricks	all	solo		
cobblestone_edged_bricks_ctm	cobblestone	ctm_cube_all_pieces		pieces_full	all=ott:block/cobblestone/ctm/cobblestone_edged_bricks	all	solo		
crying_obsidian_edged_bricks_ctm	crying_obsidian	ctm_cube_all_pieces		pieces_full	all=ott:block/crying_obsidian/ctm/crying_obsidian_edged_bricks	all	solo		
dark_prismarine_edged_bricks_ctm	dark_prismarine	ctm_cube_all_pieces		pieces_full	all=ott:block/dark_prismarine/ctm/dark_prismarine_edged_bricks	all	solo		
deepslate_edged_bricks_ctm	deepslate	ctm_cube_all_pieces		pieces_full	all=ott:block/deepslate/ctm/deepslate_edged_bricks	all	solo		
diorite_edged_bricks_ctm	diorite	ctm_cube_all_pieces		pieces_full	all=ott:block/diorite/ctm/diorite_edged_bricks	all	solo		
dirt_edged_bricks_ctm	dirt	ctm_cube_all_pieces		pieces_full	all=ott:block/dirt/ctm/dirt_edged_bricks	all	solo		
dripstone_block_edged_bricks_ctm	dripstone_block	ctm_cube_all_pieces		pieces_full	all=ott:block/dripstone_block/ctm/dripstone_block_edged_bricks	all	solo		
end_stone_edged_bricks_ctm	end_stone	ctm_cube_all_pieces		pieces_full	all=ott:block/end_stone/ctm/end_stone_edged_bricks	all	solo		
gilded_blackstone_edged_bricks_ctm	gilded_blackstone	ctm_cube_all_pieces		pieces_full	all=ott:block/gilded_blackstone/ctm/gilded_blackstone_edged_bricks	all	solo		
granite_edged_bricks_ctm	granite	ctm_cube_all_pieces		pieces_full	all=ott:block/granite/ctm/granite_edged_bricks	all	solo		
ice_edged_bricks_ctm	ice	ctm_cube_all_pieces	minecraft:translucent	pieces_full	all=ott:block/ice/ctm/ice_edged_bricks	all	solo		
lapis_block_edged_bricks_ctm	lapis_block	ctm_cube_all_pieces		pieces_full	all=ott:block/lapis_block/ctm/lapis_block_edged_bricks	all	solo		
lodestone_edged_bricks_ctm	lodestone	ctm_cube_all_pieces		pieces_full	all=ott:block/lodestone/ctm/lodestone_edged_bricks	all	solo		
magma_block_edged_bricks_ctm	magma_block	ctm_cube_all_pieces		pieces_full	all=ott:block/magma_block/ctm/magma_block_edged_bricks	all	solo		
mossy_cobblestone_edged_bricks_ctm	mossy_cobblestone	ctm_cube_all_pieces		pieces_full	all=ott:block/mossy_cobblestone/ctm/mossy_cobblestone_edged_bricks	all	solo		
mossy_stone_bricks_edged_bricks_ctm	mossy_stone_bricks	ctm_cube_all_pieces		pieces_full	all=ott:block/mossy_stone_bricks/ctm/mossy_stone_bricks_edged_bricks	all	solo		
mud_bricks_edged_bricks_ctm	mud_bricks	ctm_cube_all_pieces		pieces_full	all=ott:block/mud_bricks/ctm/mud_bricks_edged_bricks	all	solo		
mud_edged_ctm	mud	ctm_cube_all_pieces		pieces_full	all=ott:block/mud/ctm/mud_edged	all	solo		
nether_bricks_edged_bricks_ctm	nether_bricks	ctm_cube_all_pieces		pieces_full	all=ott:block/nether_bricks/ctm/nether_bricks_edged_bricks	all	solo		
netherrack_edged_bricks_ctm	netherrack	ctm_cube_all_pieces		pieces_full	all=ott:block/netherrack/ctm/netherrack_edged_bricks	all	solo		
obsidian_edged_bricks_ctm	obsidian	ctm_cube_all_pieces		pieces_full	all=ott:block/obsidian/ctm/obsidian_edged_bricks	all	solo		
packed_ice_edged_bricks_ctm	packed_ice	ctm_cube_all_pieces		pieces_full	all=ott:block/packed_ice/ctm/packed_ice_edged_bricks	all	solo		
packed_mud_edged_bricks_ctm	packed_mud	ctm_cube_all_pieces		pieces_full	all=ott:block/packed_mud/ctm/packed_mud_edged_bricks	all	solo		
prismarine_edged_bricks_ctm	prismarine	ctm_cube_all_pieces		pieces_full	all=ott:block/prismarine/ctm/prismarine_edged_bricks	all	solo		
purpur_block_edged_bricks_ctm	purpur_block	ctm_cube_all_pieces		pieces_full	all=ott:block/purpur_block/ctm/purpur_block_edged_bricks	all	solo		
quartz_block_edged_bricks_ctm	quartz_block	ctm_cube_all_pieces		pieces_full	all=ott:block/quartz_block/ctm/quartz_block_edged_bricks	all	solo		
raw_copper_block_edged_bricks_ctm	raw_copper_block	ctm_cube_all_pieces		pieces_full	all=ott:block/raw_copper_block/ctm/raw_copper_block_edged_bricks	all	solo		
raw_gold_block_edged_bricks_ctm	raw_gold_block	ctm_cube_all_pieces		pieces_full	all=ott:block/raw_gold_block/ctm/raw_gold_block_edged_bricks	all	solo		
raw_iron_block_edged_bricks_ctm	raw_iron_block	ctm_cube_all_pieces		pieces_full	all=ott:block/raw_iron_block/ctm/raw_iron_block_edged_bricks	all	solo		
red_nether_bricks_edged_bricks_ctm	red_nether_bricks	ctm_cube_all_pieces		pieces_full	all=ott:block/red_nether_bricks/ctm/red_nether_bricks_edged_bricks	all	solo		
red_sandstone_edged_bricks_ctm	red_sandstone	ctm_cube_all_pieces		pieces_full	all=ott:block/red_sandstone/ctm/red_sandstone_edged_bricks	all	solo		
redstone_block_edged_bricks_ctm	redstone_block	ctm_cube_all_pieces		pieces_full	all=ott:block/redstone_block/ctm/redstone_block_edged_bricks	all	solo		
sandstone_edged_bricks_ctm	sandstone	ctm_cube_all_pieces		pieces_full	all=ott:block/sandstone/ctm/sandstone_edged_bricks	all	solo		
smooth_stone_edged_bricks_ctm	smooth_stone	ctm_cube_all_pieces		pieces_full	all=ott:block/smooth_stone/ctm/smooth_stone_edged_bricks	all	solo		
snow_block_edged_bricks_ctm	snow_block	ctm_cube_all_pieces		pieces_full	all=ott:block/snow_block/ctm/snow_block_edged_bricks	all	solo		
tuff_edged_bricks_ctm	tuff	ctm_cube_all_pieces		pieces_full	all=ott:block/tuff/ctm/tuff_edged_bricks	all	solo		
emerald_block_bordered_crosses_ctm	emerald_block	ctm_cube_all_pieces		pieces_full	all=ott:block/emerald_block/ctm/emerald_block_bordered_crosses	all	solo		
emerald_block_bordered_plating_ctm	emerald_block	ctm_cube_all_pieces		pieces_full	all=ott:block/emerald_block/ctm/emerald_block_bordered_plating	all	solo		
emerald_block_chiseled_ctm	emerald_block	ctm_cube_all_pieces		pieces_full	all=ott:block/emerald_block/ctm/emerald_block_chiseled	all	solo		
emerald_block_clovers_ctm	emerald_block	ctm_cube_all_pieces		pieces_full	all=ott:block/emerald_block/ctm/emerald_block_clovers	all	solo		
emerald_block_crystal_ctm	emerald_block	ctm_cube_all_pieces		pieces_full	all=ott:block/emerald_block/ctm/emerald_block_crystal	all	solo		
emerald_block_ctm	emerald_block	ctm_cube_column_pieces			side=ott:block/emerald_block/ctm/emerald_block_ctm_side|top=ott:block/emerald_block/ctm/emerald_block_ctm_end	side:pieces_full|top:pieces_full	solo		
emerald_block_patterned_ctm	emerald_block	ctm_cube_all_pieces		pieces_full	all=ott:block/emerald_block/ctm/emerald_block_patterned	all	solo		
emerald_block_patterned_squares_ctm	emerald_block	ctm_cube_all_pieces		pieces_full	all=ott:block/emerald_block/ctm/emerald_block_patterned_squares	all	solo		
emerald_block_polished_ctm	emerald_block	ctm_cube_all_pieces		pieces_full	all=ott:block/emerald_block/ctm/emerald_block_polished	all	solo		
emerald_block_striped_ctm	emerald_block	ctm_cube_all_pieces		pieces_full	all=ott:block/emerald_block/ctm/emerald_block_striped	all	solo		
emerald_block_waxed_ctm	emerald_block	ctm_cube_all_pieces		pieces_full	all=ott:block/emerald_block/ctm/emerald_block_waxed	all	solo		
acacia_planks_enclosed_ctm	acacia_planks	ctm_cube_all_pieces		pieces_full	all=ott:block/acacia_planks/ctm/acacia_planks_enclosed	all	solo		
bamboo_planks_enclosed_ctm	bamboo_planks	ctm_cube_all_pieces		pieces_full	all=ott:block/bamboo_planks/ctm/bamboo_planks_enclosed	all	solo		
birch_planks_enclosed_ctm	birch_planks	ctm_cube_all_pieces		pieces_full	all=ott:block/birch_planks/ctm/birch_planks_enclosed	all	solo		
cherry_planks_enclosed_ctm	cherry_planks	ctm_cube_all_pieces		pieces_full	all=ott:block/cherry_planks/ctm/cherry_planks_enclosed	all	solo		
crimson_planks_enclosed_ctm	crimson_planks	ctm_cube_all_pieces		pieces_full	all=ott:block/crimson_planks/ctm/crimson_planks_enclosed	all	solo		
dark_oak_planks_enclosed_ctm	dark_oak_planks	ctm_cube_all_pieces		pieces_full	all=ott:block/dark_oak_planks/ctm/dark_oak_planks_enclosed	all	solo		
jungle_planks_enclosed_ctm	jungle_planks	ctm_cube_all_pieces		pieces_full	all=ott:block/jungle_planks/ctm/jungle_planks_enclosed	all	solo		
mangrove_planks_enclosed_ctm	mangrove_planks	ctm_cube_all_pieces		pieces_full	all=ott:block/mangrove_planks/ctm/mangrove_planks_enclosed	all	solo		
oak_planks_enclosed_ctm	oak_planks	ctm_cube_all_pieces		pieces_full	all=ott:block/oak_planks/ctm/oak_planks_enclosed	all	solo		
spruce_planks_enclosed_ctm	spruce_planks	ctm_cube_all_pieces		pieces_full	all=ott:block/spruce_planks/ctm/spruce_planks_enclosed	all	solo		
warped_planks_enclosed_ctm	warped_planks	ctm_cube_all_pieces		pieces_full	all=ott:block/warped_planks/ctm/warped_planks_enclosed	all	solo		
end_stone_blobs_ctm	end_stone	ctm_cube_all_pieces		pieces_full	all=ott:block/end_stone/ctm/end_stone_blobs	all	solo		
end_stone_brick_pattern_ctm	end_stone	ctm_cube_all_pieces		pieces_full	all=ott:block/end_stone/ctm/end_stone_brick_pattern	all	solo		
end_stone_brick_paving_ctm	end_stone	ctm_cube_all_pieces		pieces_full	all=ott:block/end_stone/ctm/end_stone_brick_paving	all	solo		
end_stone_chiseled_ctm	end_stone	ctm_cube_all_pieces		pieces_full	all=ott:block/end_stone/ctm/end_stone_chiseled	all	solo		
end_stone_crushed_ctm	end_stone	ctm_cube_all_pieces		pieces_full	all=ott:block/end_stone/ctm/end_stone_crushed	all	solo		
end_stone_diagonal_bricks_ctm	end_stone	ctm_cube_all_pieces		pieces_full	all=ott:block/end_stone/ctm/end_stone_diagonal_bricks	all	solo		
end_stone_mesh_ctm	end_stone	ctm_cube_all_pieces		pieces_full	all=ott:block/end_stone/ctm/end_stone_mesh	all	solo		
end_stone_paving_ctm	end_stone	ctm_cube_all_pieces		pieces_full	all=ott:block/end_stone/ctm/end_stone_paving	all	solo		
end_stone_rotated_bricks_ctm	end_stone	ctm_cube_all_pieces		pieces_full	all=ott:block/end_stone/ctm/end_stone_rotated_bricks	all	solo		
end_stone_scales_ctm	end_stone	ctm_cube_all_pieces		pieces_full	all=ott:block/end_stone/ctm/end_stone_scales	all	solo		
end_stone_small_tiles_ctm	end_stone	ctm_cube_all_pieces		pieces_full	all=ott:block/end_stone/ctm/end_stone_small_tiles	all	solo		
end_stone_spiral_pattern_ctm	end_stone	ctm_cube_all_pieces		pieces_full	all=ott:block/end_stone/ctm/end_stone_spiral_pattern	all	solo		
end_stone_squares_ctm	end_stone	ctm_cube_all_pieces		pieces_full	all=ott:block/end_stone/ctm/end_stone_squares	all	solo		
end_stone_tiles_ctm	end_stone	ctm_cube_all_pieces		pieces_full	all=ott:block/end_stone/ctm/end_stone_tiles	all	solo		
exposed_copper_block_ctm	exposed_copper	ctm_cube_all_pieces		pieces_full	all=ott:block/exposed_copper/ctm/exposed_copper_block	all	solo		
exposed_copper_grate_ctm	exposed_copper	ctm_cube_all_pieces	minecraft:cutout_mipped	pieces_full	all=ott:block/exposed_copper/ctm/exposed_copper_grate	all	solo		
fancy_black_stained_glass_ctm	black_stained_glass	ctm_cube_all_pieces	minecraft:translucent	pieces_full	all=ott:block/black_stained_glass/ctm/fancy_black_stained_glass_ctm	all	solo	minecraft:translucent	
fancy_blue_stained_glass_ctm	blue_stained_glass	ctm_cube_all_pieces	minecraft:translucent	pieces_full	all=ott:block/blue_stained_glass/ctm/fancy_blue_stained_glass_ctm	all	solo	minecraft:translucent	
fancy_brown_stained_glass_ctm	brown_stained_glass	ctm_cube_all_pieces	minecraft:translucent	pieces_full	all=ott:block/brown_stained_glass/ctm/fancy_brown_stained_glass_ctm	all	solo	minecraft:translucent	
fancy_cyan_stained_glass_ctm	cyan_stained_glass	ctm_cube_all_pieces	minecraft:translucent	pieces_full	all=ott:block/cyan_stained_glass/ctm/fancy_cyan_stained_glass_ctm	all	solo	minecraft:translucent	
fancy_gray_stained_glass_ctm	gray_stained_glass	ctm_cube_all_pieces	minecraft:translucent	pieces_full	all=ott:block/gray_stained_glass/ctm/fancy_gray_stained_glass_ctm	all	solo	minecraft:translucent	
fancy_green_stained_glass_ctm	green_stained_glass	ctm_cube_all_pieces	minecraft:translucent	pieces_full	all=ott:block/green_stained_glass/ctm/fancy_green_stained_glass_ctm	all	solo	minecraft:translucent	
glass_fancy_leaded_ctm	glass	ctm_cube_all_pieces	minecraft:translucent	pieces_full	all=ott:block/glass/ctm/glass_fancy_leaded	all	solo	minecraft:translucent	
fancy_light_blue_stained_glass_ctm	light_blue_stained_glass	ctm_cube_all_pieces	minecraft:translucent	pieces_full	all=ott:block/light_blue_stained_glass/ctm/fancy_light_blue_stained_glass_ctm	all	solo	minecraft:translucent	
fancy_light_gray_stained_glass_ctm	light_gray_stained_glass	ctm_cube_all_pieces	minecraft:translucent	pieces_full	all=ott:block/light_gray_stained_glass/ctm/fancy_light_gray_stained_glass_ctm	all	solo	minecraft:translucent	
fancy_lime_stained_glass_ctm	lime_stained_glass	ctm_cube_all_pieces	minecraft:translucent	pieces_full	all=ott:block/lime_stained_glass/ctm/fancy_lime_stained_glass_ctm	all	solo	minecraft:translucent	
fancy_magenta_stained_glass_ctm	magenta_stained_glass	ctm_cube_all_pieces	minecraft:translucent	pieces_full	all=ott:block/magenta_stained_glass/ctm/fancy_magenta_stained_glass_ctm	all	solo	minecraft:translucent	
fancy_mud_bricks_ctm	mud_bricks	ctm_cube_all_pieces		pieces_full	all=ott:block/mud_bricks/ctm/fancy_mud_bricks_ctm	all	solo		
fancy_mud_ctm	mud	ctm_cube_all_pieces		pieces_full	all=ott:block/mud/ctm/fancy_mud_ctm	all	solo		
fancy_orange_stained_glass_ctm	orange_stained_glass	ctm_cube_all_pieces	minecraft:translucent	pieces_full	all=ott:block/orange_stained_glass/ctm/fancy_orange_stained_glass_ctm	all	solo	minecraft:translucent	
fancy_packed_mud_ctm	packed_mud	ctm_cube_all_pieces		pieces_full	all=ott:block/packed_mud/ctm/fancy_packed_mud_ctm	all	solo		
fancy_pink_stained_glass_ctm	pink_stained_glass	ctm_cube_all_pieces	minecraft:translucent	pieces_full	all=ott:block/pink_stained_glass/ctm/fancy_pink_stained_glass_ctm	all	solo	minecraft:translucent	
fancy_purple_stained_glass_ctm	purple_stained_glass	ctm_cube_all_pieces	minecraft:translucent	pieces_full	all=ott:block/purple_stained_glass/ctm/fancy_purple_stained_glass_ctm	all	solo	minecraft:translucent	
fancy_red_stained_glass_ctm	red_stained_glass	ctm_cube_all_pieces	minecraft:translucent	pieces_full	all=ott:block/red_stained_glass/ctm/fancy_red_stained_glass_ctm	all	solo	minecraft:translucent	
fancy_white_stained_glass_ctm	white_stained_glass	ctm_cube_all_pieces	minecraft:translucent	pieces_full	all=ott:block/white_stained_glass/ctm/fancy_white_stained_glass_ctm	all	solo	minecraft:translucent	
fancy_yellow_stained_glass_ctm	yellow_stained_glass	ctm_cube_all_pieces	minecraft:translucent	pieces_full	all=ott:block/yellow_stained_glass/ctm/fancy_yellow_stained_glass_ctm	all	solo	minecraft:translucent	
fine_amethyst_block_ctm	amethyst_block	ctm_cube_all_pieces		pieces_full	all=ott:block/amethyst_block/ctm/fine_amethyst_block_ctm	all	solo		
fine_ancient_debris_ctm	ancient_debris	ctm_cube_all_pieces		pieces_full	all=ott:block/ancient_debris/ctm/fine_ancient_debris_ctm	all	solo		
fine_andesite_ctm	andesite	ctm_cube_all_pieces		pieces_full	all=ott:block/andesite/ctm/fine_andesite_ctm	all	solo		
fine_basalt_ctm	basalt	ctm_cube_all_pieces		pieces_full	all=ott:block/basalt/ctm/fine_basalt_ctm	all	solo		
fine_blackstone_ctm	blackstone	ctm_cube_all_pieces		pieces_full	all=ott:block/blackstone/ctm/fine_blackstone_ctm	all	solo		
fine_blue_ice_ctm	blue_ice	ctm_cube_all_pieces		pieces_full	all=ott:block/blue_ice/ctm/fine_blue_ice_ctm	all	solo		
fine_borderless_bricks_ctm	borderless_bricks	ctm_cube_all_pieces		pieces_full	all=ott:block/borderless_bricks/ctm/fine_borderless_bricks_ctm	all	solo		
fine_bricks_ctm	bricks	ctm_cube_all_pieces		pieces_full	all=ott:block/bricks/ctm/fine_bricks_ctm	all	solo		
fine_calcite_ctm	calcite	ctm_cube_all_pieces		pieces_full	all=ott:block/calcite/ctm/fine_calcite_ctm	all	solo		
fine_clay_ctm	clay	ctm_cube_all_pieces		pieces_full	all=ott:block/clay/ctm/fine_clay_ctm	all	solo		
fine_coal_block_ctm	coal_block	ctm_cube_all_pieces		pieces_full	all=ott:block/coal_block/ctm/fine_coal_block_ctm	all	solo		
fine_cobblestone_ctm	cobblestone	ctm_cube_all_pieces		pieces_full	all=ott:block/cobblestone/ctm/fine_cobblestone_ctm	all	solo		
fine_crying_obsidian_ctm	crying_obsidian	ctm_cube_all_pieces		pieces_full	all=ott:block/crying_obsidian/ctm/fine_crying_obsidian_ctm	all	solo		
fine_dark_prismarine_ctm	dark_prismarine	ctm_cube_all_pieces		pieces_full	all=ott:block/dark_prismarine/ctm/fine_dark_prismarine_ctm	all	solo		
fine_deepslate_ctm	deepslate	ctm_cube_all_pieces		pieces_full	all=ott:block/deepslate/ctm/fine_deepslate_ctm	all	solo		
fine_diorite_ctm	diorite	ctm_cube_all_pieces		pieces_full	all=ott:block/diorite/ctm/fine_diorite_ctm	all	solo		
fine_dirt_ctm	dirt	ctm_cube_all_pieces		pieces_full	all=ott:block/dirt/ctm/fine_dirt_ctm	all	solo		
fine_dripstone_block_ctm	dripstone_block	ctm_cube_all_pieces		pieces_full	all=ott:block/dripstone_block/ctm/fine_dripstone_block_ctm	all	solo		
fine_end_stone_ctm	end_stone	ctm_cube_all_pieces		pieces_full	all=ott:block/end_stone/ctm/fine_end_stone_ctm	all	solo		
fine_gilded_blackstone_ctm	gilded_blackstone	ctm_cube_all_pieces		pieces_full	all=ott:block/gilded_blackstone/ctm/fine_gilded_blackstone_ctm	all	solo		
fine_granite_ctm	granite	ctm_cube_all_pieces		pieces_full	all=ott:block/granite/ctm/fine_granite_ctm	all	solo		
fine_ice_ctm	ice	ctm_cube_all_pieces	minecraft:translucent	pieces_full	all=ott:block/ice/ctm/fine_ice_ctm	all	solo		
fine_lapis_block_ctm	lapis_block	ctm_cube_all_pieces		pieces_full	all=ott:block/lapis_block/ctm/fine_lapis_block_ctm	all	solo		
fine_lodestone_ctm	lodestone	ctm_cube_all_pieces		pieces_full	all=ott:block/lodestone/ctm/fine_lodestone_ctm	all	solo		
fine_magma_block_ctm	magma_block	ctm_cube_all_pieces		pieces_full	all=ott:block/magma_block/ctm/fine_magma_block_ctm	all	solo		
fine_mossy_cobblestone_ctm	mossy_cobblestone	ctm_cube_all_pieces		pieces_full	all=ott:block/mossy_cobblestone/ctm/fine_mossy_cobblestone_ctm	all	solo		
fine_mossy_stone_bricks_ctm	mossy_stone_bricks	ctm_cube_all_pieces		pieces_full	all=ott:block/mossy_stone_bricks/ctm/fine_mossy_stone_bricks_ctm	all	solo		
fine_mud_bricks_ctm	mud_bricks	ctm_cube_all_pieces		pieces_full	all=ott:block/mud_bricks/ctm/fine_mud_bricks_ctm	all	solo		
fine_mud_ctm	mud	ctm_cube_all_pieces		pieces_full	all=ott:block/mud/ctm/fine_mud_ctm	all	solo		
fine_nether_bricks_ctm	nether_bricks	ctm_cube_all_pieces		pieces_full	all=ott:block/nether_bricks/ctm/fine_nether_bricks_ctm	all	solo		
fine_netherrack_ctm	netherrack	ctm_cube_all_pieces		pieces_full	all=ott:block/netherrack/ctm/fine_netherrack_ctm	all	solo		
fine_obsidian_ctm	obsidian	ctm_cube_all_pieces		pieces_full	all=ott:block/obsidian/ctm/fine_obsidian_ctm	all	solo		
fine_packed_ice_ctm	packed_ice	ctm_cube_all_pieces		pieces_full	all=ott:block/packed_ice/ctm/fine_packed_ice_ctm	all	solo		
fine_packed_mud_ctm	packed_mud	ctm_cube_all_pieces		pieces_full	all=ott:block/packed_mud/ctm/fine_packed_mud_ctm	all	solo		
fine_prismarine_ctm	prismarine	ctm_cube_all_pieces		pieces_full	all=ott:block/prismarine/ctm/fine_prismarine_ctm	all	solo		
fine_purpur_block_ctm	purpur_block	ctm_cube_all_pieces		pieces_full	all=ott:block/purpur_block/ctm/fine_purpur_block_ctm	all	solo		
fine_quartz_block_ctm	quartz_block	ctm_cube_all_pieces		pieces_full	all=ott:block/quartz_block/ctm/fine_quartz_block_ctm	all	solo		
fine_raw_copper_block_ctm	raw_copper_block	ctm_cube_all_pieces		pieces_full	all=ott:block/raw_copper_block/ctm/fine_raw_copper_block_ctm	all	solo		
fine_raw_gold_block_ctm	raw_gold_block	ctm_cube_all_pieces		pieces_full	all=ott:block/raw_gold_block/ctm/fine_raw_gold_block_ctm	all	solo		
fine_raw_iron_block_ctm	raw_iron_block	ctm_cube_all_pieces		pieces_full	all=ott:block/raw_iron_block/ctm/fine_raw_iron_block_ctm	all	solo		
fine_red_nether_bricks_ctm	red_nether_bricks	ctm_cube_all_pieces		pieces_full	all=ott:block/red_nether_bricks/ctm/fine_red_nether_bricks_ctm	all	solo		
fine_red_sandstone_ctm	red_sandstone	ctm_cube_all_pieces		pieces_full	all=ott:block/red_sandstone/ctm/fine_red_sandstone_ctm	all	solo		
fine_redstone_block_ctm	redstone_block	ctm_cube_all_pieces		pieces_full	all=ott:block/redstone_block/ctm/fine_redstone_block_ctm	all	solo		
fine_sandstone_ctm	sandstone	ctm_cube_all_pieces		pieces_full	all=ott:block/sandstone/ctm/fine_sandstone_ctm	all	solo		
fine_smooth_stone_ctm	smooth_stone	ctm_cube_all_pieces		pieces_full	all=ott:block/smooth_stone/ctm/fine_smooth_stone_ctm	all	solo		
fine_snow_block_ctm	snow_block	ctm_cube_all_pieces		pieces_full	all=ott:block/snow_block/ctm/fine_snow_block_ctm	all	solo		
fine_tuff_ctm	tuff	ctm_cube_all_pieces		pieces_full	all=ott:block/tuff/ctm/fine_tuff_ctm	all	solo		
fire_mosaic_border	fire_mosaic	ctm_full_detailed			all=ott:block/fire_mosaic/fire_mosaic_border	*=same;match:ott:fire_mosaic_delicate	self		all=ott:block/fire_mosaic/fire_mosaic_border_static
fire_mosaic_delicate	fire_mosaic	ctm_full_detailed			all=ott:block/fire_mosaic/fire_mosaic_delicate	*=same;match:ott:fire_mosaic_border	self		all=ott:block/fire_mosaic/fire_mosaic_delicate_static
fire_mosaic_geometric	fire_mosaic	ctm_full_detailed_overlay	minecraft:cutout_mipped		all=ott:block/fire_mosaic/fire_mosaic_geometric|overlay=ott:block/fire_mosaic/fire_mosaic_pattern_overlay	all=same|overlay=match:ott:fire_mosaic_pattern	self		all=ott:block/fire_mosaic/fire_mosaic_geometric_static|overlay=ott:block/fire_mosaic/fire_mosaic_pattern_overlay_static
fire_mosaic_pattern	fire_mosaic	ctm_full_detailed			all=ott:block/fire_mosaic/fire_mosaic_pattern	*=same;match:ott:fire_mosaic_geometric	self		all=ott:block/fire_mosaic/fire_mosaic_pattern_static
acacia_planks_framed_ctm	acacia_planks	ctm_cube_all_pieces		pieces_full	all=ott:block/acacia_planks/ctm/acacia_planks_framed	all	solo		
bamboo_planks_framed_ctm	bamboo_planks	ctm_cube_all_pieces		pieces_full	all=ott:block/bamboo_planks/ctm/bamboo_planks_framed	all	solo		
birch_planks_framed_ctm	birch_planks	ctm_cube_all_pieces		pieces_full	all=ott:block/birch_planks/ctm/birch_planks_framed	all	solo		
cherry_planks_framed_ctm	cherry_planks	ctm_cube_all_pieces		pieces_full	all=ott:block/cherry_planks/ctm/cherry_planks_framed	all	solo		
crimson_planks_framed_ctm	crimson_planks	ctm_cube_all_pieces		pieces_full	all=ott:block/crimson_planks/ctm/crimson_planks_framed	all	solo		
dark_oak_planks_framed_ctm	dark_oak_planks	ctm_cube_all_pieces		pieces_full	all=ott:block/dark_oak_planks/ctm/dark_oak_planks_framed	all	solo		
glass_framed_ctm	glass	ctm_cube_all_pieces	minecraft:translucent	pieces_full	all=ott:block/glass/ctm/glass_framed	all	solo	minecraft:translucent	
jungle_planks_framed_ctm	jungle_planks	ctm_cube_all_pieces		pieces_full	all=ott:block/jungle_planks/ctm/jungle_planks_framed	all	solo		
mangrove_planks_framed_ctm	mangrove_planks	ctm_cube_all_pieces		pieces_full	all=ott:block/mangrove_planks/ctm/mangrove_planks_framed	all	solo		
oak_planks_framed_ctm	oak_planks	ctm_cube_all_pieces		pieces_full	all=ott:block/oak_planks/ctm/oak_planks_framed	all	solo		
spruce_planks_framed_ctm	spruce_planks	ctm_cube_all_pieces		pieces_full	all=ott:block/spruce_planks/ctm/spruce_planks_framed	all	solo		
warped_planks_framed_ctm	warped_planks	ctm_cube_all_pieces		pieces_full	all=ott:block/warped_planks/ctm/warped_planks_framed	all	solo		
glass_frosted_ctm	glass	ctm_cube_all_pieces	minecraft:translucent	pieces_full	all=ott:block/glass/ctm/glass_frosted	all	solo	minecraft:translucent	
glass_ctm	glass	ctm_cube_all_pieces	minecraft:translucent	pieces_full	all=ott:block/glass/ctm/glass	all	solo	minecraft:translucent	
glowstone_brick_pattern_ctm	glowstone	ctm_cube_all_pieces		pieces_full	all=ott:block/glowstone/ctm/glowstone_brick_pattern	all	solo		
glowstone_brick_paving_ctm	glowstone	ctm_cube_all_pieces		pieces_full	all=ott:block/glowstone/ctm/glowstone_brick_paving	all	solo		
glowstone_bricks_ctm	glowstone	ctm_cube_all_horizontal		pieces_horizontal	all=ott:block/glowstone/ctm/glowstone_bricks	all	self		
glowstone_crushed_ctm	glowstone	ctm_cube_all_pieces		pieces_full	all=ott:block/glowstone/ctm/glowstone_crushed	all	solo		
glowstone_large_tiles_ctm	glowstone	ctm_cube_all_pieces		pieces_full	all=ott:block/glowstone/ctm/glowstone_large_tiles	all	solo		
glowstone_rotated_bricks_ctm	glowstone	ctm_cube_all_pieces		pieces_full	all=ott:block/glowstone/ctm/glowstone_rotated_bricks	all	solo		
glowstone_small_tiles_ctm	glowstone	ctm_cube_all_pieces		pieces_full	all=ott:block/glowstone/ctm/glowstone_small_tiles	all	solo		
glowstone_smooth_ctm	glowstone	ctm_cube_all_pieces		pieces_full	all=ott:block/glowstone/ctm/glowstone_smooth	all	solo		
glowstone_tiles_ctm	glowstone	ctm_cube_all_pieces		pieces_full	all=ott:block/glowstone/ctm/glowstone_tiles	all	solo		
gold_block_beams_ctm	gold_block	ctm_cube_all_pieces		pieces_full	all=ott:block/gold_block/ctm/gold_block_beams	all	solo		
gold_block_bordered_ctm	gold_block	ctm_cube_all_pieces		pieces_full	all=ott:block/gold_block/ctm/gold_block_bordered	all	solo		
gold_block_ctm	gold_block	ctm_cube_all_pieces		pieces_full	all=ott:block/gold_block/ctm/gold_block	all	solo		
gold_block_lines_ctm	gold_block	ctm_cube_all_pieces		pieces_full	all=ott:block/gold_block/ctm/gold_block_lines	all	solo		
gold_block_pattern_ctm	gold_block	ctm_cube_all_pieces		pieces_full	all=ott:block/gold_block/ctm/gold_block_pattern	all	solo		
gold_block_polished_ctm	gold_block	ctm_cube_all_pieces		pieces_full	all=ott:block/gold_block/ctm/gold_block_polished	all	solo		
gold_block_scales_ctm	gold_block	ctm_cube_all_pieces		pieces_full	all=ott:block/gold_block/ctm/gold_block_scales	all	solo		
gold_block_small_bricks_ctm	gold_block	ctm_cube_all_horizontal		pieces_horizontal	all=ott:block/gold_block/ctm/gold_block_small_bricks	all	self		
gold_block_small_tiles_ctm	gold_block	ctm_cube_all_pieces		pieces_full	all=ott:block/gold_block/ctm/gold_block_small_tiles	all	solo		
gold_block_striped_ctm	gold_block	ctm_cube_all_pieces		pieces_full	all=ott:block/gold_block/ctm/gold_block_striped	all	solo		
gold_block_tiles_ctm	gold_block	ctm_cube_all_pieces		pieces_full	all=ott:block/gold_block/ctm/gold_block_tiles	all	solo		
golden_framed_black_stained_glass_ctm	golden_framed_glass	ctm_cube_all_pieces	minecraft:translucent	pieces_full	all=ott:block/golden_framed_glass/ctm/golden_framed_black_stained_glass	all	solo	minecraft:translucent	
golden_framed_blue_stained_glass_ctm	golden_framed_glass	ctm_cube_all_pieces	minecraft:translucent	pieces_full	all=ott:block/golden_framed_glass/ctm/golden_framed_blue_stained_glass	all	solo	minecraft:translucent	
golden_framed_brown_stained_glass_ctm	golden_framed_glass	ctm_cube_all_pieces	minecraft:translucent	pieces_full	all=ott:block/golden_framed_glass/ctm/golden_framed_brown_stained_glass	all	solo	minecraft:translucent	
golden_framed_cyan_stained_glass_ctm	golden_framed_glass	ctm_cube_all_pieces	minecraft:translucent	pieces_full	all=ott:block/golden_framed_glass/ctm/golden_framed_cyan_stained_glass	all	solo	minecraft:translucent	
golden_framed_gray_stained_glass_ctm	golden_framed_glass	ctm_cube_all_pieces	minecraft:translucent	pieces_full	all=ott:block/golden_framed_glass/ctm/golden_framed_gray_stained_glass	all	solo	minecraft:translucent	
golden_framed_green_stained_glass_ctm	golden_framed_glass	ctm_cube_all_pieces	minecraft:translucent	pieces_full	all=ott:block/golden_framed_glass/ctm/golden_framed_green_stained_glass	all	solo	minecraft:translucent	
golden_framed_light_blue_stained_glass_ctm	golden_framed_glass	ctm_cube_all_pieces	minecraft:translucent	pieces_full	all=ott:block/golden_framed_glass/ctm/golden_framed_light_blue	all	solo	minecraft:translucent	
golden_framed_light_gray_stained_glass_ctm	golden_framed_glass	ctm_cube_all_pieces	minecraft:translucent	pieces_full	all=ott:block/golden_framed_glass/ctm/golden_framed_light_gray_stained_glass	all	solo	minecraft:translucent	
golden_framed_lime_stained_glass_ctm	golden_framed_glass	ctm_cube_all_pieces	minecraft:translucent	pieces_full	all=ott:block/golden_framed_glass/ctm/golden_framed_lime_stained_glass	all	solo	minecraft:translucent	
golden_framed_magenta_stained_glass_ctm	golden_framed_glass	ctm_cube_all_pieces	minecraft:translucent	pieces_full	all=ott:block/golden_framed_glass/ctm/golden_framed_magenta_stained_glass	all	solo	minecraft:translucent	
golden_framed_orange_stained_glass_ctm	golden_framed_glass	ctm_cube_all_pieces	minecraft:translucent	pieces_full	all=ott:block/golden_framed_glass/ctm/golden_framed_orange_stained_glass	all	solo	minecraft:translucent	
golden_framed_pink_stained_glass_ctm	golden_framed_glass	ctm_cube_all_pieces	minecraft:translucent	pieces_full	all=ott:block/golden_framed_glass/ctm/golden_framed_pink_stained_glass	all	solo	minecraft:translucent	
golden_framed_purple_stained_glass_ctm	golden_framed_glass	ctm_cube_all_pieces	minecraft:translucent	pieces_full	all=ott:block/golden_framed_glass/ctm/golden_framed_purple_stained_glass	all	solo	minecraft:translucent	
golden_framed_red_stained_glass_ctm	golden_framed_glass	ctm_cube_all_pieces	minecraft:translucent	pieces_full	all=ott:block/golden_framed_glass/ctm/golden_framed_red_stained_glass	all	solo	minecraft:translucent	
golden_framed_stained_glass_ctm	golden_framed_glass	ctm_cube_all_pieces	minecraft:translucent	pieces_full	all=ott:block/golden_framed_glass/ctm/golden_framed_stained_glass	all	solo	minecraft:translucent	
golden_framed_white_stained_glass_ctm	golden_framed_glass	ctm_cube_all_pieces	minecraft:translucent	pieces_full	all=ott:block/golden_framed_glass/ctm/golden_framed_white_stained_glass	all	solo	minecraft:translucent	
golden_framed_yellow_stained_glass_ctm	golden_framed_glass	ctm_cube_all_pieces	minecraft:translucent	pieces_full	all=ott:block/golden_framed_glass/ctm/golden_framed_yellow_stained_glass	all	solo	minecraft:translucent	
granite_brick_pattern_ctm	granite	ctm_cube_all_pieces		pieces_full	all=ott:block/granite/ctm/granite_brick_pattern	all	solo		
granite_brick_paving_ctm	granite	ctm_cube_all_pieces		pieces_full	all=ott:block/granite/ctm/granite_brick_paving	all	solo		
granite_bricks_ctm	granite	ctm_cube_all_horizontal		pieces_horizontal	all=ott:block/granite/ctm/granite_bricks	all	self		
granite_cut_polished_ctm	granite	ctm_cube_all_pieces		pieces_full	all=ott:block/granite/ctm/granite_cut_polished	all	solo		
granite_cut_small_brick_ctm	granite	ctm_cube_all_pieces		pieces_full	all=ott:block/granite/ctm/granite_cut_small_brick	all	solo		
granite_diagonal_bricks_ctm	granite	ctm_cube_all_pieces		pieces_full	all=ott:block/granite/ctm/granite_diagonal_bricks	all	solo		
granite_dotted_ctm	granite	ctm_cube_all_pieces		pieces_full	all=ott:block/granite/ctm/granite_dotted	all	solo		
granite_paving_ctm	granite	ctm_cube_all_pieces		pieces_full	all=ott:block/granite/ctm/granite_paving	all	solo		
granite_polished_ctm	granite	ctm_cube_all_pieces		pieces_full	all=ott:block/granite/ctm/granite_polished	all	solo		
granite_prismarine_ctm	granite	ctm_cube_all_pieces		pieces_full	all=ott:block/granite/ctm/granite_prismarine	all	solo		
granite_rotated_bricks_ctm	granite	ctm_cube_all_pieces		pieces_full	all=ott:block/granite/ctm/granite_rotated_bricks	all	solo		
granite_squares_ctm	granite	ctm_cube_all_pieces		pieces_full	all=ott:block/granite/ctm/granite_squares	all	solo		
granite_tiles_ctm	granite	ctm_cube_all_pieces		pieces_full	all=ott:block/granite/ctm/granite_tiles	all	solo		
granite_wavy_ctm	granite	ctm_cube_all_pieces		pieces_full	all=ott:block/granite/ctm/granite_wavy	all	solo		
gray_concrete_ctm	gray_concrete	ctm_cube_all_horizontal		pieces_vertical	all=ott:block/gray_concrete/ctm/gray_concrete_ctm	all	self		
gray_concrete_panel_ctm	gray_concrete	ctm_cube_all_pieces		pieces_full	all=ott:block/gray_concrete/ctm/gray_concrete_panel	all	solo		
gray_framed_glass_ctm	gray_stained_glass	ctm_cube_all_pieces	minecraft:translucent	pieces_full	all=ott:block/gray_stained_glass/ctm/gray_framed_glass	all	solo	minecraft:translucent	
gray_stained_clear_glass_ctm	gray_stained_glass	ctm_cube_all_pieces	minecraft:translucent	pieces_full	all=ott:block/gray_stained_glass/ctm/gray_stained_clear_glass	all	solo	minecraft:translucent	
gray_stained_glass_ctm	gray_stained_glass	ctm_cube_all_pieces	minecraft:translucent	pieces_full	all=ott:block/gray_stained_glass/ctm/gray_stained_glass	all	solo	minecraft:translucent	
gray_terracotta_column_ctm	gray_terracotta	ctm_cube_all_horizontal		pieces_vertical	all=ott:block/gray_terracotta/ctm/gray_terracotta_column	all	self		
gray_terracotta_ctm	gray_terracotta	ctm_cube_all_horizontal		pieces_vertical	all=ott:block/gray_terracotta/ctm/gray_terracotta_ctm	all	self		
green_concrete_ctm	green_concrete	ctm_cube_all_horizontal		pieces_vertical	all=ott:block/green_concrete/ctm/green_concrete_ctm	all	self		
green_concrete_panel_ctm	green_concrete	ctm_cube_all_pieces		pieces_full	all=ott:block/green_concrete/ctm/green_concrete_panel	all	solo		
green_framed_glass_ctm	green_stained_glass	ctm_cube_all_pieces	minecraft:translucent	pieces_full	all=ott:block/green_stained_glass/ctm/green_framed_glass	all	solo	minecraft:translucent	
green_stained_clear_glass_ctm	green_stained_glass	ctm_cube_all_pieces	minecraft:translucent	pieces_full	all=ott:block/green_stained_glass/ctm/green_stained_clear_glass	all	solo	minecraft:translucent	
green_stained_glass_ctm	green_stained_glass	ctm_cube_all_pieces	minecraft:translucent	pieces_full	all=ott:block/green_stained_glass/ctm/green_stained_glass	all	solo	minecraft:translucent	
green_terracotta_column_ctm	green_terracotta	ctm_cube_all_horizontal		pieces_vertical	all=ott:block/green_terracotta/ctm/green_terracotta_column	all	self		
green_terracotta_ctm	green_terracotta	ctm_cube_all_horizontal		pieces_vertical	all=ott:block/green_terracotta/ctm/green_terracotta_ctm	all	self		
black_concrete_grill_ctm	black_concrete	ctm_cube_all_pieces		pieces_full	all=ott:block/black_concrete/ctm/black_concrete_grill	all	solo		
blue_concrete_grill_ctm	blue_concrete	ctm_cube_all_pieces		pieces_full	all=ott:block/blue_concrete/ctm/blue_concrete_grill	all	solo		
brown_concrete_grill_ctm	brown_concrete	ctm_cube_all_pieces		pieces_full	all=ott:block/brown_concrete/ctm/brown_concrete_grill	all	solo		
cyan_concrete_grill_ctm	cyan_concrete	ctm_cube_all_pieces		pieces_full	all=ott:block/cyan_concrete/ctm/cyan_concrete_grill	all	solo		
gray_concrete_grill_ctm	gray_concrete	ctm_cube_all_pieces		pieces_full	all=ott:block/gray_concrete/ctm/gray_concrete_grill	all	solo		
green_concrete_grill_ctm	green_concrete	ctm_cube_all_pieces		pieces_full	all=ott:block/green_concrete/ctm/green_concrete_grill	all	solo		
light_blue_concrete_grill_ctm	light_blue_concrete	ctm_cube_all_pieces		pieces_full	all=ott:block/light_blue_concrete/ctm/light_blue_concrete_grill	all	solo		
light_gray_concrete_grill_ctm	light_gray_concrete	ctm_cube_all_pieces		pieces_full	all=ott:block/light_gray_concrete/ctm/light_gray_concrete_grill	all	solo		
lime_concrete_grill_ctm	lime_concrete	ctm_cube_all_pieces		pieces_full	all=ott:block/lime_concrete/ctm/lime_concrete_grill	all	solo		
magenta_concrete_grill_ctm	magenta_concrete	ctm_cube_all_pieces		pieces_full	all=ott:block/magenta_concrete/ctm/magenta_concrete_grill	all	solo		
orange_concrete_grill_ctm	orange_concrete	ctm_cube_all_pieces		pieces_full	all=ott:block/orange_concrete/ctm/orange_concrete_grill	all	solo		
pink_concrete_grill_ctm	pink_concrete	ctm_cube_all_pieces		pieces_full	all=ott:block/pink_concrete/ctm/pink_concrete_grill	all	solo		
purple_concrete_grill_ctm	purple_concrete	ctm_cube_all_pieces		pieces_full	all=ott:block/purple_concrete/ctm/purple_concrete_grill	all	solo		
red_concrete_grill_ctm	red_concrete	ctm_cube_all_pieces		pieces_full	all=ott:block/red_concrete/ctm/red_concrete_grill	all	solo		
white_concrete_grill_ctm	white_concrete	ctm_cube_all_pieces		pieces_full	all=ott:block/white_concrete/ctm/white_concrete_grill	all	solo		
yellow_concrete_grill_ctm	yellow_concrete	ctm_cube_all_pieces		pieces_full	all=ott:block/yellow_concrete/ctm/yellow_concrete_grill	all	solo		
mud_bricks_hard_ctm	mud_bricks	ctm_cube_all_pieces		pieces_full	all=ott:block/mud_bricks/ctm/mud_bricks_hard	all	solo		
mud_hard_ctm	mud	ctm_cube_all_pieces		pieces_full	all=ott:block/mud/ctm/mud_hard	all	solo		
packed_mud_hard_ctm	packed_mud	ctm_cube_all_pieces		pieces_full	all=ott:block/packed_mud/ctm/packed_mud_hard	all	solo		
black_terracotta_hexagonical_ctm	black_terracotta	ctm_cube_all_pieces		pieces_full	all=ott:block/black_terracotta/ctm/black_terracotta_hexagonical	all	solo		
blue_terracotta_hexagonical_ctm	blue_terracotta	ctm_cube_all_pieces		pieces_full	all=ott:block/blue_terracotta/ctm/blue_terracotta_hexagonical	all	solo		
brown_terracotta_hexagonical_ctm	brown_terracotta	ctm_cube_all_pieces		pieces_full	all=ott:block/brown_terracotta/ctm/brown_terracotta_hexagonical	all	solo		
cyan_terracotta_hexagonical_ctm	cyan_terracotta	ctm_cube_all_pieces		pieces_full	all=ott:block/cyan_terracotta/ctm/cyan_terracotta_hexagonical	all	solo		
gray_terracotta_hexagonical_ctm	gray_terracotta	ctm_cube_all_pieces		pieces_full	all=ott:block/gray_terracotta/ctm/gray_terracotta_hexagonical	all	solo		
green_terracotta_hexagonical_ctm	green_terracotta	ctm_cube_all_pieces		pieces_full	all=ott:block/green_terracotta/ctm/green_terracotta_hexagonical	all	solo		
light_blue_terracotta_hexagonical_ctm	light_blue_terracotta	ctm_cube_all_pieces		pieces_full	all=ott:block/light_blue_terracotta/ctm/light_blue_terracotta_hexagonical	all	solo		
light_gray_terracotta_hexagonical_ctm	light_gray_terracotta	ctm_cube_all_pieces		pieces_full	all=ott:block/light_gray_terracotta/ctm/light_gray_terracotta_hexagonical	all	solo		
lime_terracotta_hexagonical_ctm	lime_terracotta	ctm_cube_all_pieces		pieces_full	all=ott:block/lime_terracotta/ctm/lime_terracotta_hexagonical	all	solo		
magenta_terracotta_hexagonical_ctm	magenta_terracotta	ctm_cube_all_pieces		pieces_full	all=ott:block/magenta_terracotta/ctm/magenta_terracotta_hexagonical	all	solo		
orange_terracotta_hexagonical_ctm	orange_terracotta	ctm_cube_all_pieces		pieces_full	all=ott:block/orange_terracotta/ctm/orange_terracotta_hexagonical	all	solo		
pink_terracotta_hexagonical_ctm	pink_terracotta	ctm_cube_all_pieces		pieces_full	all=ott:block/pink_terracotta/ctm/pink_terracotta_hexagonical	all	solo		
purple_terracotta_hexagonical_ctm	purple_terracotta	ctm_cube_all_pieces		pieces_full	all=ott:block/purple_terracotta/ctm/purple_terracotta_hexagonical	all	solo		
red_terracotta_hexagonical_ctm	red_terracotta	ctm_cube_all_pieces		pieces_full	all=ott:block/red_terracotta/ctm/red_terracotta_hexagonical	all	solo		
terracotta_hexagonical_ctm	terracotta	ctm_cube_all_pieces		pieces_full	all=ott:block/terracotta/ctm/terracotta_hexagonical	all	solo		
white_terracotta_hexagonical_ctm	white_terracotta	ctm_cube_all_pieces		pieces_full	all=ott:block/white_terracotta/ctm/white_terracotta_hexagonical	all	solo		
yellow_terracotta_hexagonical_ctm	yellow_terracotta	ctm_cube_all_pieces		pieces_full	all=ott:block/yellow_terracotta/ctm/yellow_terracotta_hexagonical	all	solo		
ice_glass_ctm	ice	ctm_cube_all_pieces	minecraft:translucent	pieces_full	all=ott:block/ice/ctm/ice_glass	all	solo	minecraft:translucent	
iron_block_bordered_ctm	iron_block	ctm_cube_all_pieces		pieces_full	all=ott:block/iron_block/ctm/iron_block_bordered	all	solo		
iron_block_chiseled_ctm	iron_block	ctm_cube_all_pieces		pieces_full	all=ott:block/iron_block/ctm/iron_block_chiseled	all	solo		
iron_block_connecting_ctm	iron_block	ctm_cube_all_pieces		pieces_full	all=ott:block/iron_block/ctm/iron_block_connecting	all	solo		
iron_block_ctm	iron_block	ctm_cube_all_pieces		pieces_full	all=ott:block/iron_block/ctm/iron_block	all	solo		
iron_block_framed_ctm	iron_block	ctm_cube_all_pieces		pieces_full	all=ott:block/iron_block/ctm/iron_block_framed	all	solo		
iron_block_gears_ctm	iron_block	ctm_cube_all_pieces		pieces_full	all=ott:block/iron_block/ctm/iron_block_gears	all	solo		
iron_block_lines_ctm	iron_block	ctm_cube_all_pieces		pieces_full	all=ott:block/iron_block/ctm/iron_block_lines	all	solo		
iron_block_patterned_ctm	iron_block	ctm_cube_all_pieces		pieces_full	all=ott:block/iron_block/ctm/iron_block_patterned	all	solo		
iron_block_pipes_ctm	iron_block	ctm_cube_all_pieces		pieces_full	all=ott:block/iron_block/ctm/iron_block_pipes	all	solo		
iron_block_polished_ctm	iron_block	ctm_cube_all_pieces		pieces_full	all=ott:block/iron_block/ctm/iron_block_polished	all	solo		
iron_block_processed_ctm	iron_block	ctm_cube_all_pieces		pieces_full	all=ott:block/iron_block/ctm/iron_block_processed	all	solo		
iron_block_small_bricks_ctm	iron_block	ctm_cube_all_horizontal		pieces_horizontal	all=ott:block/iron_block/ctm/iron_block_small_bricks	all	self		
jungle_planks_beams_ctm	jungle_planks	ctm_cube_all_pieces		pieces_full	all=ott:block/jungle_planks/ctm/jungle_planks_beams	all	solo		
jungle_planks_brick_pattern_ctm	jungle_planks	ctm_cube_all_pieces		pieces_full	all=ott:block/jungle_planks/ctm/jungle_planks_brick_pattern	all	solo		
jungle_planks_brick_paving_ctm	jungle_planks	ctm_cube_all_pieces		pieces_full	all=ott:block/jungle_planks/ctm/jungle_planks_brick_paving	all	solo		
jungle_planks_bricks_ctm	jungle_planks	ctm_cube_all_horizontal		pieces_horizontal	all=ott:block/jungle_planks/ctm/jungle_planks_bricks	all	self		
jungle_planks_crate_ctm	jungle_planks	ctm_cube_all_pieces		pieces_full	all=ott:block/jungle_planks/ctm/jungle_planks_crate	all	solo		
jungle_planks_diagonal_stripes_ctm	jungle_planks	ctm_cube_all_pieces		pieces_full	all=ott:block/jungle_planks/ctm/jungle_planks_diagonal_stripes	all	solo		
jungle_planks_diagonal_tiles_ctm	jungle_planks	ctm_cube_all_pieces		pieces_full	all=ott:block/jungle_planks/ctm/jungle_planks_diagonal_tiles	all	solo		
jungle_planks_dotted_ctm	jungle_planks	ctm_cube_all_pieces		pieces_full	all=ott:block/jungle_planks/ctm/jungle_planks_dotted	all	solo		
jungle_planks_flooring_ctm	jungle_planks	ctm_cube_all_pieces		pieces_full	all=ott:block/jungle_planks/ctm/jungle_planks_flooring	all	solo		
jungle_planks_large_tiles_ctm	jungle_planks	ctm_cube_all_pieces		pieces_full	all=ott:block/jungle_planks/ctm/jungle_planks_large_tiles	all	solo		
jungle_planks_panel_ctm	jungle_planks	ctm_cube_all_pieces		pieces_full	all=ott:block/jungle_planks/ctm/jungle_planks_panel	all	solo		
jungle_planks_pattern_ctm	jungle_planks	ctm_cube_all_pieces		pieces_full	all=ott:block/jungle_planks/ctm/jungle_planks_pattern	all	solo		
jungle_planks_rotated_bricks_ctm	jungle_planks	ctm_cube_all_pieces		pieces_full	all=ott:block/jungle_planks/ctm/jungle_planks_rotated_bricks	all	solo		
jungle_planks_small_bricks_ctm	jungle_planks	ctm_cube_all_pieces		pieces_full	all=ott:block/jungle_planks/ctm/jungle_planks_small_bricks	all	solo		
jungle_planks_small_tiles_ctm	jungle_planks	ctm_cube_all_pieces		pieces_full	all=ott:block/jungle_planks/ctm/jungle_planks_small_tiles	all	solo		
jungle_planks_squares_ctm	jungle_planks	ctm_cube_all_pieces		pieces_full	all=ott:block/jungle_planks/ctm/jungle_planks_squares	all	solo		
jungle_planks_tiles_ctm	jungle_planks	ctm_cube_all_pieces		pieces_full	all=ott:block/jungle_planks/ctm/jungle_planks_tiles	all	solo		
jungle_planks_wavy_ctm	jungle_planks	ctm_cube_all_pieces		pieces_full	all=ott:block/jungle_planks/ctm/jungle_planks_wavy	all	solo		
jungle_planks_woven_ctm	jungle_planks	ctm_cube_all_pieces		pieces_full	all=ott:block/jungle_planks/ctm/jungle_planks_woven	all	solo		
jungle_window_bars_ctm	jungle_planks	ctm_cube_column_pieces_vertical	minecraft:cutout_mipped	pieces_vertical	side=ott:block/jungle_windows/ctm/jungle_window_bars|top=minecraft:block/jungle_planks	side	self		
jungle_window_covered_ctm	jungle_planks	ctm_cube_column_pieces_vertical	minecraft:cutout_mipped	pieces_vertical	side=ott:block/jungle_windows/ctm/jungle_window_covered|top=minecraft:block/jungle_planks	side	self		
jungle_window_diagonal_ctm	jungle_planks	ctm_cube_column_pieces_vertical	minecraft:cutout_mipped	pieces_vertical	side=ott:block/jungle_windows/ctm/jungle_window_diagonal|top=minecraft:block/jungle_planks	side	self		
jungle_window_large_ctm	jungle_planks	ctm_cube_column_pieces_vertical	minecraft:cutout_mipped	pieces_vertical	side=ott:block/jungle_windows/ctm/jungle_window_large|top=minecraft:block/jungle_planks	side	self		
jungle_window_panes_ctm	jungle_planks	ctm_cube_column_pieces_vertical	minecraft:cutout_mipped	pieces_vertical	side=ott:block/jungle_windows/ctm/jungle_window_panes|top=minecraft:block/jungle_planks	side	self		
jungle_window_rounded_ctm	jungle_planks	ctm_cube_column_pieces_vertical	minecraft:cutout_mipped	pieces_vertical	side=ott:block/jungle_windows/ctm/jungle_window_rounded|top=minecraft:block/jungle_planks	side	self		
jungle_window_slim_ctm	jungle_planks	ctm_cube_column_pieces_vertical	minecraft:cutout_mipped	pieces_vertical	side=ott:block/jungle_windows/ctm/jungle_window_slim|top=minecraft:block/jungle_planks	side	self		
jungle_window_swirling_ctm	jungle_planks	ctm_cube_column_pieces_vertical	minecraft:cutout_mipped	pieces_vertical	side=ott:block/jungle_windows/ctm/jungle_window_swirling|top=minecraft:block/jungle_planks	side	self		
jungle_window_tiles_ctm	jungle_planks	ctm_cube_column_pieces_planks_top	minecraft:cutout_mipped		side=ott:block/jungle_windows/ctm/jungle_window_tiles|up=minecraft:block/jungle_planks	side:pieces_full	static	minecraft:cutout_mipped	
lapis_block_bordered_ctm	lapis_block	ctm_cube_all_pieces		pieces_full	all=ott:block/lapis_block/ctm/lapis_block_bordered	all	solo		
lapis_block_connecting_ctm	lapis_block	ctm_cube_all_pieces		pieces_full	all=ott:block/lapis_block/ctm/lapis_block_connecting	all	solo		
lapis_block_ctm	lapis_block	ctm_cube_all_pieces		pieces_full	all=ott:block/lapis_block/ctm/lapis_block	all	solo		
lapis_block_decorated_ctm	lapis_block	ctm_cube_all_pieces		pieces_full	all=ott:block/lapis_block/ctm/lapis_block_decorated	all	solo		
lapis_block_glossy_ctm	lapis_block	ctm_cube_all_pieces		pieces_full	all=ott:block/lapis_block/ctm/lapis_block_glossy	all	solo		
lapis_block_inverted_tiles_ctm	lapis_block	ctm_cube_all_pieces		pieces_full	all=ott:block/lapis_block/ctm/lapis_block_inverted_tiles	all	solo		
lapis_block_mosaic_ctm	lapis_block	ctm_cube_all_pieces		pieces_full	all=ott:block/lapis_block/ctm/lapis_block_mosaic	all	solo		
lapis_block_pattern_ctm	lapis_block	ctm_cube_all_pieces		pieces_full	all=ott:block/lapis_block/ctm/lapis_block_pattern	all	solo		
lapis_block_scales_ctm	lapis_block	ctm_cube_all_pieces		pieces_full	all=ott:block/lapis_block/ctm/lapis_block_scales	all	solo		
lapis_block_small_tiles_ctm	lapis_block	ctm_cube_all_pieces		pieces_full	all=ott:block/lapis_block/ctm/lapis_block_small_tiles	all	solo		
lapis_block_stripes_ctm	lapis_block	ctm_cube_all_pieces		pieces_full	all=ott:block/lapis_block/ctm/lapis_block_stripes	all	solo		
lapis_block_tiles_ctm	lapis_block	ctm_cube_all_pieces		pieces_full	all=ott:block/lapis_block/ctm/lapis_block_tiles	all	solo		
light_blue_concrete_ctm	light_blue_concrete	ctm_cube_all_horizontal		pieces_vertical	all=ott:block/light_blue_concrete/ctm/light_blue_concrete_ctm	all	self		
light_blue_concrete_panel_ctm	light_blue_concrete	ctm_cube_all_pieces		pieces_full	all=ott:block/light_blue_concrete/ctm/light_blue_concrete_panel	all	solo		
light_blue_framed_glass_ctm	light_blue_stained_glass	ctm_cube_all_pieces	minecraft:translucent	pieces_full	all=ott:block/light_blue_stained_glass/ctm/light_blue_framed_glass	all	solo	minecraft:translucent	
light_blue_stained_clear_glass_ctm	light_blue_stained_glass	ctm_cube_all_pieces	minecraft:translucent	pieces_full	all=ott:block/light_blue_stained_glass/ctm/light_blue_stained_clear_glass	all	solo	minecraft:translucent	
light_blue_stained_glass_ctm	light_blue_stained_glass	ctm_cube_all_pieces	minecraft:translucent	pieces_full	all=ott:block/light_blue_stained_glass/ctm/light_blue_stained_glass	all	solo	minecraft:translucent	
light_blue_terracotta_column_ctm	light_blue_terracotta	ctm_cube_all_horizontal		pieces_vertical	all=ott:block/light_blue_terracotta/ctm/light_blue_terracotta_column	all	self		
light_blue_terracotta_ctm	light_blue_terracotta	ctm_cube_all_horizontal		pieces_vertical	all=ott:block/light_blue_terracotta/ctm/light_blue_terracotta_ctm	all	self		
light_gray_concrete_ctm	light_gray_concrete	ctm_cube_all_horizontal		pieces_vertical	all=ott:block/light_gray_concrete/ctm/light_gray_concrete_ctm	all	self		
light_gray_concrete_panel_ctm	light_gray_concrete	ctm_cube_all_pieces		pieces_full	all=ott:block/light_gray_concrete/ctm/light_gray_concrete_panel	all	solo		
light_gray_framed_glass_ctm	light_gray_stained_glass	ctm_cube_all_pieces	minecraft:translucent	pieces_full	all=ott:block/light_gray_stained_glass/ctm/light_gray_framed_glass	all	solo	minecraft:translucent	
light_gray_stained_clear_glass_ctm	light_gray_stained_glass	ctm_cube_all_pieces	minecraft:translucent	pieces_full	all=ott:block/light_gray_stained_glass/ctm/light_gray_stained_clear_glass	all	solo	minecraft:translucent	
light_gray_stained_glass_ctm	light_gray_stained_glass	ctm_cube_all_pieces	minecraft:translucent	pieces_full	all=ott:block/light_gray_stained_glass/ctm/light_gray_stained_glass	all	solo	minecraft:translucent	
light_gray_terracotta_column_ctm	light_gray_terracotta	ctm_cube_all_horizontal		pieces_vertical	all=ott:block/light_gray_terracotta/ctm/light_gray_terracotta_column	all	self		
light_gray_terracotta_ctm	light_gray_terracotta	ctm_cube_all_horizontal		pieces_vertical	all=ott:block/light_gray_terracotta/ctm/light_gray_terracotta_ctm	all	self		
lime_concrete_ctm	lime_concrete	ctm_cube_all_horizontal		pieces_vertical	all=ott:block/lime_concrete/ctm/lime_concrete_ctm	all	self		
lime_concrete_panel_ctm	lime_concrete	ctm_cube_all_pieces		pieces_full	all=ott:block/lime_concrete/ctm/lime_concrete_panel	all	solo		
lime_framed_glass_ctm	lime_stained_glass	ctm_cube_all_pieces	minecraft:translucent	pieces_full	all=ott:block/lime_stained_glass/ctm/lime_framed_glass	all	solo	minecraft:translucent	
lime_stained_clear_glass_ctm	lime_stained_glass	ctm_cube_all_pieces	minecraft:translucent	pieces_full	all=ott:block/lime_stained_glass/ctm/lime_stained_clear_glass	all	solo	minecraft:translucent	
lime_stained_glass_ctm	lime_stained_glass	ctm_cube_all_pieces	minecraft:translucent	pieces_full	all=ott:block/lime_stained_glass/ctm/lime_stained_glass	all	solo	minecraft:translucent	
lime_terracotta_column_ctm	lime_terracotta	ctm_cube_all_horizontal		pieces_vertical	all=ott:block/lime_terracotta/ctm/lime_terracotta_column	all	self		
lime_terracotta_ctm	lime_terracotta	ctm_cube_all_horizontal		pieces_vertical	all=ott:block/lime_terracotta/ctm/lime_terracotta_ctm	all	self		
limestone_cut_polished_ctm	limestone	ctm_cube_all_pieces		pieces_full	all=ott:block/limestone/ctm/limestone_cut_polished	all	solo		
limestone_cut_small_brick_ctm	limestone	ctm_cube_all_pieces		pieces_full	all=ott:block/limestone/ctm/limestone_cut_small_brick	all	solo		
limestone_masonry	limestone	ctm_full_detailed			all=ott:block/limestone_masonry/limestone_masonry_ctm	*=same	self		all=ott:block/limestone_masonry/limestone_masonry
magenta_concrete_ctm	magenta_concrete	ctm_cube_all_horizontal		pieces_vertical	all=ott:block/magenta_concrete/ctm/magenta_concrete_ctm	all	self		
magenta_concrete_panel_ctm	magenta_concrete	ctm_cube_all_pieces		pieces_full	all=ott:block/magenta_concrete/ctm/magenta_concrete_panel	all	solo		
magenta_framed_glass_ctm	magenta_stained_glass	ctm_cube_all_pieces	minecraft:translucent	pieces_full	all=ott:block/magenta_stained_glass/ctm/magenta_framed_glass	all	solo	minecraft:translucent	
magenta_stained_clear_glass_ctm	magenta_stained_glass	ctm_cube_all_pieces	minecraft:translucent	pieces_full	all=ott:block/magenta_stained_glass/ctm/magenta_stained_clear_glass	all	solo	minecraft:translucent	
magenta_stained_glass_ctm	magenta_stained_glass	ctm_cube_all_pieces	minecraft:translucent	pieces_full	all=ott:block/magenta_stained_glass/ctm/magenta_stained_glass	all	solo	minecraft:translucent	
magenta_terracotta_column_ctm	magenta_terracotta	ctm_cube_all_horizontal		pieces_vertical	all=ott:block/magenta_terracotta/ctm/magenta_terracotta_column	all	self		
magenta_terracotta_ctm	magenta_terracotta	ctm_cube_all_horizontal		pieces_vertical	all=ott:block/magenta_terracotta/ctm/magenta_terracotta_ctm	all	self		
mangrove_planks_beams_ctm	mangrove_planks	ctm_cube_all_pieces		pieces_full	all=ott:block/mangrove_planks/ctm/mangrove_planks_beams	all	solo		
mangrove_planks_brick_pattern_ctm	mangrove_planks	ctm_cube_all_pieces		pieces_full	all=ott:block/mangrove_planks/ctm/mangrove_planks_brick_pattern	all	solo		
mangrove_planks_brick_paving_ctm	mangrove_planks	ctm_cube_all_pieces		pieces_full	all=ott:block/mangrove_planks/ctm/mangrove_planks_brick_paving	all	solo		
mangrove_planks_bricks_ctm	mangrove_planks	ctm_cube_all_horizontal		pieces_horizontal	all=ott:block/mangrove_planks/ctm/mangrove_planks_bricks	all	self		
mangrove_planks_crate_ctm	mangrove_planks	ctm_cube_all_pieces		pieces_full	all=ott:block/mangrove_planks/ctm/mangrove_planks_crate	all	solo		
mangrove_planks_diagonal_stripes_ctm	mangrove_planks	ctm_cube_all_pieces		pieces_full	all=ott:block/mangrove_planks/ctm/mangrove_planks_diagonal_stripes	all	solo		
mangrove_planks_diagonal_tiles_ctm	mangrove_planks	ctm_cube_all_pieces		pieces_full	all=ott:block/mangrove_planks/ctm/mangrove_planks_diagonal_tiles	all	solo		
mangrove_planks_dotted_ctm	mangrove_planks	ctm_cube_all_pieces		pieces_full	all=ott:block/mangrove_planks/ctm/mangrove_planks_dotted	all	solo		
mangrove_planks_flooring_ctm	mangrove_planks	ctm_cube_all_pieces		pieces_full	all=ott:block/mangrove_planks/ctm/mangrove_planks_flooring	all	solo		
mangrove_planks_large_tiles_ctm	mangrove_planks	ctm_cube_all_pieces		pieces_full	all=ott:block/mangrove_planks/ctm/mangrove_planks_large_tiles	all	solo		
mangrove_planks_panel_ctm	mangrove_planks	ctm_cube_all_pieces		pieces_full	all=ott:block/mangrove_planks/ctm/mangrove_planks_panel	all	solo		
mangrove_planks_pattern_ctm	mangrove_planks	ctm_cube_all_pieces		pieces_full	all=ott:block/mangrove_planks/ctm/mangrove_planks_pattern	all	solo		
mangrove_planks_rotated_bricks_ctm	mangrove_planks	ctm_cube_all_pieces		pieces_full	all=ott:block/mangrove_planks/ctm/mangrove_planks_rotated_bricks	all	solo		
mangrove_planks_small_bricks_ctm	mangrove_planks	ctm_cube_all_pieces		pieces_full	all=ott:block/mangrove_planks/ctm/mangrove_planks_small_bricks	all	solo		
mangrove_planks_small_tiles_ctm	mangrove_planks	ctm_cube_all_pieces		pieces_full	all=ott:block/mangrove_planks/ctm/mangrove_planks_small_tiles	all	solo		
mangrove_planks_squares_ctm	mangrove_planks	ctm_cube_all_pieces		pieces_full	all=ott:block/mangrove_planks/ctm/mangrove_planks_squares	all	solo		
mangrove_planks_tiles_ctm	mangrove_planks	ctm_cube_all_pieces		pieces_full	all=ott:block/mangrove_planks/ctm/mangrove_planks_tiles	all	solo		
mangrove_planks_wavy_ctm	mangrove_planks	ctm_cube_all_pieces		pieces_full	all=ott:block/mangrove_planks/ctm/mangrove_planks_wavy	all	solo		
mangrove_planks_woven_ctm	mangrove_planks	ctm_cube_all_pieces		pieces_full	all=ott:block/mangrove_planks/ctm/mangrove_planks_woven	all	solo		
mangrove_window_bars_ctm	mangrove_planks	ctm_cube_column_pieces_vertical	minecraft:cutout_mipped	pieces_vertical	side=ott:block/mangrove_windows/ctm/mangrove_window_bars|top=minecraft:block/mangrove_planks	side	self		
mangrove_window_covered_ctm	mangrove_planks	ctm_cube_column_pieces_vertical	minecraft:cutout_mipped	pieces_vertical	side=ott:block/mangrove_windows/ctm/mangrove_window_covered|top=minecraft:block/mangrove_planks	side	self		
mangrove_window_diagonal_ctm	mangrove_planks	ctm_cube_column_pieces_vertical	minecraft:cutout_mipped	pieces_vertical	side=ott:block/mangrove_windows/ctm/mangrove_window_diagonal|top=minecraft:block/mangrove_planks	side	self		
mangrove_window_large_ctm	mangrove_planks	ctm_cube_column_pieces_vertical	minecraft:cutout_mipped	pieces_vertical	side=ott:block/mangrove_windows/ctm/mangrove_window_large|top=minecraft:block/mangrove_planks	side	self		
mangrove_window_panes_ctm	mangrove_planks	ctm_cube_column_pieces_vertical	minecraft:cutout_mipped	pieces_vertical	side=ott:block/mangrove_windows/ctm/mangrove_window_panes|top=minecraft:block/mangrove_planks	side	self		
mangrove_window_rounded_ctm	mangrove_planks	ctm_cube_column_pieces_vertical	minecraft:cutout_mipped	pieces_vertical	side=ott:block/mangrove_windows/ctm/mangrove_window_rounded|top=minecraft:block/mangrove_planks	side	self		
mangrove_window_slim_ctm	mangrove_planks	ctm_cube_column_pieces_vertical	minecraft:cutout_mipped	pieces_vertical	side=ott:block/mangrove_windows/ctm/mangrove_window_slim|top=minecraft:block/mangrove_planks	side	self		
mangrove_window_swirling_ctm	mangrove_planks	ctm_cube_column_pieces_vertical	minecraft:cutout_mipped	pieces_vertical	side=ott:block/mangrove_windows/ctm/mangrove_window_swirling|top=minecraft:block/mangrove_planks	side	self		
mangrove_window_tiles_ctm	mangrove_planks	ctm_cube_column_pieces_planks_top	minecraft:cutout_mipped		side=ott:block/mangrove_windows/ctm/mangrove_window_tiles|up=minecraft:block/mangrove_planks	side:pieces_full	static	minecraft:cutout_mipped	
mosaic_floor	mosaic_floor	ctm_full_detailed			all=ott:block/mosaic_floor/mosaic_floor	*=same;match:ott:mosaic_floor_delicate	self		all=ott:block/mosaic_floor/mosaic_floor_static
mosaic_floor_delicate	mosaic_floor	ctm_full_detailed			all=ott:block/mosaic_floor/mosaic_floor_delicate	*=same;match:ott:mosaic_floor	self		all=ott:block/mosaic_floor/mosaic_floor_delicate_static
mossy_cobblestone_beams_ctm	mossy_cobblestone	ctm_cube_all_pieces		pieces_full	all=ott:block/mossy_cobblestone/ctm/mossy_cobblestone_beams	all	solo		
mossy_cobblestone_dented_ctm	mossy_cobblestone	ctm_cube_all_pieces		pieces_full	all=ott:block/mossy_cobblestone/ctm/mossy_cobblestone_dented	all	solo		
mossy_cobblestone_inverted_dented_ctm	mossy_cobblestone	ctm_cube_all_pieces		pieces_full	all=ott:block/mossy_cobblestone/ctm/mossy_cobblestone_inverted_dented	all	solo		
mossy_cobblestone_paving_ctm	mossy_cobblestone	ctm_cube_all_pieces		pieces_full	all=ott:block/mossy_cobblestone/ctm/mossy_cobblestone_paving	all	solo		
mossy_cobblestone_small_tiles_ctm	mossy_cobblestone	ctm_cube_all_pieces		pieces_full	all=ott:block/mossy_cobblestone/ctm/mossy_cobblestone_small_tiles	all	solo		
mossy_cobblestone_squares_ctm	mossy_cobblestone	ctm_cube_all_pieces		pieces_full	all=ott:block/mossy_cobblestone/ctm/mossy_cobblestone_squares	all	solo		
mossy_cobblestone_stripes_ctm	mossy_cobblestone	ctm_cube_all_pieces		pieces_full	all=ott:block/mossy_cobblestone/ctm/mossy_cobblestone_stripes	all	solo		
mossy_cobblestone_worn_stripes_ctm	mossy_cobblestone	ctm_cube_all_pieces		pieces_full	all=ott:block/mossy_cobblestone/ctm/mossy_cobblestone_worn_stripes	all	solo		
name	material	template	render	layout	textures	connections	item	item_render	
acacia_planks_natural_ctm	acacia_planks	ctm_cube_all_pieces		pieces_full	all=ott:block/acacia_planks/ctm/acacia_planks_natural	all	solo		
bamboo_planks_natural_ctm	bamboo_planks	ctm_cube_all_pieces		pieces_full	all=ott:block/bamboo_planks/ctm/bamboo_planks_natural	all	solo		
birch_planks_natural_ctm	birch_planks	ctm_cube_all_pieces		pieces_full	all=ott:block/birch_planks/ctm/birch_planks_natural	all	solo		
cherry_planks_natural_ctm	cherry_planks	ctm_cube_all_pieces		pieces_full	all=ott:block/cherry_planks/ctm/cherry_planks_natural	all	solo		
crimson_planks_natural_ctm	crimson_planks	ctm_cube_all_pieces		pieces_full	all=ott:block/crimson_planks/ctm/crimson_planks_natural	all	solo		
dark_oak_planks_natural_ctm	dark_oak_planks	ctm_cube_all_pieces		pieces_full	all=ott:block/dark_oak_planks/ctm/dark_oak_planks_natural	all	solo		
jungle_planks_natural_ctm	jungle_planks	ctm_cube_all_pieces		pieces_full	all=ott:block/jungle_planks/ctm/jungle_planks_natural	all	solo		
mangrove_planks_natural_ctm	mangrove_planks	ctm_cube_all_pieces		pieces_full	all=ott:block/mangrove_planks/ctm/mangrove_planks_natural	all	solo		
oak_planks_natural_ctm	oak_planks	ctm_cube_all_pieces		pieces_full	all=ott:block/oak_planks/ctm/oak_planks_natural	all	solo		
spruce_planks_natural_ctm	spruce_planks	ctm_cube_all_pieces		pieces_full	all=ott:block/spruce_planks/ctm/spruce_planks_natural	all	solo		
warped_planks_natural_ctm	warped_planks	ctm_cube_all_pieces		pieces_full	all=ott:block/warped_planks/ctm/warped_planks_natural	all	solo		
nether_bricks_beams_ctm	nether_bricks	ctm_cube_all_pieces		pieces_full	all=ott:block/nether_bricks/ctm/nether_bricks_beams	all	solo		
nether_bricks_brick_pattern_ctm	nether_bricks	ctm_cube_all_pieces		pieces_full	all=ott:block/nether_bricks/ctm/nether_bricks_brick_pattern	all	solo		
nether_bricks_brick_paving_ctm	nether_bricks	ctm_cube_all_pieces		pieces_full	all=ott:block/nether_bricks/ctm/nether_bricks_brick_paving	all	solo		
nether_bricks_chiseled_squares_ctm	nether_bricks	ctm_cube_all_pieces		pieces_full	all=ott:block/nether_bricks/ctm/nether_bricks_chiseled_squares	all	solo		
nether_bricks_diagonal_bricks_ctm	nether_bricks	ctm_cube_all_pieces		pieces_full	all=ott:block/nether_bricks/ctm/nether_bricks_diagonal_bricks	all	solo		
nether_bricks_large_bricks_ctm	nether_bricks	ctm_cube_all_pieces		pieces_full	all=ott:block/nether_bricks/ctm/nether_bricks_large_bricks	all	solo		
nether_bricks_large_tiles_ctm	nether_bricks	ctm_cube_all_pieces		pieces_full	all=ott:block/nether_bricks/ctm/nether_bricks_large_tiles	all	solo		
nether_bricks_rotated_bricks_ctm	nether_bricks	ctm_cube_all_pieces		pieces_full	all=ott:block/nether_bricks/ctm/nether_bricks_rotated_bricks	all	solo		
nether_bricks_small_tiles_ctm	nether_bricks	ctm_cube_all_pieces		pieces_full	all=ott:block/nether_bricks/ctm/nether_bricks_small_tiles	all	solo		
nether_bricks_smooth_ctm	nether_bricks	ctm_cube_all_pieces		pieces_full	all=ott:block/nether_bricks/ctm/nether_bricks_smooth	all	solo		
nether_bricks_squares_ctm	nether_bricks	ctm_cube_all_pieces		pieces_full	all=ott:block/nether_bricks/ctm/nether_bricks_squares	all	solo		
nether_bricks_tiles_ctm	nether_bricks	ctm_cube_all_pieces		pieces_full	all=ott:block/nether_bricks/ctm/nether_bricks_tiles	all	solo		
netherite_block_beams_ctm	netherite_block	ctm_cube_all_pieces		pieces_full	all=ott:block/netherite_block/ctm/netherite_block_beams	all	solo		
netherite_block_bricks_ctm	netherite_block	ctm_cube_all_horizontal		pieces_horizontal	all=ott:block/netherite_block/ctm/netherite_block_bricks	all	self		
netherite_block_chiseled_ctm	netherite_block	ctm_cube_all_pieces		pieces_full	all=ott:block/netherite_block/ctm/netherite_block_chiseled	all	solo		
netherite_block_compacted_ctm	netherite_block	ctm_cube_all_pieces		pieces_full	all=ott:block/netherite_block/ctm/netherite_block_compacted	all	solo		
netherite_block_decorated_ctm	netherite_block	ctm_cube_all_pieces		pieces_full	all=ott:block/netherite_block/ctm/netherite_block_decorated	all	solo		
netherite_block_diagonal_tiles_ctm	netherite_block	ctm_cube_all_pieces		pieces_full	all=ott:block/netherite_block/ctm/netherite_block_diagonal_tiles	all	solo		
netherite_block_indented_ctm	netherite_block	ctm_cube_all_pieces		pieces_full	all=ott:block/netherite_block/ctm/netherite_block_indented	all	solo		
netherite_block_patterned_ctm	netherite_block	ctm_cube_all_pieces		pieces_full	all=ott:block/netherite_block/ctm/netherite_block_patterned	all	solo		
netherite_block_small_tiles_ctm	netherite_block	ctm_cube_all_pieces		pieces_full	all=ott:block/netherite_block/ctm/netherite_block_small_tiles	all	solo		
netherrack_beams_ctm	netherrack	ctm_cube_all_pieces		pieces_full	all=ott:block/netherrack/ctm/netherrack_beams	all	solo		
netherrack_brick_pattern_ctm	netherrack	ctm_cube_all_pieces		pieces_full	all=ott:block/netherrack/ctm/netherrack_brick_pattern	all	solo		
netherrack_brick_paving_ctm	netherrack	ctm_cube_all_pieces		pieces_full	all=ott:block/netherrack/ctm/netherrack_brick_paving	all	solo		
netherrack_bricks_ctm	netherrack	ctm_cube_all_horizontal		pieces_horizontal	all=ott:block/netherrack/ctm/netherrack_bricks	all	self		
netherrack_dented_ctm	netherrack	ctm_cube_all_pieces		pieces_full	all=ott:block/netherrack/ctm/netherrack_dented	all	solo		
netherrack_rotated_bricks_ctm	netherrack	ctm_cube_all_pieces		pieces_full	all=ott:block/netherrack/ctm/netherrack_rotated_bricks	all	solo		
netherrack_small_tiles_ctm	netherrack	ctm_cube_all_pieces		pieces_full	all=ott:block/netherrack/ctm/netherrack_small_tiles	all	solo		
netherrack_stripes_ctm	netherrack	ctm_cube_all_pieces		pieces_full	all=ott:block/netherrack/ctm/netherrack_stripes	all	solo		
netherrack_tiles_ctm	netherrack	ctm_cube_all_pieces		pieces_full	all=ott:block/netherrack/ctm/netherrack_tiles	all	solo		
oak_barred_glass_ctm	oak_planks	ctm_cube_all_pieces	minecraft:cutout	pieces_full	all=ott:block/oak_planks/ctm/oak_barred_glass	all	solo	minecraft:cutout	
oak_bordered_glass_ctm	oak_planks	ctm_cube_all_pieces	minecraft:cutout	pieces_full	all=ott:block/oak_planks/ctm/oak_bordered_glass	all	solo	minecraft:cutout	
oak_diamond_bordered_glass_ctm	oak_planks	ctm_cube_all_pieces	minecraft:cutout	pieces_full	all=ott:block/oak_planks/ctm/oak_diamond_bordered_glass	all	solo	minecraft:cutout	
oak_horizontal_lined_glass_ctm	oak_planks	ctm_cube_all_pieces	minecraft:cutout	pieces_full	all=ott:block/oak_planks/ctm/oak_horizontal_lined_glass	all	solo	minecraft:cutout	
oak_large_diamond_glass_ctm	oak_planks	ctm_cube_all_pieces	minecraft:cutout	pieces_full	all=ott:block/oak_planks/ctm/oak_large_diamond_glass	all	solo	minecraft:cutout	
oak_line_bared_glass_ctm	oak_planks	ctm_cube_all_pieces	minecraft:cutout	pieces_full	all=ott:block/oak_planks/ctm/oak_line_bared_glass	all	solo	minecraft:cutout	
oak_ornate_bared_glass_ctm	oak_planks	ctm_cube_all_pieces	minecraft:cutout	pieces_full	all=ott:block/oak_planks/ctm/oak_ornate_bared_glass	all	solo	minecraft:cutout	
oak_planks_beams_ctm	oak_planks	ctm_cube_all_pieces		pieces_full	all=ott:block/oak_planks/ctm/oak_planks_beams	all	solo		
oak_planks_brick_pattern_ctm	oak_planks	ctm_cube_all_pieces		pieces_full	all=ott:block/oak_planks/ctm/oak_planks_brick_pattern	all	solo		
oak_planks_brick_paving_ctm	oak_planks	ctm_cube_all_pieces		pieces_full	all=ott:block/oak_planks/ctm/oak_planks_brick_paving	all	solo		
oak_planks_bricks_ctm	oak_planks	ctm_cube_all_horizontal		pieces_horizontal	all=ott:block/oak_planks/ctm/oak_planks_bricks	all	self		
oak_planks_crate_ctm	oak_planks	ctm_cube_all_pieces		pieces_full	all=ott:block/oak_planks/ctm/oak_planks_crate	all	solo		
oak_planks_diagonal_stripes_ctm	oak_planks	ctm_cube_all_pieces		pieces_full	all=ott:block/oak_planks/ctm/oak_planks_diagonal_stripes	all	solo		
oak_planks_diagonal_tiles_ctm	oak_planks	ctm_cube_all_pieces		pieces_full	all=ott:block/oak_planks/ctm/oak_planks_diagonal_tiles	all	solo		
oak_planks_dotted_ctm	oak_planks	ctm_cube_all_pieces		pieces_full	all=ott:block/oak_planks/ctm/oak_planks_dotted	all	solo		
oak_planks_flooring_ctm	oak_planks	ctm_cube_all_pieces		pieces_full	all=ott:block/oak_planks/ctm/oak_planks_flooring	all	solo		
oak_planks_large_tiles_ctm	oak_planks	ctm_cube_all_pieces		pieces_full	all=ott:block/oak_planks/ctm/oak_planks_large_tiles	all	solo		
oak_planks_panel_ctm	oak_planks	ctm_cube_all_pieces		pieces_full	all=ott:block/oak_planks/ctm/oak_planks_panel	all	solo		
oak_planks_pattern_ctm	oak_planks	ctm_cube_all_pieces		pieces_full	all=ott:block/oak_planks/ctm/oak_planks_pattern	all	solo		
oak_planks_rotated_bricks_ctm	oak_planks	ctm_cube_all_pieces		pieces_full	all=ott:block/oak_planks/ctm/oak_planks_rotated_bricks	all	solo		
oak_planks_small_bricks_ctm	oak_planks	ctm_cube_all_pieces		pieces_full	all=ott:block/oak_planks/ctm/oak_planks_small_bricks	all	solo		
oak_planks_small_tiles_ctm	oak_planks	ctm_cube_all_pieces		pieces_full	all=ott:block/oak_planks/ctm/oak_planks_small_tiles	all	solo		
oak_planks_squares_ctm	oak_planks	ctm_cube_all_pieces		pieces_full	all=ott:block/oak_planks/ctm/oak_planks_squares	all	solo		
oak_planks_tiles_ctm	oak_planks	ctm_cube_all_pieces		pieces_full	all=ott:block/oak_planks/ctm/oak_planks_tiles	all	solo		
oak_planks_wavy_ctm	oak_planks	ctm_cube_all_pieces		pieces_full	all=ott:block/oak_planks/ctm/oak_planks_wavy	all	solo		
oak_planks_woven_ctm	oak_planks	ctm_cube_all_pieces		pieces_full	all=ott:block/oak_planks/ctm/oak_planks_woven	all	solo		
oak_window_bars_ctm	oak_planks	ctm_cube_column_pieces_vertical	minecraft:cutout_mipped	pieces_vertical	side=ott:block/oak_windows/ctm/oak_window_bars|top=minecraft:block/oak_planks	side	self		
oak_window_covered_ctm	oak_planks	ctm_cube_column_pieces_vertical	minecraft:cutout_mipped	pieces_vertical	side=ott:block/oak_windows/ctm/oak_window_covered|top=minecraft:block/oak_planks	side	self		
oak_window_diagonal_ctm	oak_planks	ctm_cube_column_pieces_vertical	minecraft:cutout_mipped	pieces_vertical	side=ott:block/oak_windows/ctm/oak_window_diagonal|top=minecraft:block/oak_planks	side	self		
oak_window_large_ctm	oak_planks	ctm_cube_column_pieces_vertical	minecraft:cutout_mipped	pieces_vertical	side=ott:block/oak_windows/ctm/oak_window_large|top=minecraft:block/oak_planks	side	self		
oak_window_panes_ctm	oak_planks	ctm_cube_column_pieces_vertical	minecraft:cutout_mipped	pieces_vertical	side=ott:block/oak_windows/ctm/oak_window_panes|top=minecraft:block/oak_planks	side	self		
oak_window_rounded_ctm	oak_planks	ctm_cube_column_pieces_vertical	minecraft:cutout_mipped	pieces_vertical	side=ott:block/oak_windows/ctm/oak_window_rounded|top=minecraft:block/oak_planks	side	self		
oak_window_slim_ctm	oak_planks	ctm_cube_column_pieces_vertical	minecraft:cutout_mipped	pieces_vertical	side=ott:block/oak_windows/ctm/oak_window_slim|top=minecraft:block/oak_planks	side	self		
oak_window_swirling_ctm	oak_planks	ctm_cube_column_pieces_vertical	minecraft:cutout_mipped	pieces_vertical	side=ott:block/oak_windows/ctm/oak_window_swirling|top=minecraft:block/oak_planks	side	self		
oak_window_tiles_ctm	oak_planks	ctm_cube_column_pieces_planks_top	minecraft:cutout_mipped		side=ott:block/oak_windows/ctm/oak_window_tiles|up=minecraft:block/oak_planks	side:pieces_full	static	minecraft:cutout_mipped	
oak_woven_glass_ctm	oak_planks	ctm_cube_all_pieces	minecraft:cutout	pieces_full	all=ott:block/oak_planks/ctm/oak_woven_glass	all	solo	minecraft:cutout	
obsidian_bordered_ctm	obsidian	ctm_cube_all_pieces		pieces_full	all=ott:block/obsidian/ctm/obsidian_bordered	all	solo		
obsidian_brick_pattern_ctm	obsidian	ctm_cube_all_pieces		pieces_full	all=ott:block/obsidian/ctm/obsidian_brick_pattern	all	solo		
obsidian_brick_paving_ctm	obsidian	ctm_cube_all_pieces		pieces_full	all=ott:block/obsidian/ctm/obsidian_brick_paving	all	solo		
obsidian_bricks_ctm	obsidian	ctm_cube_all_horizontal		pieces_horizontal	all=ott:block/obsidian/ctm/obsidian_bricks	all	self		
obsidian_chiseled_circles_ctm	obsidian	ctm_cube_all_pieces		pieces_full	all=ott:block/obsidian/ctm/obsidian_chiseled_circles	all	solo		
obsidian_chiseled_ctm	obsidian	ctm_cube_all_pieces		pieces_full	all=ott:block/obsidian/ctm/obsidian_chiseled	all	solo		
obsidian_dark_ctm	obsidian	ctm_cube_all_pieces		pieces_full	all=ott:block/obsidian/ctm/obsidian_dark	all	solo		
obsidian_framed_glass_ctm	obsidian	ctm_cube_all_pieces	minecraft:translucent	pieces_full	all=ott:block/obsidian/ctm/obsidian_framed_glass	all	solo	minecraft:translucent	
obsidian_rotated_bricks_ctm	obsidian	ctm_cube_all_pieces		pieces_full	all=ott:block/obsidian/ctm/obsidian_rotated_bricks	all	solo		
obsidian_spots_ctm	obsidian	ctm_cube_all_pieces		pieces_full	all=ott:block/obsidian/ctm/obsidian_spots	all	solo		
obsidian_squares_ctm	obsidian	ctm_cube_all_pieces		pieces_full	all=ott:block/obsidian/ctm/obsidian_squares	all	solo		
obsidian_stripes_ctm	obsidian	ctm_cube_all_pieces		pieces_full	all=ott:block/obsidian/ctm/obsidian_stripes	all	solo		
obsidian_tiles_ctm	obsidian	ctm_cube_all_pieces		pieces_full	all=ott:block/obsidian/ctm/obsidian_tiles	all	solo		
ochrum_cut_polished_ctm	ochrum	ctm_cube_all_pieces		pieces_full	all=ott:block/ochrum/ctm/ochrum_cut_polished	all	solo		
ochrum_cut_small_brick_ctm	ochrum	ctm_cube_all_pieces		pieces_full	all=ott:block/ochrum/ctm/ochrum_cut_small_brick	all	solo		
orange_concrete_ctm	orange_concrete	ctm_cube_all_horizontal		pieces_vertical	all=ott:block/orange_concrete/ctm/orange_concrete_ctm	all	self		
orange_concrete_panel_ctm	orange_concrete	ctm_cube_all_pieces		pieces_full	all=ott:block/orange_concrete/ctm/orange_concrete_panel	all	solo		
orange_framed_glass_ctm	orange_stained_glass	ctm_cube_all_pieces	minecraft:translucent	pieces_full	all=ott:block/orange_stained_glass/ctm/orange_framed_glass	all	solo	minecraft:translucent	
orange_stained_clear_glass_ctm	orange_stained_glass	ctm_cube_all_pieces	minecraft:translucent	pieces_full	all=ott:block/orange_stained_glass/ctm/orange_stained_clear_glass	all	solo	minecraft:translucent	
orange_stained_glass_ctm	orange_stained_glass	ctm_cube_all_pieces	minecraft:translucent	pieces_full	all=ott:block/orange_stained_glass/ctm/orange_stained_glass	all	solo	minecraft:translucent	
orange_terracotta_column_ctm	orange_terracotta	ctm_cube_all_horizontal		pieces_vertical	all=ott:block/orange_terracotta/ctm/orange_terracotta_column	all	self		
orange_terracotta_ctm	orange_terracotta	ctm_cube_all_horizontal		pieces_vertical	all=ott:block/orange_terracotta/ctm/orange_terracotta_ctm	all	self		
ornate_amethyst_block_ctm	amethyst_block	ctm_cube_all_pieces		pieces_full	all=ott:block/amethyst_block/ctm/ornate_amethyst_block_ctm	all	solo		
ornate_ancient_debris_ctm	ancient_debris	ctm_cube_all_pieces		pieces_full	all=ott:block/ancient_debris/ctm/ornate_ancient_debris_ctm	all	solo		
ornate_andesite_ctm	andesite	ctm_cube_all_pieces		pieces_full	all=ott:block/andesite/ctm/ornate_andesite_ctm	all	solo		
ornate_basalt_ctm	basalt	ctm_cube_all_pieces		pieces_full	all=ott:block/basalt/ctm/ornate_basalt_ctm	all	solo		
ornate_black_stained_glass_ctm	black_stained_glass	ctm_cube_all_pieces	minecraft:translucent	pieces_full	all=ott:block/black_stained_glass/ctm/ornate_black_stained_glass_ctm	all	solo	minecraft:translucent	
ornate_blackstone_ctm	blackstone	ctm_cube_all_pieces		pieces_full	all=ott:block/blackstone/ctm/ornate_blackstone_ctm	all	solo		
ornate_blue_ice_ctm	blue_ice	ctm_cube_all_pieces		pieces_full	all=ott:block/blue_ice/ctm/ornate_blue_ice_ctm	all	solo		
ornate_blue_stained_glass_ctm	blue_stained_glass	ctm_cube_all_pieces	minecraft:translucent	pieces_full	all=ott:block/blue_stained_glass/ctm/ornate_blue_stained_glass_ctm	all	solo	minecraft:translucent	
ornate_borderless_bricks_ctm	borderless_bricks	ctm_cube_all_pieces		pieces_full	all=ott:block/borderless_bricks/ctm/ornate_borderless_bricks_ctm	all	solo		
ornate_bricks_ctm	bricks	ctm_cube_all_pieces		pieces_full	all=ott:block/bricks/ctm/ornate_bricks_ctm	all	solo		
ornate_brown_stained_glass_ctm	brown_stained_glass	ctm_cube_all_pieces	minecraft:translucent	pieces_full	all=ott:block/brown_stained_glass/ctm/ornate_brown_stained_glass_ctm	all	solo	minecraft:translucent	
ornate_calcite_ctm	calcite	ctm_cube_all_pieces		pieces_full	all=ott:block/calcite/ctm/ornate_calcite_ctm	all	solo		
ornate_clay_ctm	clay	ctm_cube_all_pieces		pieces_full	all=ott:block/clay/ctm/ornate_clay_ctm	all	solo		
ornate_coal_block_ctm	coal_block	ctm_cube_all_pieces		pieces_full	all=ott:block/coal_block/ctm/ornate_coal_block_ctm	all	solo		
ornate_cobblestone_ctm	cobblestone	ctm_cube_all_pieces		pieces_full	all=ott:block/cobblestone/ctm/ornate_cobblestone_ctm	all	solo		
ornate_crying_obsidian_ctm	crying_obsidian	ctm_cube_all_pieces		pieces_full	all=ott:block/crying_obsidian/ctm/ornate_crying_obsidian_ctm	all	solo		
ornate_cyan_stained_glass_ctm	cyan_stained_glass	ctm_cube_all_pieces	minecraft:translucent	pieces_full	all=ott:block/cyan_stained_glass/ctm/ornate_cyan_stained_glass_ctm	all	solo	minecraft:translucent	
ornate_dark_prismarine_ctm	dark_prismarine	ctm_cube_all_pieces		pieces_full	all=ott:block/dark_prismarine/ctm/ornate_dark_prismarine_ctm	all	solo		
ornate_deepslate_ctm	deepslate	ctm_cube_all_pieces		pieces_full	all=ott:block/deepslate/ctm/ornate_deepslate_ctm	all	solo		
ornate_diorite_ctm	diorite	ctm_cube_all_pieces		pieces_full	all=ott:block/diorite/ctm/ornate_diorite_ctm	all	solo		
ornate_dirt_ctm	dirt	ctm_cube_all_pieces		pieces_full	all=ott:block/dirt/ctm/ornate_dirt_ctm	all	solo		
ornate_dripstone_block_ctm	dripstone_block	ctm_cube_all_pieces		pieces_full	all=ott:block/dripstone_block/ctm/ornate_dripstone_block_ctm	all	solo		
ornate_end_stone_ctm	end_stone	ctm_cube_all_pieces		pieces_full	all=ott:block/end_stone/ctm/ornate_end_stone_ctm	all	solo		
ornate_gilded_blackstone_ctm	gilded_blackstone	ctm_cube_all_pieces		pieces_full	all=ott:block/gilded_blackstone/ctm/ornate_gilded_blackstone_ctm	all	solo		
ornate_granite_ctm	granite	ctm_cube_all_pieces		pieces_full	all=ott:block/granite/ctm/ornate_granite_ctm	all	solo		
ornate_gray_stained_glass_ctm	gray_stained_glass	ctm_cube_all_pieces	minecraft:translucent	pieces_full	all=ott:block/gray_stained_glass/ctm/ornate_gray_stained_glass_ctm	all	solo	minecraft:translucent	
ornate_green_stained_glass_ctm	green_stained_glass	ctm_cube_all_pieces	minecraft:translucent	pieces_full	all=ott:block/green_stained_glass/ctm/ornate_green_stained_glass_ctm	all	solo	minecraft:translucent	
ornate_ice_ctm	ice	ctm_cube_all_pieces	minecraft:translucent	pieces_full	all=ott:block/ice/ctm/ornate_ice_ctm	all	solo		
ornate_lapis_block_ctm	lapis_block	ctm_cube_all_pieces		pieces_full	all=ott:block/lapis_block/ctm/ornate_lapis_block_ctm	all	solo		
ornate_leaded_glass_ctm	glass	ctm_cube_all_pieces	minecraft:translucent	pieces_full	all=ott:block/glass/ctm/ornate_leaded_glass_ctm	all	solo	minecraft:translucent	
ornate_light_blue_stained_glass_ctm	light_blue_stained_glass	ctm_cube_all_pieces	minecraft:translucent	pieces_full	all=ott:block/light_blue_stained_glass/ctm/ornate_light_blue_stained_glass_ctm	all	solo	minecraft:translucent	
ornate_light_gray_stained_glass_ctm	light_gray_stained_glass	ctm_cube_all_pieces	minecraft:translucent	pieces_full	all=ott:block/light_gray_stained_glass/ctm/ornate_light_gray_stained_glass_ctm	all	solo	minecraft:translucent	
ornate_lime_stained_glass_ctm	lime_stained_glass	ctm_cube_all_pieces	minecraft:translucent	pieces_full	all=ott:block/lime_stained_glass/ctm/ornate_lime_stained_glass_ctm	all	solo	minecraft:translucent	
ornate_lodestone_ctm	lodestone	ctm_cube_all_pieces		pieces_full	all=ott:block/lodestone/ctm/ornate_lodestone_ctm	all	solo		
ornate_magenta_stained_glass_ctm	magenta_stained_glass	ctm_cube_all_pieces	minecraft:translucent	pieces_full	all=ott:block/magenta_stained_glass/ctm/ornate_magenta_stained_glass_ctm	all	solo	minecraft:translucent	
ornate_magma_block_ctm	magma_block	ctm_cube_all_pieces		pieces_full	all=ott:block/magma_block/ctm/ornate_magma_block_ctm	all	solo		
ornate_mossy_cobblestone_ctm	mossy_cobblestone	ctm_cube_all_pieces		pieces_full	all=ott:block/mossy_cobblestone/ctm/ornate_mossy_cobblestone_ctm	all	solo		
ornate_mossy_stone_bricks_ctm	mossy_stone_bricks	ctm_cube_all_pieces		pieces_full	all=ott:block/mossy_stone_bricks/ctm/ornate_mossy_stone_bricks_ctm	all	solo		
ornate_mud_bricks_ctm	mud_bricks	ctm_cube_all_pieces		pieces_full	all=ott:block/mud_bricks/ctm/ornate_mud_bricks_ctm	all	solo		
ornate_mud_ctm	mud	ctm_cube_all_pieces		pieces_full	all=ott:block/mud/ctm/ornate_mud_ctm	all	solo		
ornate_nether_bricks_ctm	nether_bricks	ctm_cube_all_pieces		pieces_full	all=ott:block/nether_bricks/ctm/ornate_nether_bricks_ctm	all	solo		
ornate_netherrack_ctm	netherrack	ctm_cube_all_pieces		pieces_full	all=ott:block/netherrack/ctm/ornate_netherrack_ctm	all	solo		
ornate_obsidian_ctm	obsidian	ctm_cube_all_pieces		pieces_full	all=ott:block/obsidian/ctm/ornate_obsidian_ctm	all	solo		
ornate_orange_stained_glass_ctm	orange_stained_glass	ctm_cube_all_pieces	minecraft:translucent	pieces_full	all=ott:block/orange_stained_glass/ctm/ornate_orange_stained_glass_ctm	all	solo	minecraft:translucent	
ornate_packed_ice_ctm	packed_ice	ctm_cube_all_pieces		pieces_full	all=ott:block/packed_ice/ctm/ornate_packed_ice_ctm	all	solo		
ornate_packed_mud_ctm	packed_mud	ctm_cube_all_pieces		pieces_full	all=ott:block/packed_mud/ctm/ornate_packed_mud_ctm	all	solo		
ornate_pink_stained_glass_ctm	pink_stained_glass	ctm_cube_all_pieces	minecraft:translucent	pieces_full	all=ott:block/pink_stained_glass/ctm/ornate_pink_stained_glass_ctm	all	solo	minecraft:translucent	
ornate_prismarine_ctm	prismarine	ctm_cube_all_pieces		pieces_full	all=ott:block/prismarine/ctm/ornate_prismarine_ctm	all	solo		
ornate_purple_stained_glass_ctm	purple_stained_glass	ctm_cube_all_pieces	minecraft:translucent	pieces_full	all=ott:block/purple_stained_glass/ctm/ornate_purple_stained_glass_ctm	all	solo	minecraft:translucent	
ornate_purpur_block_ctm	purpur_block	ctm_cube_all_pieces		pieces_full	all=ott:block/purpur_block/ctm/ornate_purpur_block_ctm	all	solo		
ornate_quartz_block_ctm	quartz_block	ctm_cube_all_pieces		pieces_full	all=ott:block/quartz_block/ctm/ornate_quartz_block_ctm	all	solo		
ornate_raw_copper_block_ctm	raw_copper_block	ctm_cube_all_pieces		pieces_full	all=ott:block/raw_copper_block/ctm/ornate_raw_copper_block_ctm	all	solo		
ornate_raw_gold_block_ctm	raw_gold_block	ctm_cube_all_pieces		pieces_full	all=ott:block/raw_gold_block/ctm/ornate_raw_gold_block_ctm	all	solo		
ornate_raw_iron_block_ctm	raw_iron_block	ctm_cube_all_pieces		pieces_full	all=ott:block/raw_iron_block/ctm/ornate_raw_iron_block_ctm	all	solo		
ornate_red_nether_bricks_ctm	red_nether_bricks	ctm_cube_all_pieces		pieces_full	all=ott:block/red_nether_bricks/ctm/ornate_red_nether_bricks_ctm	all	solo		
ornate_red_sandstone_ctm	red_sandstone	ctm_cube_all_pieces		pieces_full	all=ott:block/red_sandstone/ctm/ornate_red_sandstone_ctm	all	solo		
ornate_red_stained_glass_ctm	red_stained_glass	ctm_cube_all_pieces	minecraft:translucent	pieces_full	all=ott:block/red_stained_glass/ctm/ornate_red_stained_glass_ctm	all	solo	minecraft:translucent	
ornate_redstone_block_ctm	redstone_block	ctm_cube_all_pieces		pieces_full	all=ott:block/redstone_block/ctm/ornate_redstone_block_ctm	all	solo		
ornate_sandstone_ctm	sandstone	ctm_cube_all_pieces		pieces_full	all=ott:block/sandstone/ctm/ornate_sandstone_ctm	all	solo		
ornate_smooth_stone_ctm	smooth_stone	ctm_cube_all_pieces		pieces_full	all=ott:block/smooth_stone/ctm/ornate_smooth_stone_ctm	all	solo		
ornate_snow_block_ctm	snow_block	ctm_cube_all_pieces		pieces_full	all=ott:block/snow_block/ctm/ornate_snow_block_ctm	all	solo		
ornate_tuff_ctm	tuff	ctm_cube_all_pieces		pieces_full	all=ott:block/tuff/ctm/ornate_tuff_ctm	all	solo		
ornate_white_stained_glass_ctm	white_stained_glass	ctm_cube_all_pieces	minecraft:translucent	pieces_full	all=ott:block/white_stained_glass/ctm/ornate_white_stained_glass_ctm	all	solo	minecraft:translucent	
ornate_yellow_stained_glass_ctm	yellow_stained_glass	ctm_cube_all_pieces	minecraft:translucent	pieces_full	all=ott:block/yellow_stained_glass/ctm/ornate_yellow_stained_glass_ctm	all	solo	minecraft:translucent	
amethyst_block_overlapping_tiles_ctm	amethyst_block	ctm_cube_all_pieces		pieces_full	all=ott:block/amethyst_block/ctm/amethyst_block_overlapping_tiles	all	solo		
ancient_debris_overlapping_tiles_ctm	ancient_debris	ctm_cube_all_pieces		pieces_full	all=ott:block/ancient_debris/ctm/ancient_debris_overlapping_tiles	all	solo		
andesite_overlapping_tiles_ctm	andesite	ctm_cube_all_pieces		pieces_full	all=ott:block/andesite/ctm/andesite_overlapping_tiles	all	solo		
basalt_overlapping_tiles_ctm	basalt	ctm_cube_all_pieces		pieces_full	all=ott:block/basalt/ctm/basalt_overlapping_tiles	all	solo		
blackstone_overlapping_tiles_ctm	blackstone	ctm_cube_all_pieces		pieces_full	all=ott:block/blackstone/ctm/blackstone_overlapping_tiles	all	solo		
blue_ice_overlapping_tiles_ctm	blue_ice	ctm_cube_all_pieces		pieces_full	all=ott:block/blue_ice/ctm/blue_ice_overlapping_tiles	all	solo		
borderless_bricks_overlapping_tiles_ctm	borderless_bricks	ctm_cube_all_pieces		pieces_full	all=ott:block/borderless_bricks/ctm/borderless_bricks_overlapping_tiles	all	solo		
bricks_overlapping_tiles_ctm	bricks	ctm_cube_all_pieces		pieces_full	all=ott:block/bricks/ctm/bricks_overlapping_tiles	all	solo		
calcite_overlapping_tiles_ctm	calcite	ctm_cube_all_pieces		pieces_full	all=ott:block/calcite/ctm/calcite_overlapping_tiles	all	solo		
clay_overlapping_tiles_ctm	clay	ctm_cube_all_pieces		pieces_full	all=ott:block/clay/ctm/clay_overlapping_tiles	all	solo		
coal_block_overlapping_tiles_ctm	coal_block	ctm_cube_all_pieces		pieces_full	all=ott:block/coal_block/ctm/coal_block_overlapping_tiles	all	solo		
cobblestone_overlapping_tiles_ctm	cobblestone	ctm_cube_all_pieces		pieces_full	all=ott:block/cobblestone/ctm/cobblestone_overlapping_tiles	all	solo		
crying_obsidian_overlapping_tiles_ctm	crying_obsidian	ctm_cube_all_pieces		pieces_full	all=ott:block/crying_obsidian/ctm/crying_obsidian_overlapping_tiles	all	solo		
dark_prismarine_overlapping_tiles_ctm	dark_prismarine	ctm_cube_all_pieces		pieces_full	all=ott:block/dark_prismarine/ctm/dark_prismarine_overlapping_tiles	all	solo		
deepslate_overlapping_tiles_ctm	deepslate	ctm_cube_all_pieces		pieces_full	all=ott:block/deepslate/ctm/deepslate_overlapping_tiles	all	solo		
diorite_overlapping_tiles_ctm	diorite	ctm_cube_all_pieces		pieces_full	all=ott:block/diorite/ctm/diorite_overlapping_tiles	all	solo		
dirt_overlapping_tiles_ctm	dirt	ctm_cube_all_pieces		pieces_full	all=ott:block/dirt/ctm/dirt_overlapping_tiles	all	solo		
dripstone_block_overlapping_tiles_ctm	dripstone_block	ctm_cube_all_pieces		pieces_full	all=ott:block/dripstone_block/ctm/dripstone_block_overlapping_tiles	all	solo		
end_stone_overlapping_tiles_ctm	end_stone	ctm_cube_all_pieces		pieces_full	all=ott:block/end_stone/ctm/end_stone_overlapping_tiles	all	solo		
gilded_blackstone_overlapping_tiles_ctm	gilded_blackstone	ctm_cube_all_pieces		pieces_full	all=ott:block/gilded_blackstone/ctm/gilded_blackstone_overlapping_tiles	all	solo		
granite_overlapping_tiles_ctm	granite	ctm_cube_all_pieces		pieces_full	all=ott:block/granite/ctm/granite_overlapping_tiles	all	solo		
ice_overlapping_tiles_ctm	ice	ctm_cube_all_pieces	minecraft:translucent	pieces_full	all=ott:block/ice/ctm/ice_overlapping_tiles	all	solo		
lapis_block_overlapping_tiles_ctm	lapis_block	ctm_cube_all_pieces		pieces_full	all=ott:block/lapis_block/ctm/lapis_block_overlapping_tiles	all	solo		
lodestone_overlapping_tiles_ctm	lodestone	ctm_cube_all_pieces		pieces_full	all=ott:block/lodestone/ctm/lodestone_overlapping_tiles	all	solo		
magma_block_overlapping_tiles_ctm	magma_block	ctm_cube_all_pieces		pieces_full	all=ott:block/magma_block/ctm/magma_block_overlapping_tiles	all	solo		
mossy_cobblestone_overlapping_tiles_ctm	mossy_cobblestone	ctm_cube_all_pieces		pieces_full	all=ott:block/mossy_cobblestone/ctm/mossy_cobblestone_overlapping_tiles	all	solo		
mossy_stone_bricks_overlapping_tiles_ctm	mossy_stone_bricks	ctm_cube_all_pieces		pieces_full	all=ott:block/mossy_stone_bricks/ctm/mossy_stone_bricks_overlapping_tiles	all	solo		
mud_bricks_overlapping_tiles_ctm	mud_bricks	ctm_cube_all_pieces		pieces_full	all=ott:block/mud_bricks/ctm/mud_bricks_overlapping_tiles	all	solo		
mud_overlapping_tiles_ctm	mud	ctm_cube_all_pieces		pieces_full	all=ott:block/mud/ctm/mud_overlapping_tiles	all	solo		
nether_bricks_overlapping_tiles_ctm	nether_bricks	ctm_cube_all_pieces		pieces_full	all=ott:block/nether_bricks/ctm/nether_bricks_overlapping_tiles	all	solo		
netherrack_overlapping_tiles_ctm	netherrack	ctm_cube_all_pieces		pieces_full	all=ott:block/netherrack/ctm/netherrack_overlapping_tiles	all	solo		
obsidian_overlapping_tiles_ctm	obsidian	ctm_cube_all_pieces		pieces_full	all=ott:block/obsidian/ctm/obsidian_overlapping_tiles	all	solo		
packed_ice_overlapping_tiles_ctm	packed_ice	ctm_cube_all_pieces		pieces_full	all=ott:block/packed_ice/ctm/packed_ice_overlapping_tiles	all	solo		
packed_mud_overlapping_tiles_ctm	packed_mud	ctm_cube_all_pieces		pieces_full	all=ott:block/packed_mud/ctm/packed_mud_overlapping_tiles	all	solo		
prismarine_overlapping_tiles_ctm	prismarine	ctm_cube_all_pieces		pieces_full	all=ott:block/prismarine/ctm/prismarine_overlapping_tiles	all	solo		
purpur_block_overlapping_tiles_ctm	purpur_block	ctm_cube_all_pieces		pieces_full	all=ott:block/purpur_block/ctm/purpur_block_overlapping_tiles	all	solo		
quartz_block_overlapping_tiles_ctm	quartz_block	ctm_cube_all_pieces		pieces_full	all=ott:block/quartz_block/ctm/quartz_block_overlapping_tiles	all	solo		
raw_copper_block_overlapping_tiles_ctm	raw_copper_block	ctm_cube_all_pieces		pieces_full	all=ott:block/raw_copper_block/ctm/raw_copper_block_overlapping_tiles	all	solo		
raw_gold_block_overlapping_tiles_ctm	raw_gold_block	ctm_cube_all_pieces		pieces_full	all=ott:block/raw_gold_block/ctm/raw_gold_block_overlapping_tiles	all	solo		
raw_iron_block_overlapping_tiles_ctm	raw_iron_block	ctm_cube_all_pieces		pieces_full	all=ott:block/raw_iron_block/ctm/raw_iron_block_overlapping_tiles	all	solo		
red_nether_bricks_overlapping_tiles_ctm	red_nether_bricks	ctm_cube_all_pieces		pieces_full	all=ott:block/red_nether_bricks/ctm/red_nether_bricks_overlapping_tiles	all	solo		
red_sandstone_overlapping_tiles_ctm	red_sandstone	ctm_cube_all_pieces		pieces_full	all=ott:block/red_sandstone/ctm/red_sandstone_overlapping_tiles	all	solo		
redstone_block_overlapping_tiles_ctm	redstone_block	ctm_cube_all_pieces		pieces_full	all=ott:block/redstone_block/ctm/redstone_block_overlapping_tiles	all	solo		
sandstone_overlapping_tiles_ctm	sandstone	ctm_cube_all_pieces		pieces_full	all=ott:block/sandstone/ctm/sandstone_overlapping_tiles	all	solo		
smooth_stone_overlapping_tiles_ctm	smooth_stone	ctm_cube_all_pieces		pieces_full	all=ott:block/smooth_stone/ctm/smooth_stone_overlapping_tiles	all	solo		
snow_block_overlapping_tiles_ctm	snow_block	ctm_cube_all_pieces		pieces_full	all=ott:block/snow_block/ctm/snow_block_overlapping_tiles	all	solo		
tuff_overlapping_tiles_ctm	tuff	ctm_cube_all_pieces		pieces_full	all=ott:block/tuff/ctm/tuff_overlapping_tiles	all	solo		
oxidized_copper_block_ctm	oxidized_copper	ctm_cube_all_pieces		pieces_full	all=ott:block/oxidized_copper/ctm/oxidized_copper_block	all	solo		
oxidized_copper_grate_ctm	oxidized_copper	ctm_cube_all_pieces	minecraft:cutout_mipped	pieces_full	all=ott:block/oxidized_copper/ctm/oxidized_copper_grate	all	solo		
pale_oak_planks_beams_ctm	pale_oak_planks	ctm_cube_all_pieces		pieces_full	all=ott:block/pale_oak_planks/ctm/pale_oak_planks_beams	all	solo		
pale_oak_planks_brick_pattern_ctm	pale_oak_planks	ctm_cube_all_pieces		pieces_full	all=ott:block/pale_oak_planks/ctm/pale_oak_planks_brick_pattern	all	solo		
pale_oak_planks_brick_paving_ctm	pale_oak_planks	ctm_cube_all_pieces		pieces_full	all=ott:block/pale_oak_planks/ctm/pale_oak_planks_brick_paving	all	solo		
pale_oak_planks_bricks_ctm	pale_oak_planks	ctm_cube_all_horizontal		pieces_horizontal	all=ott:block/pale_oak_planks/ctm/pale_oak_planks_bricks	all	self		
pale_oak_planks_crate_ctm	pale_oak_planks	ctm_cube_all_pieces		pieces_full	all=ott:block/pale_oak_planks/ctm/pale_oak_planks_crate	all	solo		
pale_oak_planks_diagonal_stripes_ctm	pale_oak_planks	ctm_cube_all_pieces		pieces_full	all=ott:block/pale_oak_planks/ctm/pale_oak_planks_diagonal_stripes	all	solo		
pale_oak_planks_diagonal_tiles_ctm	pale_oak_planks	ctm_cube_all_pieces		pieces_full	all=ott:block/pale_oak_planks/ctm/pale_oak_planks_diagonal_tiles	all	solo		
pale_oak_planks_dotted_ctm	pale_oak_planks	ctm_cube_all_pieces		pieces_full	all=ott:block/pale_oak_planks/ctm/pale_oak_planks_dotted	all	solo		
pale_oak_planks_flooring_ctm	pale_oak_planks	ctm_cube_all_pieces		pieces_full	all=ott:block/pale_oak_planks/ctm/pale_oak_planks_flooring	all	solo		
pale_oak_planks_large_tiles_ctm	pale_oak_planks	ctm_cube_all_pieces		pieces_full	all=ott:block/pale_oak_planks/ctm/pale_oak_planks_large_tiles	all	solo		
pale_oak_planks_pattern_ctm	pale_oak_planks	ctm_cube_all_pieces		pieces_full	all=ott:block/pale_oak_planks/ctm/pale_oak_planks_pattern	all	solo		
pale_oak_planks_rotated_bricks_ctm	pale_oak_planks	ctm_cube_all_pieces		pieces_full	all=ott:block/pale_oak_planks/ctm/pale_oak_planks_rotated_bricks	all	solo		
pale_oak_planks_small_bricks_ctm	pale_oak_planks	ctm_cube_all_pieces		pieces_full	all=ott:block/pale_oak_planks/ctm/pale_oak_planks_small_bricks	all	solo		
pale_oak_planks_small_tiles_ctm	pale_oak_planks	ctm_cube_all_pieces		pieces_full	all=ott:block/pale_oak_planks/ctm/pale_oak_planks_small_tiles	all	solo		
pale_oak_planks_squares_ctm	pale_oak_planks	ctm_cube_all_pieces		pieces_full	all=ott:block/pale_oak_planks/ctm/pale_oak_planks_squares	all	solo		
pale_oak_planks_tiles_ctm	pale_oak_planks	ctm_cube_all_pieces		pieces_full	all=ott:block/pale_oak_planks/ctm/pale_oak_planks_tiles	all	solo		
pale_oak_planks_wavy_ctm	pale_oak_planks	ctm_cube_all_pieces		pieces_full	all=ott:block/pale_oak_planks/ctm/pale_oak_planks_wavy	all	solo		
pale_oak_planks_woven_ctm	pale_oak_planks	ctm_cube_all_pieces		pieces_full	all=ott:block/pale_oak_planks/ctm/pale_oak_planks_woven	all	solo		
pale_oak_window_bars_ctm	pale_oak_planks	ctm_cube_column_pieces_vertical	minecraft:cutout_mipped	pieces_vertical	side=ott:block/pale_oak_windows/ctm/pale_oak_window_bars|top=minecraft:block/pale_oak_planks	side	self		
pale_oak_window_covered_ctm	pale_oak_planks	ctm_cube_column_pieces_vertical	minecraft:cutout_mipped	pieces_vertical	side=ott:block/pale_oak_windows/ctm/pale_oak_window_covered|top=minecraft:block/pale_oak_planks	side	self		
pale_oak_window_diagonal_ctm	pale_oak_planks	ctm_cube_column_pieces_vertical	minecraft:cutout_mipped	pieces_vertical	side=ott:block/pale_oak_windows/ctm/pale_oak_window_diagonal|top=minecraft:block/pale_oak_planks	side	self		
pale_oak_window_large_ctm	pale_oak_planks	ctm_cube_column_pieces_vertical	minecraft:cutout_mipped	pieces_vertical	side=ott:block/pale_oak_windows/ctm/pale_oak_window_large|top=minecraft:block/pale_oak_planks	side	self		
pale_oak_window_panes_ctm	pale_oak_planks	ctm_cube_column_pieces_vertical	minecraft:cutout_mipped	pieces_vertical	side=ott:block/pale_oak_windows/ctm/pale_oak_window_panes|top=minecraft:block/pale_oak_planks	side	self		
pale_oak_window_rounded_ctm	pale_oak_planks	ctm_cube_column_pieces_vertical	minecraft:cutout_mipped	pieces_vertical	side=ott:block/pale_oak_windows/ctm/pale_oak_window_rounded|top=minecraft:block/pale_oak_planks	side	self		
pale_oak_window_slim_ctm	pale_oak_planks	ctm_cube_column_pieces_vertical	minecraft:cutout_mipped	pieces_vertical	side=ott:block/pale_oak_windows/ctm/pale_oak_window_slim|top=minecraft:block/pale_oak_planks	side	self		
pale_oak_window_swirling_ctm	pale_oak_planks	ctm_cube_column_pieces_vertical	minecraft:cutout_mipped	pieces_vertical	side=ott:block/pale_oak_windows/ctm/pale_oak_window_swirling|top=minecraft:block/pale_oak_planks	side	self		
pale_oak_window_tiles_ctm	pale_oak_planks	ctm_cube_column_pieces_planks_top	minecraft:cutout_mipped		side=ott:block/pale_oak_windows/ctm/pale_oak_window_tiles|up=minecraft:block/pale_oak_planks	side:pieces_full	static	minecraft:cutout_mipped	
acacia_planks_pegged_ctm	acacia_planks	ctm_cube_all_pieces		pieces_full	all=ott:block/acacia_planks/ctm/acacia_planks_pegged	all	solo		
bamboo_planks_pegged_ctm	bamboo_planks	ctm_cube_all_pieces		pieces_full	all=ott:block/bamboo_planks/ctm/bamboo_planks_pegged	all	solo		
birch_planks_pegged_ctm	birch_planks	ctm_cube_all_pieces		pieces_full	all=ott:block/birch_planks/ctm/birch_planks_pegged	all	solo		
black_concrete_pegged_ctm	black_concrete	ctm_cube_all_pieces		pieces_full	all=ott:block/black_concrete/ctm/black_concrete_pegged	all	solo		
blue_concrete_pegged_ctm	blue_concrete	ctm_cube_all_pieces		pieces_full	all=ott:block/blue_concrete/ctm/blue_concrete_pegged	all	solo		
brown_concrete_pegged_ctm	brown_concrete	ctm_cube_all_pieces		pieces_full	all=ott:block/brown_concrete/ctm/brown_concrete_pegged	all	solo		
cherry_planks_pegged_ctm	cherry_planks	ctm_cube_all_pieces		pieces_full	all=ott:block/cherry_planks/ctm/cherry_planks_pegged	all	solo		
crimson_planks_pegged_ctm	crimson_planks	ctm_cube_all_pieces		pieces_full	all=ott:block/crimson_planks/ctm/crimson_planks_pegged	all	solo		
cyan_concrete_pegged_ctm	cyan_concrete	ctm_cube_all_pieces		pieces_full	all=ott:block/cyan_concrete/ctm/cyan_concrete_pegged	all	solo		
dark_oak_planks_pegged_ctm	dark_oak_planks	ctm_cube_all_pieces		pieces_full	all=ott:block/dark_oak_planks/ctm/dark_oak_planks_pegged	all	solo		
gray_concrete_pegged_ctm	gray_concrete	ctm_cube_all_pieces		pieces_full	all=ott:block/gray_concrete/ctm/gray_concrete_pegged	all	solo		
green_concrete_pegged_ctm	green_concrete	ctm_cube_all_pieces		pieces_full	all=ott:block/green_concrete/ctm/green_concrete_pegged	all	solo		
jungle_planks_pegged_ctm	jungle_planks	ctm_cube_all_pieces		pieces_full	all=ott:block/jungle_planks/ctm/jungle_planks_pegged	all	solo		
light_blue_concrete_pegged_ctm	light_blue_concrete	ctm_cube_all_pieces		pieces_full	all=ott:block/light_blue_concrete/ctm/light_blue_concrete_pegged	all	solo		
light_gray_concrete_pegged_ctm	light_gray_concrete	ctm_cube_all_pieces		pieces_full	all=ott:block/light_gray_concrete/ctm/light_gray_concrete_pegged	all	solo		
lime_concrete_pegged_ctm	lime_concrete	ctm_cube_all_pieces		pieces_full	all=ott:block/lime_concrete/ctm/lime_concrete_pegged	all	solo		
magenta_concrete_pegged_ctm	magenta_concrete	ctm_cube_all_pieces		pieces_full	all=ott:block/magenta_concrete/ctm/magenta_concrete_pegged	all	solo		
mangrove_planks_pegged_ctm	mangrove_planks	ctm_cube_all_pieces		pieces_full	all=ott:block/mangrove_planks/ctm/mangrove_planks_pegged	all	solo		
oak_planks_pegged_ctm	oak_planks	ctm_cube_all_pieces		pieces_full	all=ott:block/oak_planks/ctm/oak_planks_pegged	all	solo		
orange_concrete_pegged_ctm	orange_concrete	ctm_cube_all_pieces		pieces_full	all=ott:block/orange_concrete/ctm/orange_concrete_pegged	all	solo		
pink_concrete_pegged_ctm	pink_concrete	ctm_cube_all_pieces		pieces_full	all=ott:block/pink_concrete/ctm/pink_concrete_pegged	all	solo		
purple_concrete_pegged_ctm	purple_concrete	ctm_cube_all_pieces		pieces_full	all=ott:block/purple_concrete/ctm/purple_concrete_pegged	all	solo		
red_concrete_pegged_ctm	red_concrete	ctm_cube_all_pieces		pieces_full	all=ott:block/red_concrete/ctm/red_concrete_pegged	all	solo		
spruce_planks_pegged_ctm	spruce_planks	ctm_cube_all_pieces		pieces_full	all=ott:block/spruce_planks/ctm/spruce_planks_pegged	all	solo		
warped_planks_pegged_ctm	warped_planks	ctm_cube_all_pieces		pieces_full	all=ott:block/warped_planks/ctm/warped_planks_pegged	all	solo		
white_concrete_pegged_ctm	white_concrete	ctm_cube_all_pieces		pieces_full	all=ott:block/white_concrete/ctm/white_concrete_pegged	all	solo		
yellow_concrete_pegged_ctm	yellow_concrete	ctm_cube_all_pieces		pieces_full	all=ott:block/yellow_concrete/ctm/yellow_concrete_pegged	all	solo		
pink_concrete_ctm	pink_concrete	ctm_cube_all_horizontal		pieces_vertical	all=ott:block/pink_concrete/ctm/pink_concrete_ctm	all	self		
pink_concrete_panel_ctm	pink_concrete	ctm_cube_all_pieces		pieces_full	all=ott:block/pink_concrete/ctm/pink_concrete_panel	all	solo		
pink_framed_glass_ctm	pink_stained_glass	ctm_cube_all_pieces	minecraft:translucent	pieces_full	all=ott:block/pink_stained_glass/ctm/pink_framed_glass	all	solo	minecraft:translucent	
pink_stained_clear_glass_ctm	pink_stained_glass	ctm_cube_all_pieces	minecraft:translucent	pieces_full	all=ott:block/pink_stained_glass/ctm/pink_stained_clear_glass	all	solo	minecraft:translucent	
pink_stained_glass_ctm	pink_stained_glass	ctm_cube_all_pieces	minecraft:translucent	pieces_full	all=ott:block/pink_stained_glass/ctm/pink_stained_glass	all	solo	minecraft:translucent	
pink_terracotta_column_ctm	pink_terracotta	ctm_cube_all_horizontal		pieces_vertical	all=ott:block/pink_terracotta/ctm/pink_terracotta_column	all	self		
pink_terracotta_ctm	pink_terracotta	ctm_cube_all_horizontal		pieces_vertical	all=ott:block/pink_terracotta/ctm/pink_terracotta_ctm	all	self		
amethyst_block_polished_ctm	amethyst_block	ctm_cube_all_pieces		pieces_full	all=ott:block/amethyst_block/ctm/amethyst_block_polished	all	solo		
ancient_debris_polished_ctm	ancient_debris	ctm_cube_all_pieces		pieces_full	all=ott:block/ancient_debris/ctm/ancient_debris_polished	all	solo		
basalt_polished_ctm	basalt	ctm_cube_all_pieces		pieces_full	all=ott:block/basalt/ctm/basalt_polished	all	solo		
blue_ice_polished_ctm	blue_ice	ctm_cube_all_pieces		pieces_full	all=ott:block/blue_ice/ctm/blue_ice_polished	all	solo		
borderless_bricks_polished_ctm	borderless_bricks	ctm_cube_all_pieces		pieces_full	all=ott:block/borderless_bricks/ctm/borderless_bricks_polished	all	solo		
bricks_polished_ctm	bricks	ctm_cube_all_pieces		pieces_full	all=ott:block/bricks/ctm/bricks_polished	all	solo		
calcite_polished_ctm	calcite	ctm_cube_all_pieces		pieces_full	all=ott:block/calcite/ctm/calcite_polished	all	solo		
clay_polished_ctm	clay	ctm_cube_all_pieces		pieces_full	all=ott:block/clay/ctm/clay_polished	all	solo		
coal_block_polished_ctm	coal_block	ctm_cube_all_pieces		pieces_full	all=ott:block/coal_block/ctm/coal_block_polished	all	solo		
cobblestone_polished_ctm	cobblestone	ctm_cube_all_pieces		pieces_full	all=ott:block/cobblestone/ctm/cobblestone_polished	all	solo		
crying_obsidian_polished_ctm	crying_obsidian	ctm_cube_all_pieces		pieces_full	all=ott:block/crying_obsidian/ctm/crying_obsidian_polished	all	solo		
dark_prismarine_polished_ctm	dark_prismarine	ctm_cube_all_pieces		pieces_full	all=ott:block/dark_prismarine/ctm/dark_prismarine_polished	all	solo		
deepslate_polished_ctm	deepslate	ctm_cube_all_pieces		pieces_full	all=ott:block/deepslate/ctm/deepslate_polished	all	solo		
dirt_polished_ctm	dirt	ctm_cube_all_pieces		pieces_full	all=ott:block/dirt/ctm/dirt_polished	all	solo		
polished_dripstone_ctm	dripstone_block	ctm_cube_all_pieces		pieces_full	all=ott:block/dripstone_block/ctm/polished_dripstone	all	solo		
end_stone_polished_ctm	end_stone	ctm_cube_all_pieces		pieces_full	all=ott:block/end_stone/ctm/end_stone_polished	all	solo		
gilded_blackstone_polished_ctm	gilded_blackstone	ctm_cube_all_pieces		pieces_full	all=ott:block/gilded_blackstone/ctm/gilded_blackstone_polished	all	solo		
ice_polished_ctm	ice	ctm_cube_all_pieces	minecraft:translucent	pieces_full	all=ott:block/ice/ctm/ice_polished	all	solo		
lapis_block_polished_ctm	lapis_block	ctm_cube_all_pieces		pieces_full	all=ott:block/lapis_block/ctm/lapis_block_polished	all	solo		
limestone_polished_ctm	limestone	ctm_cube_all_pieces		pieces_full	all=ott:block/limestone/ctm/limestone_polished	all	solo		
lodestone_polished_ctm	lodestone	ctm_cube_all_pieces		pieces_full	all=ott:block/lodestone/ctm/lodestone_polished	all	solo		
magma_block_polished_ctm	magma_block	ctm_cube_all_pieces		pieces_full	all=ott:block/magma_block/ctm/magma_block_polished	all	solo		
mossy_cobblestone_polished_ctm	mossy_cobblestone	ctm_cube_all_pieces		pieces_full	all=ott:block/mossy_cobblestone/ctm/mossy_cobblestone_polished	all	solo		
mossy_stone_bricks_polished_ctm	mossy_stone_bricks	ctm_cube_all_pieces		pieces_full	all=ott:block/mossy_stone_bricks/ctm/mossy_stone_bricks_polished	all	solo		
nether_bricks_polished_ctm	nether_bricks	ctm_cube_all_pieces		pieces_full	all=ott:block/nether_bricks/ctm/nether_bricks_polished	all	solo		
netherrack_polished_ctm	netherrack	ctm_cube_all_pieces		pieces_full	all=ott:block/netherrack/ctm/netherrack_polished	all	solo		
obsidian_polished_ctm	obsidian	ctm_cube_all_pieces		pieces_full	all=ott:block/obsidian/ctm/obsidian_polished	all	solo		
packed_ice_polished_ctm	packed_ice	ctm_cube_all_pieces		pieces_full	all=ott:block/packed_ice/ctm/packed_ice_polished	all	solo		
prismarine_polished_ctm	prismarine	ctm_cube_all_pieces		pieces_full	all=ott:block/prismarine/ctm/prismarine_polished	all	solo		
purpur_block_polished_ctm	purpur_block	ctm_cube_all_pieces		pieces_full	all=ott:block/purpur_block/ctm/purpur_block_polished	all	solo		
quartz_block_polished_ctm	quartz_block	ctm_cube_all_pieces		pieces_full	all=ott:block/quartz_block/ctm/quartz_block_polished	all	solo		
raw_copper_block_polished_ctm	raw_copper_block	ctm_cube_all_pieces		pieces_full	all=ott:block/raw_copper_block/ctm/raw_copper_block_polished	all	solo		
raw_gold_block_polished_ctm	raw_gold_block	ctm_cube_all_pieces		pieces_full	all=ott:block/raw_gold_block/ctm/raw_gold_block_polished	all	solo		
raw_iron_block_polished_ctm	raw_iron_block	ctm_cube_all_pieces		pieces_full	all=ott:block/raw_iron_block/ctm/raw_iron_block_polished	all	solo		
red_nether_bricks_polished_ctm	red_nether_bricks	ctm_cube_all_pieces		pieces_full	all=ott:block/red_nether_bricks/ctm/red_nether_bricks_polished	all	solo		
red_sandstone_polished_ctm	red_sandstone	ctm_cube_all_pieces		pieces_full	all=ott:block/red_sandstone/ctm/red_sandstone_polished	all	solo		
redstone_block_polished_ctm	redstone_block	ctm_cube_all_pieces		pieces_full	all=ott:block/redstone_block/ctm/redstone_block_polished	all	solo		
sandstone_polished_ctm	sandstone	ctm_cube_all_pieces		pieces_full	all=ott:block/sandstone/ctm/sandstone_polished	all	solo		
smooth_stone_polished_ctm	smooth_stone	ctm_cube_all_pieces		pieces_full	all=ott:block/smooth_stone/ctm/smooth_stone_polished	all	solo		
snow_block_polished_ctm	snow_block	ctm_cube_all_pieces		pieces_full	all=ott:block/snow_block/ctm/snow_block_polished	all	solo		
tuff_polished_ctm	tuff	ctm_cube_all_pieces		pieces_full	all=ott:block/tuff/ctm/tuff_polished	all	solo		
prismarine_bricks_beams_ctm	prismarine	ctm_cube_all_pieces		pieces_full	all=ott:block/prismarine/ctm/prismarine_bricks_beams	all	solo		
prismarine_bricks_brick_pattern_ctm	prismarine	ctm_cube_all_pieces		pieces_full	all=ott:block/prismarine/ctm/prismarine_bricks_brick_pattern	all	solo		
prismarine_bricks_brick_paving_ctm	prismarine	ctm_cube_all_pieces		pieces_full	all=ott:block/prismarine/ctm/prismarine_bricks_brick_paving	all	solo		
prismarine_bricks_bricks_ctm	prismarine	ctm_cube_all_horizontal		pieces_horizontal	all=ott:block/prismarine/ctm/prismarine_bricks_bricks	all	self		
prismarine_bricks_chiseled_circles_ctm	prismarine	ctm_cube_all_pieces		pieces_full	all=ott:block/prismarine/ctm/prismarine_bricks_chiseled_circles	all	solo		
prismarine_bricks_chiseled_squares_ctm	prismarine	ctm_cube_all_pieces		pieces_full	all=ott:block/prismarine/ctm/prismarine_bricks_chiseled_squares	all	solo		
prismarine_bricks_diagonal_bricks_ctm	prismarine	ctm_cube_all_pieces		pieces_full	all=ott:block/prismarine/ctm/prismarine_bricks_diagonal_bricks	all	solo		
prismarine_bricks_diagonal_tiles_ctm	prismarine	ctm_cube_all_pieces		pieces_full	all=ott:block/prismarine/ctm/prismarine_bricks_diagonal_tiles	all	solo		
prismarine_bricks_dotted_ctm	prismarine	ctm_cube_all_pieces		pieces_full	all=ott:block/prismarine/ctm/prismarine_bricks_dotted	all	solo		
prismarine_bricks_pillars_ctm	prismarine	ctm_cube_all_pieces		pieces_full	all=ott:block/prismarine/ctm/prismarine_bricks_ctms	all	solo		
prismarine_bricks_rotated_bricks_ctm	prismarine	ctm_cube_all_pieces		pieces_full	all=ott:block/prismarine/ctm/prismarine_bricks_rotated_bricks	all	solo		
prismarine_bricks_rows_ctm	prismarine	ctm_cube_all_pieces		pieces_full	all=ott:block/prismarine/ctm/prismarine_bricks_rows	all	solo		
prismarine_bricks_small_tiles_ctm	prismarine	ctm_cube_all_pieces		pieces_full	all=ott:block/prismarine/ctm/prismarine_bricks_small_tiles	all	solo		
prismarine_bricks_squares_ctm	prismarine	ctm_cube_all_pieces		pieces_full	all=ott:block/prismarine/ctm/prismarine_bricks_squares	all	solo		
prismarine_bricks_tiles_ctm	prismarine	ctm_cube_all_pieces		pieces_full	all=ott:block/prismarine/ctm/prismarine_bricks_tiles	all	solo		
prismarine_bricks_wavy_ctm	prismarine	ctm_cube_all_pieces		pieces_full	all=ott:block/prismarine/ctm/prismarine_bricks_wavy	all	solo		
prismarine_bricks_woven_ctm	prismarine	ctm_cube_all_pieces		pieces_full	all=ott:block/prismarine/ctm/prismarine_bricks_woven	all	solo		
purple_concrete_ctm	purple_concrete	ctm_cube_all_horizontal		pieces_vertical	all=ott:block/purple_concrete/ctm/purple_concrete_ctm	all	self		
purple_concrete_panel_ctm	purple_concrete	ctm_cube_all_pieces		pieces_full	all=ott:block/purple_concrete/ctm/purple_concrete_panel	all	solo		
purple_framed_glass_ctm	purple_stained_glass	ctm_cube_all_pieces	minecraft:translucent	pieces_full	all=ott:block/purple_stained_glass/ctm/purple_framed_glass	all	solo	minecraft:translucent	
purple_stained_clear_glass_ctm	purple_stained_glass	ctm_cube_all_pieces	minecraft:translucent	pieces_full	all=ott:block/purple_stained_glass/ctm/purple_stained_clear_glass	all	solo	minecraft:translucent	
purple_stained_glass_ctm	purple_stained_glass	ctm_cube_all_pieces	minecraft:translucent	pieces_full	all=ott:block/purple_stained_glass/ctm/purple_stained_glass	all	solo	minecraft:translucent	
purple_terracotta_column_ctm	purple_terracotta	ctm_cube_all_horizontal		pieces_vertical	all=ott:block/purple_terracotta/ctm/purple_terracotta_column	all	self		
purple_terracotta_ctm	purple_terracotta	ctm_cube_all_horizontal		pieces_vertical	all=ott:block/purple_terracotta/ctm/purple_terracotta_ctm	all	self		
purpur_brick_pattern_ctm	purpur_block	ctm_cube_all_pieces		pieces_full	all=ott:block/purpur_block/ctm/purpur_brick_pattern	all	solo		
purpur_brick_paving_ctm	purpur_block	ctm_cube_all_pieces		pieces_full	all=ott:block/purpur_block/ctm/purpur_brick_paving	all	solo		
purpur_bricks_ctm	purpur_block	ctm_cube_all_horizontal		pieces_horizontal	all=ott:block/purpur_block/ctm/purpur_bricks	all	self		
purpur_column_ctm	purpur_block	ctm_cube_column_pieces_vertical_full_caps			side=ott:block/purpur_block/ctm/purpur_column_ctm|top=ott:block/purpur_block/ctm/purpur_column_top_ctm	side:pieces_vertical|top:pieces_full	solo		
purpur_diagonal_bricks_ctm	purpur_block	ctm_cube_all_pieces		pieces_full	all=ott:block/purpur_block/ctm/purpur_diagonal_bricks	all	solo		
purpur_diagonal_tiles_ctm	purpur_block	ctm_cube_all_pieces		pieces_full	all=ott:block/purpur_block/ctm/purpur_diagonal_tiles	all	solo		
purpur_dotted_ctm	purpur_block	ctm_cube_all_pieces		pieces_full	all=ott:block/purpur_block/ctm/purpur_dotted	all	solo		
purpur_fabric_ctm	purpur_block	ctm_cube_all_pieces		pieces_full	all=ott:block/purpur_block/ctm/purpur_fabric	all	solo		
purpur_jagged_pattern_ctm	purpur_block	ctm_cube_all_pieces		pieces_full	all=ott:block/purpur_block/ctm/purpur_jagged_pattern	all	solo		
purpur_large_tiles_ctm	purpur_block	ctm_cube_all_pieces		pieces_full	all=ott:block/purpur_block/ctm/purpur_large_tiles	all	solo		
purpur_organic_pattern_ctm	purpur_block	ctm_cube_all_pieces		pieces_full	all=ott:block/purpur_block/ctm/purpur_organic_pattern	all	solo		
purpur_rotated_bricks_ctm	purpur_block	ctm_cube_all_pieces		pieces_full	all=ott:block/purpur_block/ctm/purpur_rotated_bricks	all	solo		
purpur_slanted_tiles_ctm	purpur_block	ctm_cube_all_pieces		pieces_full	all=ott:block/purpur_block/ctm/purpur_slanted_tiles	all	solo		
purpur_small_tiles_ctm	purpur_block	ctm_cube_all_pieces		pieces_full	all=ott:block/purpur_block/ctm/purpur_small_tiles	all	solo		
purpur_spiral_pattern_ctm	purpur_block	ctm_cube_all_pieces		pieces_full	all=ott:block/purpur_block/ctm/purpur_spiral_pattern	all	solo		
purpur_squares_ctm	purpur_block	ctm_cube_all_pieces		pieces_full	all=ott:block/purpur_block/ctm/purpur_squares	all	solo		
purpur_tiles_ctm	purpur_block	ctm_cube_all_pieces		pieces_full	all=ott:block/purpur_block/ctm/purpur_tiles	all	solo		
purpur_woven_ctm	purpur_block	ctm_cube_all_pieces		pieces_full	all=ott:block/purpur_block/ctm/purpur_woven	all	solo		
quartz_block_bordered_ctm	quartz_block	ctm_cube_all_pieces		pieces_full	all=ott:block/quartz_block/ctm/quartz_block_bordered	all	solo		
quartz_block_brick_paving_ctm	quartz_block	ctm_cube_all_pieces		pieces_full	all=ott:block/quartz_block/ctm/quartz_block_brick_paving	all	solo		
quartz_block_chiseled_ctm	quartz_block	ctm_cube_all_pieces		pieces_full	all=ott:block/quartz_block/ctm/quartz_block_chiseled_ctm	all	solo		
quartz_block_crosses_ctm	quartz_block	ctm_cube_all_pieces		pieces_full	all=ott:block/quartz_block/ctm/quartz_block_crosses	all	solo		
quartz_block_ctm	quartz_block	ctm_cube_all_pieces		pieces_full	all=ott:block/quartz_block/ctm/quartz_block_connecting	all	solo		
quartz_block_diagonal_tiles_ctm	quartz_block	ctm_cube_all_pieces		pieces_full	all=ott:block/quartz_block/ctm/quartz_block_diagonal_tiles	all	solo		
quartz_block_pattern_ctm	quartz_block	ctm_cube_all_pieces		pieces_full	all=ott:block/quartz_block/ctm/quartz_block_pattern	all	solo		
quartz_block_rotated_bricks_ctm	quartz_block	ctm_cube_all_pieces		pieces_full	all=ott:block/quartz_block/ctm/quartz_block_rotated_bricks	all	solo		
quartz_block_rows_ctm	quartz_block	ctm_cube_all_pieces		pieces_full	all=ott:block/quartz_block/ctm/quartz_block_rows	all	solo		
quartz_block_scales_ctm	quartz_block	ctm_cube_all_pieces		pieces_full	all=ott:block/quartz_block/ctm/quartz_block_scales	all	solo		
quartz_block_small_tiles_ctm	quartz_block	ctm_cube_all_pieces		pieces_full	all=ott:block/quartz_block/ctm/quartz_block_small_tiles	all	solo		
quartz_block_squares_ctm	quartz_block	ctm_cube_all_pieces		pieces_full	all=ott:block/quartz_block/ctm/quartz_block_squares	all	solo		
quartz_block_stripes_ctm	quartz_block	ctm_cube_all_pieces		pieces_full	all=ott:block/quartz_block/ctm/quartz_block_stripes	all	solo		
quartz_block_tiles_ctm	quartz_block	ctm_cube_all_pieces		pieces_full	all=ott:block/quartz_block/ctm/quartz_block_tiles	all	solo		
raster_black_stained_glass_ctm	black_stained_glass	ctm_cube_all_pieces	minecraft:translucent	pieces_full	all=ott:block/black_stained_glass/ctm/raster_black_stained_glass_ctm	all	solo	minecraft:translucent	
raster_blue_stained_glass_ctm	blue_stained_glass	ctm_cube_all_pieces	minecraft:translucent	pieces_full	all=ott:block/blue_stained_glass/ctm/raster_blue_stained_glass_ctm	all	solo	minecraft:translucent	
raster_brown_stained_glass_ctm	brown_stained_glass	ctm_cube_all_pieces	minecraft:translucent	pieces_full	all=ott:block/brown_stained_glass/ctm/raster_brown_stained_glass_ctm	all	solo	minecraft:translucent	
raster_cyan_stained_glass_ctm	cyan_stained_glass	ctm_cube_all_pieces	minecraft:translucent	pieces_full	all=ott:block/cyan_stained_glass/ctm/raster_cyan_stained_glass_ctm	all	solo	minecraft:translucent	
raster_gray_stained_glass_ctm	gray_stained_glass	ctm_cube_all_pieces	minecraft:translucent	pieces_full	all=ott:block/gray_stained_glass/ctm/raster_gray_stained_glass_ctm	all	solo	minecraft:translucent	
raster_green_stained_glass_ctm	green_stained_glass	ctm_cube_all_pieces	minecraft:translucent	pieces_full	all=ott:block/green_stained_glass/ctm/raster_green_stained_glass_ctm	all	solo	minecraft:translucent	
glass_raster_leaded_ctm	glass	ctm_cube_all_pieces	minecraft:translucent	pieces_full	all=ott:block/glass/ctm/glass_raster_leaded	all	solo	minecraft:translucent	
raster_light_blue_stained_glass_ctm	light_blue_stained_glass	ctm_cube_all_pieces	minecraft:translucent	pieces_full	all=ott:block/light_blue_stained_glass/ctm/raster_light_blue_stained_glass_ctm	all	solo	minecraft:translucent	
raster_light_gray_stained_glass_ctm	light_gray_stained_glass	ctm_cube_all_pieces	minecraft:translucent	pieces_full	all=ott:block/light_gray_stained_glass/ctm/raster_light_gray_stained_glass_ctm	all	solo	minecraft:translucent	
raster_lime_stained_glass_ctm	lime_stained_glass	ctm_cube_all_pieces	minecraft:translucent	pieces_full	all=ott:block/lime_stained_glass/ctm/raster_lime_stained_glass_ctm	all	solo	minecraft:translucent	
raster_magenta_stained_glass_ctm	magenta_stained_glass	ctm_cube_all_pieces	minecraft:translucent	pieces_full	all=ott:block/magenta_stained_glass/ctm/raster_magenta_stained_glass_ctm	all	solo	minecraft:translucent	
raster_orange_stained_glass_ctm	orange_stained_glass	ctm_cube_all_pieces	minecraft:translucent	pieces_full	all=ott:block/orange_stained_glass/ctm/raster_orange_stained_glass_ctm	all	solo	minecraft:translucent	
raster_pink_stained_glass_ctm	pink_stained_glass	ctm_cube_all_pieces	minecraft:translucent	pieces_full	all=ott:block/pink_stained_glass/ctm/raster_pink_stained_glass_ctm	all	solo	minecraft:translucent	
raster_purple_stained_glass_ctm	purple_stained_glass	ctm_cube_all_pieces	minecraft:translucent	pieces_full	all=ott:block/purple_stained_glass/ctm/raster_purple_stained_glass_ctm	all	solo	minecraft:translucent	
raster_red_stained_glass_ctm	red_stained_glass	ctm_cube_all_pieces	minecraft:translucent	pieces_full	all=ott:block/red_stained_glass/ctm/raster_red_stained_glass_ctm	all	solo	minecraft:translucent	
raster_white_stained_glass_ctm	white_stained_glass	ctm_cube_all_pieces	minecraft:translucent	pieces_full	all=ott:block/white_stained_glass/ctm/raster_white_stained_glass_ctm	all	solo	minecraft:translucent	
raster_yellow_stained_glass_ctm	yellow_stained_glass	ctm_cube_all_pieces	minecraft:translucent	pieces_full	all=ott:block/yellow_stained_glass/ctm/raster_yellow_stained_glass_ctm	all	solo	minecraft:translucent	
red_concrete_ctm	red_concrete	ctm_cube_all_horizontal		pieces_vertical	all=ott:block/red_concrete/ctm/red_concrete_ctm	all	self		
red_concrete_panel_ctm	red_concrete	ctm_cube_all_pieces		pieces_full	all=ott:block/red_concrete/ctm/red_concrete_panel	all	solo		
red_framed_glass_ctm	red_stained_glass	ctm_cube_all_pieces	minecraft:translucent	pieces_full	all=ott:block/red_stained_glass/ctm/red_framed_glass	all	solo	minecraft:translucent	
red_nether_bricks_beams_ctm	red_nether_bricks	ctm_cube_all_pieces		pieces_full	all=ott:block/red_nether_bricks/ctm/red_nether_bricks_beams	all	solo		
red_nether_bricks_brick_pattern_ctm	red_nether_bricks	ctm_cube_all_pieces		pieces_full	all=ott:block/red_nether_bricks/ctm/red_nether_bricks_brick_pattern	all	solo		
red_nether_bricks_brick_paving_ctm	red_nether_bricks	ctm_cube_all_pieces		pieces_full	all=ott:block/red_nether_bricks/ctm/red_nether_bricks_brick_paving	all	solo		
red_nether_bricks_chiseled_squares_ctm	red_nether_bricks	ctm_cube_all_pieces		pieces_full	all=ott:block/red_nether_bricks/ctm/red_nether_bricks_chiseled_squares	all	solo		
red_nether_bricks_diagonal_bricks_ctm	red_nether_bricks	ctm_cube_all_pieces		pieces_full	all=ott:block/red_nether_bricks/ctm/red_nether_bricks_diagonal_bricks	all	solo		
red_nether_bricks_large_bricks_ctm	red_nether_bricks	ctm_cube_all_horizontal		pieces_horizontal	all=ott:block/red_nether_bricks/ctm/red_nether_bricks_large_bricks	all	self		
red_nether_bricks_large_tiles_ctm	red_nether_bricks	ctm_cube_all_pieces		pieces_full	all=ott:block/red_nether_bricks/ctm/red_nether_bricks_large_tiles	all	solo		
red_nether_bricks_rotated_bricks_ctm	red_nether_bricks	ctm_cube_all_pieces		pieces_full	all=ott:block/red_nether_bricks/ctm/red_nether_bricks_rotated_bricks	all	solo		
red_nether_bricks_small_tiles_ctm	red_nether_bricks	ctm_cube_all_pieces		pieces_full	all=ott:block/red_nether_bricks/ctm/red_nether_bricks_small_tiles	all	solo		
red_nether_bricks_smooth_ctm	red_nether_bricks	ctm_cube_all_pieces		pieces_full	all=ott:block/red_nether_bricks/ctm/red_nether_bricks_smooth	all	solo		
red_nether_bricks_squares_ctm	red_nether_bricks	ctm_cube_all_pieces		pieces_full	all=ott:block/red_nether_bricks/ctm/red_nether_bricks_squares	all	solo		
red_nether_bricks_tiles_ctm	red_nether_bricks	ctm_cube_all_pieces		pieces_full	all=ott:block/red_nether_bricks/ctm/red_nether_bricks_tiles	all	solo		
red_sandstone_brick_pattern_ctm	red_sandstone	ctm_cube_all_pieces		pieces_full	all=ott:block/red_sandstone/ctm/red_sandstone_brick_pattern	all	solo		
red_sandstone_brick_paving_ctm	red_sandstone	ctm_cube_all_pieces		pieces_full	all=ott:block/red_sandstone/ctm/red_sandstone_brick_paving	all	solo		
red_sandstone_bricks_ctm	red_sandstone	ctm_cube_all_horizontal		pieces_horizontal	all=ott:block/red_sandstone/ctm/red_sandstone_bricks	all	self		
red_sandstone_diagonal_bricks_ctm	red_sandstone	ctm_cube_all_pieces		pieces_full	all=ott:block/red_sandstone/ctm/red_sandstone_diagonal_bricks	all	solo		
red_sandstone_framed_glass_ctm	red_sandstone	ctm_cube_all_pieces	minecraft:translucent	pieces_full	all=ott:block/red_sandstone/ctm/red_sandstone_framed_glass	all	solo	minecraft:translucent	
red_sandstone_large_tiles_ctm	red_sandstone	ctm_cube_all_pieces		pieces_full	all=ott:block/red_sandstone/ctm/red_sandstone_large_tiles	all	solo		
red_sandstone_rotated_bricks_ctm	red_sandstone	ctm_cube_all_pieces		pieces_full	all=ott:block/red_sandstone/ctm/red_sandstone_rotated_bricks	all	solo		
red_sandstone_tiles_ctm	red_sandstone	ctm_cube_all_pieces		pieces_full	all=ott:block/red_sandstone/ctm/red_sandstone_tiles	all	solo		
red_stained_clear_glass_ctm	red_stained_glass	ctm_cube_all_pieces	minecraft:translucent	pieces_full	all=ott:block/red_stained_glass/ctm/red_stained_clear_glass	all	solo	minecraft:translucent	
red_stained_glass_ctm	red_stained_glass	ctm_cube_all_pieces	minecraft:translucent	pieces_full	all=ott:block/red_stained_glass/ctm/red_stained_glass	all	solo	minecraft:translucent	
red_terracotta_column_ctm	red_terracotta	ctm_cube_all_horizontal		pieces_vertical	all=ott:block/red_terracotta/ctm/red_terracotta_column	all	self		
red_terracotta_ctm	red_terracotta	ctm_cube_all_horizontal		pieces_vertical	all=ott:block/red_terracotta/ctm/red_terracotta_ctm	all	self		
redstone_block_bordered_ctm	redstone_block	ctm_cube_all_pieces		pieces_full	all=ott:block/redstone_block/ctm/redstone_block_bordered	all	solo		
redstone_block_bricks_ctm	redstone_block	ctm_cube_all_horizontal		pieces_horizontal	all=ott:block/redstone_block/ctm/redstone_block_bricks	all	self		
redstone_block_chiseled_clovers_ctm	redstone_block	ctm_cube_all_pieces		pieces_full	all=ott:block/redstone_block/ctm/redstone_block_chiseled_clovers	all	solo		
redstone_block_circles_ctm	redstone_block	ctm_cube_all_pieces		pieces_full	all=ott:block/redstone_block/ctm/redstone_block_circles	all	solo		
redstone_block_compressed_ctm	redstone_block	ctm_cube_all_pieces		pieces_full	all=ott:block/redstone_block/ctm/redstone_block_compressed	all	solo		
redstone_block_ctm	redstone_block	ctm_cube_column_pieces			side=ott:block/redstone_block/ctm/redstone_block_ctm_side|top=ott:block/redstone_block/ctm/redstone_block_ctm_end	side:pieces_full|top:pieces_full	solo		
redstone_block_diagonal_tiles_ctm	redstone_block	ctm_cube_all_pieces		pieces_full	all=ott:block/redstone_block/ctm/redstone_block_diagonal_tiles	all	solo		
redstone_block_patterned_ctm	redstone_block	ctm_cube_all_pieces		pieces_full	all=ott:block/redstone_block/ctm/redstone_block_patterned	all	solo		
redstone_block_paving_ctm	redstone_block	ctm_cube_all_pieces		pieces_full	all=ott:block/redstone_block/ctm/redstone_block_paving	all	solo		
redstone_block_scales_ctm	redstone_block	ctm_cube_all_pieces		pieces_full	all=ott:block/redstone_block/ctm/redstone_block_scales	all	solo		
redstone_block_small_tiles_ctm	redstone_block	ctm_cube_all_pieces		pieces_full	all=ott:block/redstone_block/ctm/redstone_block_small_tiles	all	solo		
glass_reinforced_ctm	glass	ctm_cube_all_pieces	minecraft:translucent	pieces_full	all=ott:block/glass/ctm/glass_reinforced	all	solo	minecraft:translucent	
roman_fresco_black	roman_fresco	ctm_cube_column			end=ott:block/roman_fresco/roman_fresco_black_top|side=ott:block/roman_fresco/roman_fresco_black	side=same|end=same	self		side=ott:block/roman_fresco/roman_fresco_black_static|end=ott:block/roman_fresco/roman_fresco_black_top_static
roman_fresco_red	roman_fresco	ctm_cube_column			end=ott:block/roman_fresco/roman_fresco_red_top|side=ott:block/roman_fresco/roman_fresco_red	side=same|end=same	self		side=ott:block/roman_fresco/roman_fresco_red_static|end=ott:block/roman_fresco/roman_fresco_red_top_static
rose_quartz_bricks_ctm	rose_quartz	ctm_cube_all_pieces		pieces_full	all=ott:block/rose_quartz/ctm/rose_quartz_bricks	all	solo		
rose_quartz_chiseled_ctm	rose_quartz	ctm_cube_all_pieces		pieces_full	all=ott:block/rose_quartz/ctm/rose_quartz_chiseled	all	solo		
rose_quartz_crushed_ctm	rose_quartz	ctm_cube_all_pieces		pieces_full	all=ott:block/rose_quartz/ctm/rose_quartz_crushed	all	solo		
rose_quartz_polished_block_ctm	rose_quartz	ctm_cube_all_pieces		pieces_full	all=ott:block/rose_quartz/ctm/rose_quartz_polished_block	all	solo		
rose_quartz_squares_ctm	rose_quartz	ctm_cube_all_pieces		pieces_full	all=ott:block/rose_quartz/ctm/rose_quartz_squares	all	solo		
rose_quartz_tiles_ctm	rose_quartz	ctm_cube_all_pieces		pieces_full	all=ott:block/rose_quartz/ctm/rose_quartz_tiles	all	solo		
sandstone_brick_pattern_ctm	sandstone	ctm_cube_all_pieces		pieces_full	all=ott:block/sandstone/ctm/sandstone_brick_pattern	all	solo		
sandstone_brick_paving_ctm	sandstone	ctm_cube_all_pieces		pieces_full	all=ott:block/sandstone/ctm/sandstone_brick_paving	all	solo		
sandstone_bricks_ctm	sandstone	ctm_cube_all_horizontal		pieces_horizontal	all=ott:block/sandstone/ctm/sandstone_bricks	all	self		
sandstone_diagonal_bricks_ctm	sandstone	ctm_cube_all_pieces		pieces_full	all=ott:block/sandstone/ctm/sandstone_diagonal_bricks	all	solo		
sandstone_framed_glass_ctm	sandstone	ctm_cube_all_pieces	minecraft:translucent	pieces_full	all=ott:block/sandstone/ctm/sandstone_framed_glass	all	solo	minecraft:translucent	
sandstone_large_tiles_ctm	sandstone	ctm_cube_all_pieces		pieces_full	all=ott:block/sandstone/ctm/sandstone_large_tiles	all	solo		
sandstone_rotated_bricks_ctm	sandstone	ctm_cube_all_pieces		pieces_full	all=ott:block/sandstone/ctm/sandstone_rotated_bricks	all	solo		
sandstone_tiles_ctm	sandstone	ctm_cube_all_pieces		pieces_full	all=ott:block/sandstone/ctm/sandstone_tiles	all	solo		
mud_scaly_ctm	mud	ctm_cube_all_pieces		pieces_full	all=ott:block/mud/ctm/mud_scaly	all	solo		
packed_mud_scaly_ctm	packed_mud	ctm_cube_all_pieces		pieces_full	all=ott:block/packed_mud/ctm/packed_mud_scaly	all	solo		
scorchia_cut_polished_ctm	scorchia	ctm_cube_all_pieces		pieces_full	all=ott:block/scorchia/ctm/scorchia_cut_polished	all	solo		
scorchia_cut_small_brick_ctm	scorchia	ctm_cube_all_pieces		pieces_full	all=ott:block/scorchia/ctm/scorchia_cut_small_brick	all	solo		
scoria_cut_polished_ctm	scoria	ctm_cube_all_pieces		pieces_full	all=ott:block/scoria/ctm/scoria_cut_polished	all	solo		
scoria_cut_small_brick_ctm	scoria	ctm_cube_all_pieces		pieces_full	all=ott:block/scoria/ctm/scoria_cut_small_brick	all	solo		
scratched_glass_black_ctm	scratched	ctm_cube_all_pieces	minecraft:translucent	pieces_full	all=ott:block/black_stained_glass/ctm/scratched_glass_black	all	solo	minecraft:translucent	
scratched_glass_blue_ctm	scratched	ctm_cube_all_pieces	minecraft:translucent	pieces_full	all=ott:block/blue_stained_glass/ctm/scratched_glass_blue	all	solo	minecraft:translucent	
scratched_glass_brown_ctm	scratched	ctm_cube_all_pieces	minecraft:translucent	pieces_full	all=ott:block/brown_stained_glass/ctm/scratched_glass_brown	all	solo	minecraft:translucent	
scratched_glass_ctm	scratched	ctm_cube_all_pieces	minecraft:translucent	pieces_full	all=ott:block/glass/ctm/scratched_glass	all	solo	minecraft:translucent	
scratched_glass_cyan_ctm	scratched	ctm_cube_all_pieces	minecraft:translucent	pieces_full	all=ott:block/cyan_stained_glass/ctm/scratched_glass_cyan	all	solo	minecraft:translucent	
scratched_glass_gray_ctm	scratched	ctm_cube_all_pieces	minecraft:translucent	pieces_full	all=ott:block/gray_stained_glass/ctm/scratched_glass_gray	all	solo	minecraft:translucent	
scratched_glass_green_ctm	scratched	ctm_cube_all_pieces	minecraft:translucent	pieces_full	all=ott:block/green_stained_glass/ctm/scratched_glass_green	all	solo	minecraft:translucent	
scratched_glass_light_blue_ctm	scratched	ctm_cube_all_pieces	minecraft:translucent	pieces_full	all=ott:block/light_blue_stained_glass/ctm/scratched_glass_light_blue	all	solo	minecraft:translucent	
scratched_glass_light_gray_ctm	scratched	ctm_cube_all_pieces	minecraft:translucent	pieces_full	all=ott:block/light_gray_stained_glass/ctm/scratched_glass_light_gray	all	solo	minecraft:translucent	
scratched_glass_lime_ctm	scratched	ctm_cube_all_pieces	minecraft:translucent	pieces_full	all=ott:block/lime_stained_glass/ctm/scratched_glass_lime	all	solo	minecraft:translucent	
scratched_glass_magenta_ctm	scratched	ctm_cube_all_pieces	minecraft:translucent	pieces_full	all=ott:block/magenta_stained_glass/ctm/scratched_glass_magenta	all	solo	minecraft:translucent	
scratched_glass_orange_ctm	scratched	ctm_cube_all_pieces	minecraft:translucent	pieces_full	all=ott:block/orange_stained_glass/ctm/scratched_glass_orange	all	solo	minecraft:translucent	
scratched_glass_pink_ctm	scratched	ctm_cube_all_pieces	minecraft:translucent	pieces_full	all=ott:block/pink_stained_glass/ctm/scratched_glass_pink	all	solo	minecraft:translucent	
scratched_glass_purple_ctm	scratched	ctm_cube_all_pieces	minecraft:translucent	pieces_full	all=ott:block/purple_stained_glass/ctm/scratched_glass_purple	all	solo	minecraft:translucent	
scratched_glass_red_ctm	scratched	ctm_cube_all_pieces	minecraft:translucent	pieces_full	all=ott:block/red_stained_glass/ctm/scratched_glass_red	all	solo	minecraft:translucent	
scratched_glass_white_ctm	scratched	ctm_cube_all_pieces	minecraft:translucent	pieces_full	all=ott:block/white_stained_glass/ctm/scratched_glass_white	all	solo	minecraft:translucent	
scratched_glass_yellow_ctm	scratched	ctm_cube_all_pieces	minecraft:translucent	pieces_full	all=ott:block/yellow_stained_glass/ctm/scratched_glass_yellow	all	solo	minecraft:translucent	
sea_lantern_ctm	sea_lantern	ctm_cube_all_pieces		pieces_full	all=ott:block/sea_lantern/ctm/sea_lantern	all	solo		
simple_amethyst_block_ctm	amethyst_block	ctm_cube_all_pieces		pieces_full	all=ott:block/amethyst_block/ctm/simple_amethyst_block_ctm	all	solo		
simple_ancient_debris_ctm	ancient_debris	ctm_cube_all_pieces		pieces_full	all=ott:block/ancient_debris/ctm/simple_ancient_debris_ctm	all	solo		
simple_andesite_ctm	andesite	ctm_cube_all_pieces		pieces_full	all=ott:block/andesite/ctm/simple_andesite_ctm	all	solo		
simple_basalt_ctm	basalt	ctm_cube_all_pieces		pieces_full	all=ott:block/basalt/ctm/simple_basalt_ctm	all	solo		
simple_blackstone_ctm	blackstone	ctm_cube_all_pieces		pieces_full	all=ott:block/blackstone/ctm/simple_blackstone_ctm	all	solo		
simple_blue_ice_ctm	blue_ice	ctm_cube_all_pieces		pieces_full	all=ott:block/blue_ice/ctm/simple_blue_ice_ctm	all	solo		
simple_borderless_bricks_ctm	borderless_bricks	ctm_cube_all_pieces		pieces_full	all=ott:block/borderless_bricks/ctm/simple_borderless_bricks_ctm	all	solo		
simple_bricks_ctm	bricks	ctm_cube_all_pieces		pieces_full	all=ott:block/bricks/ctm/simple_bricks_ctm	all	solo		
simple_calcite_ctm	calcite	ctm_cube_all_pieces		pieces_full	all=ott:block/calcite/ctm/simple_calcite_ctm	all	solo		
simple_clay_ctm	clay	ctm_cube_all_pieces		pieces_full	all=ott:block/clay/ctm/simple_clay_ctm	all	solo		
simple_coal_block_ctm	coal_block	ctm_cube_all_pieces		pieces_full	all=ott:block/coal_block/ctm/simple_coal_block_ctm	all	solo		
simple_cobblestone_ctm	cobblestone	ctm_cube_all_pieces		pieces_full	all=ott:block/cobblestone/ctm/simple_cobblestone_ctm	all	solo		
simple_crying_obsidian_ctm	crying_obsidian	ctm_cube_all_pieces		pieces_full	all=ott:block/crying_obsidian/ctm/simple_crying_obsidian_ctm	all	solo		
simple_dark_prismarine_ctm	dark_prismarine	ctm_cube_all_pieces		pieces_full	all=ott:block/dark_prismarine/ctm/simple_dark_prismarine_ctm	all	solo		
simple_deepslate_ctm	deepslate	ctm_cube_all_pieces		pieces_full	all=ott:block/deepslate/ctm/simple_deepslate_ctm	all	solo		
simple_diorite_ctm	diorite	ctm_cube_all_pieces		pieces_full	all=ott:block/diorite/ctm/simple_diorite_ctm	all	solo		
simple_dirt_ctm	dirt	ctm_cube_all_pieces		pieces_full	all=ott:block/dirt/ctm/simple_dirt_ctm	all	solo		
simple_dripstone_block_ctm	dripstone_block	ctm_cube_all_pieces		pieces_full	all=ott:block/dripstone_block/ctm/simple_dripstone_block_ctm	all	solo		
simple_end_stone_ctm	end_stone	ctm_cube_all_pieces		pieces_full	all=ott:block/end_stone/ctm/simple_end_stone_ctm	all	solo		
simple_gilded_blackstone_ctm	gilded_blackstone	ctm_cube_all_pieces		pieces_full	all=ott:block/gilded_blackstone/ctm/simple_gilded_blackstone_ctm	all	solo		
simple_granite_ctm	granite	ctm_cube_all_pieces		pieces_full	all=ott:block/granite/ctm/simple_granite_ctm	all	solo		
simple_ice_ctm	ice	ctm_cube_all_pieces	minecraft:translucent	pieces_full	all=ott:block/ice/ctm/simple_ice_ctm	all	solo		
simple_lapis_block_ctm	lapis_block	ctm_cube_all_pieces		pieces_full	all=ott:block/lapis_block/ctm/simple_lapis_block_ctm	all	solo		
simple_lodestone_ctm	lodestone	ctm_cube_all_pieces		pieces_full	all=ott:block/lodestone/ctm/simple_lodestone_ctm	all	solo		
simple_magma_block_ctm	magma_block	ctm_cube_all_pieces		pieces_full	all=ott:block/magma_block/ctm/simple_magma_block_ctm	all	solo		
simple_mossy_cobblestone_ctm	mossy_cobblestone	ctm_cube_all_pieces		pieces_full	all=ott:block/mossy_cobblestone/ctm/simple_mossy_cobblestone_ctm	all	solo		
simple_mossy_stone_bricks_ctm	mossy_stone_bricks	ctm_cube_all_pieces		pieces_full	all=ott:block/mossy_stone_bricks/ctm/simple_mossy_stone_bricks_ctm	all	solo		
simple_mud_bricks_ctm	mud_bricks	ctm_cube_all_pieces		pieces_full	all=ott:block/mud_bricks/ctm/simple_mud_bricks_ctm	all	solo		
simple_mud_ctm	mud	ctm_cube_all_pieces		pieces_full	all=ott:block/mud/ctm/simple_mud_ctm	all	solo		
simple_nether_bricks_ctm	nether_bricks	ctm_cube_all_pieces		pieces_full	all=ott:block/nether_bricks/ctm/simple_nether_bricks_ctm	all	solo		
simple_netherrack_ctm	netherrack	ctm_cube_all_pieces		pieces_full	all=ott:block/netherrack/ctm/simple_netherrack_ctm	all	solo		
simple_obsidian_ctm	obsidian	ctm_cube_all_pieces		pieces_full	all=ott:block/obsidian/ctm/simple_obsidian_ctm	all	solo		
simple_packed_ice_ctm	packed_ice	ctm_cube_all_pieces		pieces_full	all=ott:block/packed_ice/ctm/simple_packed_ice_ctm	all	solo		
simple_packed_mud_ctm	packed_mud	ctm_cube_all_pieces		pieces_full	all=ott:block/packed_mud/ctm/simple_packed_mud_ctm	all	solo		
simple_prismarine_ctm	prismarine	ctm_cube_all_pieces		pieces_full	all=ott:block/prismarine/ctm/simple_prismarine_ctm	all	solo		
simple_purpur_block_ctm	purpur_block	ctm_cube_all_pieces		pieces_full	all=ott:block/purpur_block/ctm/simple_purpur_block_ctm	all	solo		
simple_quartz_block_ctm	quartz_block	ctm_cube_all_pieces		pieces_full	all=ott:block/quartz_block/ctm/simple_quartz_block_ctm	all	solo		
simple_raw_copper_block_ctm	raw_copper_block	ctm_cube_all_pieces		pieces_full	all=ott:block/raw_copper_block/ctm/simple_raw_copper_block_ctm	all	solo		
simple_raw_gold_block_ctm	raw_gold_block	ctm_cube_all_pieces		pieces_full	all=ott:block/raw_gold_block/ctm/simple_raw_gold_block_ctm	all	solo		
simple_raw_iron_block_ctm	raw_iron_block	ctm_cube_all_pieces		pieces_full	all=ott:block/raw_iron_block/ctm/simple_raw_iron_block_ctm	all	solo		
simple_red_nether_bricks_ctm	red_nether_bricks	ctm_cube_all_pieces		pieces_full	all=ott:block/red_nether_bricks/ctm/simple_red_nether_bricks_ctm	all	solo		
simple_red_sandstone_ctm	red_sandstone	ctm_cube_all_pieces		pieces_full	all=ott:block/red_sandstone/ctm/simple_red_sandstone_ctm	all	solo		
simple_redstone_block_ctm	redstone_block	ctm_cube_all_pieces		pieces_full	all=ott:block/redstone_block/ctm/simple_redstone_block_ctm	all	solo		
simple_sandstone_ctm	sandstone	ctm_cube_all_pieces		pieces_full	all=ott:block/sandstone/ctm/simple_sandstone_ctm	all	solo		
simple_smooth_stone_ctm	smooth_stone	ctm_cube_all_pieces		pieces_full	all=ott:block/smooth_stone/ctm/simple_smooth_stone_ctm	all	solo		
simple_snow_block_ctm	snow_block	ctm_cube_all_pieces		pieces_full	all=ott:block/snow_block/ctm/simple_snow_block_ctm	all	solo		
simple_tuff_ctm	tuff	ctm_cube_all_pieces		pieces_full	all=ott:block/tuff/ctm/simple_tuff_ctm	all	solo		
small_black_diamond_stained_glass_ctm	black_stained_glass	ctm_cube_all_pieces	minecraft:translucent	pieces_full	all=ott:block/black_stained_glass/ctm/small_black_diamond_stained_glass_ctm	all	solo	minecraft:translucent	
black_terracotta_small_tiles_ctm	black_terracotta	ctm_cube_all_pieces		pieces_full	all=ott:block/black_terracotta/ctm/black_terracotta_small_tiles	all	solo		
small_blue_diamond_stained_glass_ctm	blue_stained_glass	ctm_cube_all_pieces	minecraft:translucent	pieces_full	all=ott:block/blue_stained_glass/ctm/small_blue_diamond_stained_glass_ctm	all	solo	minecraft:translucent	
blue_terracotta_small_tiles_ctm	blue_terracotta	ctm_cube_all_pieces		pieces_full	all=ott:block/blue_terracotta/ctm/blue_terracotta_small_tiles	all	solo		
small_brown_diamond_stained_glass_ctm	brown_stained_glass	ctm_cube_all_pieces	minecraft:translucent	pieces_full	all=ott:block/brown_stained_glass/ctm/small_brown_diamond_stained_glass_ctm	all	solo	minecraft:translucent	
brown_terracotta_small_tiles_ctm	brown_terracotta	ctm_cube_all_pieces		pieces_full	all=ott:block/brown_terracotta/ctm/brown_terracotta_small_tiles	all	solo		
small_cyan_diamond_stained_glass_ctm	cyan_stained_glass	ctm_cube_all_pieces	minecraft:translucent	pieces_full	all=ott:block/cyan_stained_glass/ctm/small_cyan_diamond_stained_glass_ctm	all	solo	minecraft:translucent	
cyan_terracotta_small_tiles_ctm	cyan_terracotta	ctm_cube_all_pieces		pieces_full	all=ott:block/cyan_terracotta/ctm/cyan_terracotta_small_tiles	all	solo		
glass_small_diamond_leaded_ctm	glass	ctm_cube_all_pieces	minecraft:translucent	pieces_full	all=ott:block/glass/ctm/glass_small_diamond_leaded	all	solo	minecraft:translucent	
small_gray_diamond_stained_glass_ctm	gray_stained_glass	ctm_cube_all_pieces	minecraft:translucent	pieces_full	all=ott:block/gray_stained_glass/ctm/small_gray_diamond_stained_glass_ctm	all	solo	minecraft:translucent	
gray_terracotta_small_tiles_ctm	gray_terracotta	ctm_cube_all_pieces		pieces_full	all=ott:block/gray_terracotta/ctm/gray_terracotta_small_tiles	all	solo		
small_green_diamond_stained_glass_ctm	green_stained_glass	ctm_cube_all_pieces	minecraft:translucent	pieces_full	all=ott:block/green_stained_glass/ctm/small_green_diamond_stained_glass_ctm	all	solo	minecraft:translucent	
green_terracotta_small_tiles_ctm	green_terracotta	ctm_cube_all_pieces		pieces_full	all=ott:block/green_terracotta/ctm/green_terracotta_small_tiles	all	solo		
small_light_blue_diamond_stained_glass_ctm	light_blue_stained_glass	ctm_cube_all_pieces	minecraft:translucent	pieces_full	all=ott:block/light_blue_stained_glass/ctm/small_light_blue_diamond_stained_glass_ctm	all	solo	minecraft:translucent	
light_blue_terracotta_small_tiles_ctm	light_blue_terracotta	ctm_cube_all_pieces		pieces_full	all=ott:block/light_blue_terracotta/ctm/light_blue_terracotta_small_tiles	all	solo		
small_light_gray_diamond_stained_glass_ctm	light_gray_stained_glass	ctm_cube_all_pieces	minecraft:translucent	pieces_full	all=ott:block/light_gray_stained_glass/ctm/small_light_gray_diamond_stained_glass_ctm	all	solo	minecraft:translucent	
light_gray_terracotta_small_tiles_ctm	light_gray_terracotta	ctm_cube_all_pieces		pieces_full	all=ott:block/light_gray_terracotta/ctm/light_gray_terracotta_small_tiles	all	solo		
small_lime_diamond_stained_glass_ctm	lime_stained_glass	ctm_cube_all_pieces	minecraft:translucent	pieces_full	all=ott:block/lime_stained_glass/ctm/small_lime_diamond_stained_glass_ctm	all	solo	minecraft:translucent	
lime_terracotta_small_tiles_ctm	lime_terracotta	ctm_cube_all_pieces		pieces_full	all=ott:block/lime_terracotta/ctm/lime_terracotta_small_tiles	all	solo		
small_magenta_diamond_stained_glass_ctm	magenta_stained_glass	ctm_cube_all_pieces	minecraft:translucent	pieces_full	all=ott:block/magenta_stained_glass/ctm/small_magenta_diamond_stained_glass_ctm	all	solo	minecraft:translucent	
magenta_terracotta_small_tiles_ctm	magenta_terracotta	ctm_cube_all_pieces		pieces_full	all=ott:block/magenta_terracotta/ctm/magenta_terracotta_small_tiles	all	solo		
small_orange_diamond_stained_glass_ctm	orange_stained_glass	ctm_cube_all_pieces	minecraft:translucent	pieces_full	all=ott:block/orange_stained_glass/ctm/small_orange_diamond_stained_glass_ctm	all	solo	minecraft:translucent	
orange_terracotta_small_tiles_ctm	orange_terracotta	ctm_cube_all_pieces		pieces_full	all=ott:block/orange_terracotta/ctm/orange_terracotta_small_tiles	all	solo		
small_pink_diamond_stained_glass_ctm	pink_stained_glass	ctm_cube_all_pieces	minecraft:translucent	pieces_full	all=ott:block/pink_stained_glass/ctm/small_pink_diamond_stained_glass_ctm	all	solo	minecraft:translucent	
pink_terracotta_small_tiles_ctm	pink_terracotta	ctm_cube_all_pieces		pieces_full	all=ott:block/pink_terracotta/ctm/pink_terracotta_small_tiles	all	solo		
small_purple_diamond_stained_glass_ctm	purple_stained_glass	ctm_cube_all_pieces	minecraft:translucent	pieces_full	all=ott:block/purple_stained_glass/ctm/small_purple_diamond_stained_glass_ctm	all	solo	minecraft:translucent	
purple_terracotta_small_tiles_ctm	purple_terracotta	ctm_cube_all_pieces		pieces_full	all=ott:block/purple_terracotta/ctm/purple_terracotta_small_tiles	all	solo		
small_red_diamond_stained_glass_ctm	red_stained_glass	ctm_cube_all_pieces	minecraft:translucent	pieces_full	all=ott:block/red_stained_glass/ctm/small_red_diamond_stained_glass_ctm	all	solo	minecraft:translucent	
red_terracotta_small_tiles_ctm	red_terracotta	ctm_cube_all_pieces		pieces_full	all=ott:block/red_terracotta/ctm/red_terracotta_small_tiles	all	solo		
terracotta_small_tiles_ctm	terracotta	ctm_cube_all_pieces		pieces_full	all=ott:block/terracotta/ctm/terracotta_small_tiles	all	solo		
small_white_diamond_stained_glass_ctm	white_stained_glass	ctm_cube_all_pieces	minecraft:translucent	pieces_full	all=ott:block/white_stained_glass/ctm/small_white_diamond_stained_glass_ctm	all	solo	minecraft:translucent	
white_terracotta_small_tiles_ctm	white_terracotta	ctm_cube_all_pieces		pieces_full	all=ott:block/white_terracotta/ctm/white_terracotta_small_tiles	all	solo		
small_yellow_diamond_stained_glass_ctm	yellow_stained_glass	ctm_cube_all_pieces	minecraft:translucent	pieces_full	all=ott:block/yellow_stained_glass/ctm/small_yellow_diamond_stained_glass_ctm	all	solo	minecraft:translucent	
yellow_terracotta_small_tiles_ctm	yellow_terracotta	ctm_cube_all_pieces		pieces_full	all=ott:block/yellow_terracotta/ctm/yellow_terracotta_small_tiles	all	solo		
amethyst_block_smooth_column_ctm	amethyst_block	ctm_cube_all_pieces		pieces_full	all=ott:block/amethyst_block/ctm/amethyst_block_smooth_column	all	solo		
ancient_debris_smooth_column_ctm	ancient_debris	ctm_cube_all_pieces		pieces_full	all=ott:block/ancient_debris/ctm/ancient_debris_smooth_column	all	solo		
andesite_smooth_column_ctm	andesite	ctm_cube_all_pieces		pieces_full	all=ott:block/andesite/ctm/andesite_smooth_column	all	solo		
basalt_smooth_column_ctm	basalt	ctm_cube_all_pieces		pieces_full	all=ott:block/basalt/ctm/basalt_smooth_column	all	solo		
black_concrete_smooth_ctm	black_concrete	ctm_cube_all_pieces		pieces_full	all=ott:block/black_concrete/ctm/black_concrete_smooth	all	solo		
blackstone_smooth_column_ctm	blackstone	ctm_cube_all_pieces		pieces_full	all=ott:block/blackstone/ctm/blackstone_smooth_column	all	solo		
blue_concrete_smooth_ctm	blue_concrete	ctm_cube_all_pieces		pieces_full	all=ott:block/blue_concrete/ctm/blue_concrete_smooth	all	solo		
blue_ice_smooth_column_ctm	blue_ice	ctm_cube_all_pieces		pieces_full	all=ott:block/blue_ice/ctm/blue_ice_smooth_column	all	solo		
borderless_bricks_smooth_column_ctm	borderless_bricks	ctm_cube_all_pieces		pieces_full	all=ott:block/borderless_bricks/ctm/borderless_bricks_smooth_column	all	solo		
bricks_smooth_column_ctm	bricks	ctm_cube_all_pieces		pieces_full	all=ott:block/bricks/ctm/bricks_smooth_column	all	solo		
brown_concrete_smooth_ctm	brown_concrete	ctm_cube_all_pieces		pieces_full	all=ott:block/brown_concrete/ctm/brown_concrete_smooth	all	solo		
calcite_smooth_column_ctm	calcite	ctm_cube_all_pieces		pieces_full	all=ott:block/calcite/ctm/calcite_smooth_column	all	solo		
clay_smooth_column_ctm	clay	ctm_cube_all_pieces		pieces_full	all=ott:block/clay/ctm/clay_smooth_column	all	solo		
coal_block_smooth_column_ctm	coal_block	ctm_cube_all_pieces		pieces_full	all=ott:block/coal_block/ctm/coal_block_smooth_column	all	solo		
cobblestone_smooth_column_ctm	cobblestone	ctm_cube_all_pieces		pieces_full	all=ott:block/cobblestone/ctm/cobblestone_smooth_column	all	solo		
crying_obsidian_smooth_column_ctm	crying_obsidian	ctm_cube_all_pieces		pieces_full	all=ott:block/crying_obsidian/ctm/crying_obsidian_smooth_column	all	solo		
cyan_concrete_smooth_ctm	cyan_concrete	ctm_cube_all_pieces		pieces_full	all=ott:block/cyan_concrete/ctm/cyan_concrete_smooth	all	solo		
dark_prismarine_smooth_column_ctm	dark_prismarine	ctm_cube_all_pieces		pieces_full	all=ott:block/dark_prismarine/ctm/dark_prismarine_smooth_column	all	solo		
deepslate_smooth_column_ctm	deepslate	ctm_cube_all_pieces		pieces_full	all=ott:block/deepslate/ctm/deepslate_smooth_column	all	solo		
diorite_smooth_column_ctm	diorite	ctm_cube_all_pieces		pieces_full	all=ott:block/diorite/ctm/diorite_smooth_column	all	solo		
dirt_smooth_column_ctm	dirt	ctm_cube_all_pieces		pieces_full	all=ott:block/dirt/ctm/dirt_smooth_column	all	solo		
dripstone_block_smooth_column_ctm	dripstone_block	ctm_cube_all_pieces		pieces_full	all=ott:block/dripstone_block/ctm/dripstone_block_smooth_column	all	solo		
end_stone_smooth_column_ctm	end_stone	ctm_cube_all_pieces		pieces_full	all=ott:block/end_stone/ctm/end_stone_smooth_column	all	solo		
gilded_blackstone_smooth_column_ctm	gilded_blackstone	ctm_cube_all_pieces		pieces_full	all=ott:block/gilded_blackstone/ctm/gilded_blackstone_smooth_column	all	solo		
granite_smooth_column_ctm	granite	ctm_cube_all_pieces		pieces_full	all=ott:block/granite/ctm/granite_smooth_column	all	solo		
gray_concrete_smooth_ctm	gray_concrete	ctm_cube_all_pieces		pieces_full	all=ott:block/gray_concrete/ctm/gray_concrete_smooth	all	solo		
green_concrete_smooth_ctm	green_concrete	ctm_cube_all_pieces		pieces_full	all=ott:block/green_concrete/ctm/green_concrete_smooth	all	solo		
ice_smooth_column_ctm	ice	ctm_cube_all_pieces	minecraft:translucent	pieces_full	all=ott:block/ice/ctm/ice_smooth_column	all	solo		
lapis_block_smooth_column_ctm	lapis_block	ctm_cube_all_pieces		pieces_full	all=ott:block/lapis_block/ctm/lapis_block_smooth_column	all	solo		
light_blue_concrete_smooth_ctm	light_blue_concrete	ctm_cube_all_pieces		pieces_full	all=ott:block/light_blue_concrete/ctm/light_blue_concrete_smooth	all	solo		
light_gray_concrete_smooth_ctm	light_gray_concrete	ctm_cube_all_pieces		pieces_full	all=ott:block/light_gray_concrete/ctm/light_gray_concrete_smooth	all	solo		
lime_concrete_smooth_ctm	lime_concrete	ctm_cube_all_pieces		pieces_full	all=ott:block/lime_concrete/ctm/lime_concrete_smooth	all	solo		
lodestone_smooth_column_ctm	lodestone	ctm_cube_all_pieces		pieces_full	all=ott:block/lodestone/ctm/lodestone_smooth_column	all	solo		
magenta_concrete_smooth_ctm	magenta_concrete	ctm_cube_all_pieces		pieces_full	all=ott:block/magenta_concrete/ctm/magenta_concrete_smooth	all	solo		
magma_block_smooth_column_ctm	magma_block	ctm_cube_all_pieces		pieces_full	all=ott:block/magma_block/ctm/magma_block_smooth_column	all	solo		
mossy_cobblestone_smooth_column_ctm	mossy_cobblestone	ctm_cube_all_pieces		pieces_full	all=ott:block/mossy_cobblestone/ctm/mossy_cobblestone_smooth_column	all	solo		
mossy_stone_bricks_smooth_column_ctm	mossy_stone_bricks	ctm_cube_all_pieces		pieces_full	all=ott:block/mossy_stone_bricks/ctm/mossy_stone_bricks_smooth_column	all	solo		
nether_bricks_smooth_column_ctm	nether_bricks	ctm_cube_all_pieces		pieces_full	all=ott:block/nether_bricks/ctm/nether_bricks_smooth_column	all	solo		
netherrack_smooth_column_ctm	netherrack	ctm_cube_all_pieces		pieces_full	all=ott:block/netherrack/ctm/netherrack_smooth_column	all	solo		
obsidian_smooth_column_ctm	obsidian	ctm_cube_all_pieces		pieces_full	all=ott:block/obsidian/ctm/obsidian_smooth_column	all	solo		
orange_concrete_smooth_ctm	orange_concrete	ctm_cube_all_pieces		pieces_full	all=ott:block/orange_concrete/ctm/orange_concrete_smooth	all	solo		
packed_ice_smooth_column_ctm	packed_ice	ctm_cube_all_pieces		pieces_full	all=ott:block/packed_ice/ctm/packed_ice_smooth_column	all	solo		
pink_concrete_smooth_ctm	pink_concrete	ctm_cube_all_pieces		pieces_full	all=ott:block/pink_concrete/ctm/pink_concrete_smooth	all	solo		
prismarine_smooth_column_ctm	prismarine	ctm_cube_all_pieces		pieces_full	all=ott:block/prismarine/ctm/prismarine_smooth_column	all	solo		
purple_concrete_smooth_ctm	purple_concrete	ctm_cube_all_pieces		pieces_full	all=ott:block/purple_concrete/ctm/purple_concrete_smooth	all	solo		
purpur_block_smooth_column_ctm	purpur_block	ctm_cube_all_pieces		pieces_full	all=ott:block/purpur_block/ctm/purpur_block_smooth_column	all	solo		
quartz_block_smooth_column_ctm	quartz_block	ctm_cube_all_pieces		pieces_full	all=ott:block/quartz_block/ctm/quartz_block_smooth_column	all	solo		
raw_copper_block_smooth_column_ctm	raw_copper_block	ctm_cube_all_pieces		pieces_full	all=ott:block/raw_copper_block/ctm/raw_copper_block_smooth_column	all	solo		
raw_gold_block_smooth_column_ctm	raw_gold_block	ctm_cube_all_pieces		pieces_full	all=ott:block/raw_gold_block/ctm/raw_gold_block_smooth_column	all	solo		
raw_iron_block_smooth_column_ctm	raw_iron_block	ctm_cube_all_pieces		pieces_full	all=ott:block/raw_iron_block/ctm/raw_iron_block_smooth_column	all	solo		
red_concrete_smooth_ctm	red_concrete	ctm_cube_all_pieces		pieces_full	all=ott:block/red_concrete/ctm/red_concrete_smooth	all	solo		
red_nether_bricks_smooth_column_ctm	red_nether_bricks	ctm_cube_all_pieces		pieces_full	all=ott:block/red_nether_bricks/ctm/red_nether_bricks_smooth_column	all	solo		
red_sandstone_smooth_column_ctm	red_sandstone	ctm_cube_all_pieces		pieces_full	all=ott:block/red_sandstone/ctm/red_sandstone_smooth_column	all	solo		
redstone_block_smooth_column_ctm	redstone_block	ctm_cube_all_pieces		pieces_full	all=ott:block/redstone_block/ctm/redstone_block_smooth_column	all	solo		
sandstone_smooth_column_ctm	sandstone	ctm_cube_all_pieces		pieces_full	all=ott:block/sandstone/ctm/sandstone_smooth_column	all	solo		
smooth_stone_smooth_column_ctm	smooth_stone	ctm_cube_all_pieces		pieces_full	all=ott:block/smooth_stone/ctm/smooth_stone_smooth_column	all	solo		
snow_block_smooth_column_ctm	snow_block	ctm_cube_all_pieces		pieces_full	all=ott:block/snow_block/ctm/snow_block_smooth_column	all	solo		
tuff_smooth_column_ctm	tuff	ctm_cube_all_pieces		pieces_full	all=ott:block/tuff/ctm/tuff_smooth_column	all	solo		
white_concrete_smooth_ctm	white_concrete	ctm_cube_all_pieces		pieces_full	all=ott:block/white_concrete/ctm/white_concrete_smooth	all	solo		
yellow_concrete_smooth_ctm	yellow_concrete	ctm_cube_all_pieces		pieces_full	all=ott:block/yellow_concrete/ctm/yellow_concrete_smooth	all	solo		
glass_soul_ctm	glass	ctm_cube_all_pieces	minecraft:translucent	pieces_full	all=ott:block/glass/ctm/glass_soul	all	solo	minecraft:translucent	
spirit_mosaic_border	spirit_mosaic	ctm_full_detailed			all=ott:block/spirit_mosaic/spirit_mosaic_border	*=same;match:ott:spirit_mosaic_delicate	self		all=ott:block/spirit_mosaic/spirit_mosaic_border_static
spirit_mosaic_delicate	spirit_mosaic	ctm_full_detailed			all=ott:block/spirit_mosaic/spirit_mosaic_delicate	*=same;match:ott:spirit_mosaic_border	self		all=ott:block/spirit_mosaic/spirit_mosaic_delicate_static
spirit_mosaic_geometric	spirit_mosaic	ctm_full_detailed_overlay	minecraft:cutout_mipped		all=ott:block/spirit_mosaic/spirit_mosaic_geometric|overlay=ott:block/spirit_mosaic/spirit_mosaic_pattern_overlay	all=same|overlay=match:ott:spirit_mosaic_pattern	self		all=ott:block/spirit_mosaic/spirit_mosaic_geometric_static|overlay=ott:block/spirit_mosaic/spirit_mosaic_pattern_overlay_static
spirit_mosaic_pattern	spirit_mosaic	ctm_full_detailed			all=ott:block/spirit_mosaic/spirit_mosaic_pattern	*=same;match:ott:spirit_mosaic_geometric	self		all=ott:block/spirit_mosaic/spirit_mosaic_pattern_static
spruce_planks_beams_ctm	spruce_planks	ctm_cube_all_pieces		pieces_full	all=ott:block/spruce_planks/ctm/spruce_planks_beams	all	solo		
spruce_planks_brick_pattern_ctm	spruce_planks	ctm_cube_all_pieces		pieces_full	all=ott:block/spruce_planks/ctm/spruce_planks_brick_pattern	all	solo		
spruce_planks_brick_paving_ctm	spruce_planks	ctm_cube_all_pieces		pieces_full	all=ott:block/spruce_planks/ctm/spruce_planks_brick_paving	all	solo		
spruce_planks_bricks_ctm	spruce_planks	ctm_cube_all_horizontal		pieces_horizontal	all=ott:block/spruce_planks/ctm/spruce_planks_bricks	all	self		
spruce_planks_crate_ctm	spruce_planks	ctm_cube_all_pieces		pieces_full	all=ott:block/spruce_planks/ctm/spruce_planks_crate	all	solo		
spruce_planks_diagonal_stripes_ctm	spruce_planks	ctm_cube_all_pieces		pieces_full	all=ott:block/spruce_planks/ctm/spruce_planks_diagonal_stripes	all	solo		
spruce_planks_diagonal_tiles_ctm	spruce_planks	ctm_cube_all_pieces		pieces_full	all=ott:block/spruce_planks/ctm/spruce_planks_diagonal_tiles	all	solo		
spruce_planks_dotted_ctm	spruce_planks	ctm_cube_all_pieces		pieces_full	all=ott:block/spruce_planks/ctm/spruce_planks_dotted	all	solo		
spruce_planks_flooring_ctm	spruce_planks	ctm_cube_all_pieces		pieces_full	all=ott:block/spruce_planks/ctm/spruce_planks_flooring	all	solo		
spruce_planks_large_tiles_ctm	spruce_planks	ctm_cube_all_pieces		pieces_full	all=ott:block/spruce_planks/ctm/spruce_planks_large_tiles	all	solo		
spruce_planks_panel_ctm	spruce_planks	ctm_cube_all_pieces		pieces_full	all=ott:block/spruce_planks/ctm/spruce_planks_panel	all	solo		
spruce_planks_pattern_ctm	spruce_planks	ctm_cube_all_pieces		pieces_full	all=ott:block/spruce_planks/ctm/spruce_planks_pattern	all	solo		
spruce_planks_rotated_bricks_ctm	spruce_planks	ctm_cube_all_pieces		pieces_full	all=ott:block/spruce_planks/ctm/spruce_planks_rotated_bricks	all	solo		
spruce_planks_small_bricks_ctm	spruce_planks	ctm_cube_all_pieces		pieces_full	all=ott:block/spruce_planks/ctm/spruce_planks_small_bricks	all	solo		
spruce_planks_small_tiles_ctm	spruce_planks	ctm_cube_all_pieces		pieces_full	all=ott:block/spruce_planks/ctm/spruce_planks_small_tiles	all	solo		
spruce_planks_squares_ctm	spruce_planks	ctm_cube_all_pieces		pieces_full	all=ott:block/spruce_planks/ctm/spruce_planks_squares	all	solo		
spruce_planks_tiles_ctm	spruce_planks	ctm_cube_all_pieces		pieces_full	all=ott:block/spruce_planks/ctm/spruce_planks_tiles	all	solo		
spruce_planks_wavy_ctm	spruce_planks	ctm_cube_all_pieces		pieces_full	all=ott:block/spruce_planks/ctm/spruce_planks_wavy	all	solo		
spruce_planks_woven_ctm	spruce_planks	ctm_cube_all_pieces		pieces_full	all=ott:block/spruce_planks/ctm/spruce_planks_woven	all	solo		
spruce_window_bars_ctm	spruce_planks	ctm_cube_column_pieces_vertical	minecraft:cutout_mipped	pieces_vertical	side=ott:block/spruce_windows/ctm/spruce_window_bars|top=minecraft:block/spruce_planks	side	self		
spruce_window_covered_ctm	spruce_planks	ctm_cube_column_pieces_vertical	minecraft:cutout_mipped	pieces_vertical	side=ott:block/spruce_windows/ctm/spruce_window_covered|top=minecraft:block/spruce_planks	side	self		
spruce_window_diagonal_ctm	spruce_planks	ctm_cube_column_pieces_vertical	minecraft:cutout_mipped	pieces_vertical	side=ott:block/spruce_windows/ctm/spruce_window_diagonal|top=minecraft:block/spruce_planks	side	self		
spruce_window_large_ctm	spruce_planks	ctm_cube_column_pieces_vertical	minecraft:cutout_mipped	pieces_vertical	side=ott:block/spruce_windows/ctm/spruce_window_large|top=minecraft:block/spruce_planks	side	self		
spruce_window_panes_ctm	spruce_planks	ctm_cube_column_pieces_vertical	minecraft:cutout_mipped	pieces_vertical	side=ott:block/spruce_windows/ctm/spruce_window_panes|top=minecraft:block/spruce_planks	side	self		
spruce_window_rounded_ctm	spruce_planks	ctm_cube_column_pieces_vertical	minecraft:cutout_mipped	pieces_vertical	side=ott:block/spruce_windows/ctm/spruce_window_rounded|top=minecraft:block/spruce_planks	side	self		
spruce_window_slim_ctm	spruce_planks	ctm_cube_column_pieces_vertical	minecraft:cutout_mipped	pieces_vertical	side=ott:block/spruce_windows/ctm/spruce_window_slim|top=minecraft:block/spruce_planks	side	self		
spruce_window_swirling_ctm	spruce_planks	ctm_cube_column_pieces_vertical	minecraft:cutout_mipped	pieces_vertical	side=ott:block/spruce_windows/ctm/spruce_window_swirling|top=minecraft:block/spruce_planks	side	self		
spruce_window_tiles_ctm	spruce_planks	ctm_cube_column_pieces_planks_top	minecraft:cutout_mipped		side=ott:block/spruce_windows/ctm/spruce_window_tiles|up=minecraft:block/spruce_planks	side:pieces_full	static	minecraft:cutout_mipped	
square_oak_glass_ctm	oak_planks	ctm_cube_all_pieces	minecraft:cutout	pieces_full	all=ott:block/oak_planks/ctm/square_oak_glass	all	solo	minecraft:cutout	
stone_big_tiles_ctm	stone	ctm_cube_all_pieces		pieces_full	all=ott:block/stone/ctm/stone_big_tiles	all	solo		
stone_bordered_ctm	stone	ctm_cube_all_pieces		pieces_full	all=ott:block/stone/ctm/stone_bordered	all	solo		
stone_brick_pattern_ctm	stone	ctm_cube_all_pieces		pieces_full	all=ott:block/stone/ctm/stone_brick_pattern	all	solo		
stone_brick_paving_ctm	stone	ctm_cube_all_pieces		pieces_full	all=ott:block/stone/ctm/stone_brick_paving	all	solo		
stone_bricks_masonry	stone_bricks	ctm_full_detailed			all=ott:block/stone_bricks_masonry/stone_bricks_masonry_ctm	*=same	self		all=ott:block/stone_bricks_masonry/stone_bricks_masonry
stone_chiseled_bricks_ctm	stone	ctm_cube_all_pieces		pieces_full	all=ott:block/stone/ctm/stone_chiseled_bricks	all	solo		
stone_crushed_ctm	stone	ctm_cube_all_pieces		pieces_full	all=ott:block/stone/ctm/stone_crushed	all	solo		
stone_diagonal_bricks_ctm	stone	ctm_cube_all_pieces		pieces_full	all=ott:block/stone/ctm/stone_diagonal_bricks	all	solo		
stone_framed_glass_ctm	stone	ctm_cube_all_pieces	minecraft:translucent	pieces_full	all=ott:block/stone/ctm/stone_framed_glass	all	solo	minecraft:translucent	
stone_path_ctm	stone	ctm_cube_all_pieces		pieces_full	all=ott:block/stone/ctm/stone_path	all	solo		
stone_rotated_bricks_ctm	stone	ctm_cube_all_pieces		pieces_full	all=ott:block/stone/ctm/stone_rotated_bricks	all	solo		
stone_small_bricks_ctm	stone	ctm_cube_all_pieces		pieces_full	all=ott:block/stone/ctm/stone_small_bricks	all	solo		
stone_small_tiles_ctm	stone	ctm_cube_all_pieces		pieces_full	all=ott:block/stone/ctm/stone_small_tiles	all	solo		
stone_smooth_brick_paving_ctm	stone	ctm_cube_all_pieces		pieces_full	all=ott:block/stone/ctm/stone_smooth_brick_paving	all	solo		
stone_smooth_ctm	stone	ctm_cube_all_pieces		pieces_full	all=ott:block/stone/ctm/stone_smooth	all	solo		
stone_smooth_large_tiles_ctm	stone	ctm_cube_all_pieces		pieces_full	all=ott:block/stone/ctm/stone_smooth_large_tiles	all	solo		
stone_smooth_rotated_bricks_ctm	stone	ctm_cube_all_pieces		pieces_full	all=ott:block/stone/ctm/stone_smooth_rotated_bricks	all	solo		
stone_smooth_tiles_ctm	stone	ctm_cube_all_pieces		pieces_full	all=ott:block/stone/ctm/stone_smooth_tiles	all	solo		
stone_squares_ctm	stone	ctm_cube_all_pieces		pieces_full	all=ott:block/stone/ctm/stone_squares	all	solo		
stone_tiles_ctm	stone	ctm_cube_all_pieces		pieces_full	all=ott:block/stone/ctm/stone_tiles	all	solo		
stone_waves_ctm	stone	ctm_cube_all_pieces		pieces_full	all=ott:block/stone/ctm/stone_waves	all	solo		
black_concrete_striped_ctm	black_concrete	ctm_cube_all_pieces		pieces_full	all=ott:block/black_concrete/ctm/black_concrete_striped	all	solo		
blue_concrete_striped_ctm	blue_concrete	ctm_cube_all_pieces		pieces_full	all=ott:block/blue_concrete/ctm/blue_concrete_striped	all	solo		
brown_concrete_striped_ctm	brown_concrete	ctm_cube_all_pieces		pieces_full	all=ott:block/brown_concrete/ctm/brown_concrete_striped	all	solo		
cyan_concrete_striped_ctm	cyan_concrete	ctm_cube_all_pieces		pieces_full	all=ott:block/cyan_concrete/ctm/cyan_concrete_striped	all	solo		
gray_concrete_striped_ctm	gray_concrete	ctm_cube_all_pieces		pieces_full	all=ott:block/gray_concrete/ctm/gray_concrete_striped	all	solo		
green_concrete_striped_ctm	green_concrete	ctm_cube_all_pieces		pieces_full	all=ott:block/green_concrete/ctm/green_concrete_striped	all	solo		
light_blue_concrete_striped_ctm	light_blue_concrete	ctm_cube_all_pieces		pieces_full	all=ott:block/light_blue_concrete/ctm/light_blue_concrete_striped	all	solo		
light_gray_concrete_striped_ctm	light_gray_concrete	ctm_cube_all_pieces		pieces_full	all=ott:block/light_gray_concrete/ctm/light_gray_concrete_striped	all	solo		
lime_concrete_striped_ctm	lime_concrete	ctm_cube_all_pieces		pieces_full	all=ott:block/lime_concrete/ctm/lime_concrete_striped	all	solo		
magenta_concrete_striped_ctm	magenta_concrete	ctm_cube_all_pieces		pieces_full	all=ott:block/magenta_concrete/ctm/magenta_concrete_striped	all	solo		
orange_concrete_striped_ctm	orange_concrete	ctm_cube_all_pieces		pieces_full	all=ott:block/orange_concrete/ctm/orange_concrete_striped	all	solo		
pink_concrete_striped_ctm	pink_concrete	ctm_cube_all_pieces		pieces_full	all=ott:block/pink_concrete/ctm/pink_concrete_striped	all	solo		
purple_concrete_striped_ctm	purple_concrete	ctm_cube_all_pieces		pieces_full	all=ott:block/purple_concrete/ctm/purple_concrete_striped	all	solo		
red_concrete_striped_ctm	red_concrete	ctm_cube_all_pieces		pieces_full	all=ott:block/red_concrete/ctm/red_concrete_striped	all	solo		
white_concrete_striped_ctm	white_concrete	ctm_cube_all_pieces		pieces_full	all=ott:block/white_concrete/ctm/white_concrete_striped	all	solo		
yellow_concrete_striped_ctm	yellow_concrete	ctm_cube_all_pieces		pieces_full	all=ott:block/yellow_concrete/ctm/yellow_concrete_striped	all	solo		
terracotta_column_ctm	terracotta	ctm_cube_all_horizontal		pieces_vertical	all=ott:block/terracotta/ctm/terracotta_column	all	self		
terracotta_ctm	terracotta	ctm_cube_all_horizontal		pieces_vertical	all=ott:block/terracotta/ctm/terracotta_ctm	all	self		
amethyst_block_thick_inlayed_ctm	amethyst_block	ctm_cube_all_pieces		pieces_full	all=ott:block/amethyst_block/ctm/amethyst_block_thick_inlayed	all	solo		
ancient_debris_thick_inlayed_ctm	ancient_debris	ctm_cube_all_pieces		pieces_full	all=ott:block/ancient_debris/ctm/ancient_debris_thick_inlayed	all	solo		
andesite_thick_inlayed_ctm	andesite	ctm_cube_all_pieces		pieces_full	all=ott:block/andesite/ctm/andesite_thick_inlayed	all	solo		
basalt_thick_inlayed_ctm	basalt	ctm_cube_all_pieces		pieces_full	all=ott:block/basalt/ctm/basalt_thick_inlayed	all	solo		
blackstone_thick_inlayed_ctm	blackstone	ctm_cube_all_pieces		pieces_full	all=ott:block/blackstone/ctm/blackstone_thick_inlayed	all	solo		
blue_ice_thick_inlayed_ctm	blue_ice	ctm_cube_all_pieces		pieces_full	all=ott:block/blue_ice/ctm/blue_ice_thick_inlayed	all	solo		
borderless_bricks_thick_inlayed_ctm	borderless_bricks	ctm_cube_all_pieces		pieces_full	all=ott:block/borderless_bricks/ctm/borderless_bricks_thick_inlayed	all	solo		
bricks_thick_inlayed_ctm	bricks	ctm_cube_all_pieces		pieces_full	all=ott:block/bricks/ctm/bricks_thick_inlayed	all	solo		
calcite_thick_inlayed_ctm	calcite	ctm_cube_all_pieces		pieces_full	all=ott:block/calcite/ctm/calcite_thick_inlayed	all	solo		
clay_thick_inlayed_ctm	clay	ctm_cube_all_pieces		pieces_full	all=ott:block/clay/ctm/clay_thick_inlayed	all	solo		
coal_block_thick_inlayed_ctm	coal_block	ctm_cube_all_pieces		pieces_full	all=ott:block/coal_block/ctm/coal_block_thick_inlayed	all	solo		
cobblestone_thick_inlayed_ctm	cobblestone	ctm_cube_all_pieces		pieces_full	all=ott:block/cobblestone/ctm/cobblestone_thick_inlayed	all	solo		
crying_obsidian_thick_inlayed_ctm	crying_obsidian	ctm_cube_all_pieces		pieces_full	all=ott:block/crying_obsidian/ctm/crying_obsidian_thick_inlayed	all	solo		
dark_prismarine_thick_inlayed_ctm	dark_prismarine	ctm_cube_all_pieces		pieces_full	all=ott:block/dark_prismarine/ctm/dark_prismarine_thick_inlayed	all	solo		
deepslate_thick_inlayed_ctm	deepslate	ctm_cube_all_pieces		pieces_full	all=ott:block/deepslate/ctm/deepslate_thick_inlayed	all	solo		
diorite_thick_inlayed_ctm	diorite	ctm_cube_all_pieces		pieces_full	all=ott:block/diorite/ctm/diorite_thick_inlayed	all	solo		
dirt_thick_inlayed_ctm	dirt	ctm_cube_all_pieces		pieces_full	all=ott:block/dirt/ctm/dirt_thick_inlayed	all	solo		
dripstone_block_thick_inlayed_ctm	dripstone_block	ctm_cube_all_pieces		pieces_full	all=ott:block/dripstone_block/ctm/dripstone_block_thick_inlayed	all	solo		
end_stone_thick_inlayed_ctm	end_stone	ctm_cube_all_pieces		pieces_full	all=ott:block/end_stone/ctm/end_stone_thick_inlayed	all	solo		
gilded_blackstone_thick_inlayed_ctm	gilded_blackstone	ctm_cube_all_pieces		pieces_full	all=ott:block/gilded_blackstone/ctm/gilded_blackstone_thick_inlayed	all	solo		
granite_thick_inlayed_ctm	granite	ctm_cube_all_pieces		pieces_full	all=ott:block/granite/ctm/granite_thick_inlayed	all	solo		
ice_thick_inlayed_ctm	ice	ctm_cube_all_pieces	minecraft:translucent	pieces_full	all=ott:block/ice/ctm/ice_thick_inlayed	all	solo		
lapis_block_thick_inlayed_ctm	lapis_block	ctm_cube_all_pieces		pieces_full	all=ott:block/lapis_block/ctm/lapis_block_thick_inlayed	all	solo		
lodestone_thick_inlayed_ctm	lodestone	ctm_cube_all_pieces		pieces_full	all=ott:block/lodestone/ctm/lodestone_thick_inlayed	all	solo		
magma_block_thick_inlayed_ctm	magma_block	ctm_cube_all_pieces		pieces_full	all=ott:block/magma_block/ctm/magma_block_thick_inlayed	all	solo		
mossy_cobblestone_thick_inlayed_ctm	mossy_cobblestone	ctm_cube_all_pieces		pieces_full	all=ott:block/mossy_cobblestone/ctm/mossy_cobblestone_thick_inlayed	all	solo		
mossy_stone_bricks_thick_inlayed_ctm	mossy_stone_bricks	ctm_cube_all_pieces		pieces_full	all=ott:block/mossy_stone_bricks/ctm/mossy_stone_bricks_thick_inlayed	all	solo		
nether_bricks_thick_inlayed_ctm	nether_bricks	ctm_cube_all_pieces		pieces_full	all=ott:block/nether_bricks/ctm/nether_bricks_thick_inlayed	all	solo		
netherrack_thick_inlayed_ctm	netherrack	ctm_cube_all_pieces		pieces_full	all=ott:block/netherrack/ctm/netherrack_thick_inlayed	all	solo		
obsidian_thick_inlayed_ctm	obsidian	ctm_cube_all_pieces		pieces_full	all=ott:block/obsidian/ctm/obsidian_thick_inlayed	all	solo		
packed_ice_thick_inlayed_ctm	packed_ice	ctm_cube_all_pieces		pieces_full	all=ott:block/packed_ice/ctm/packed_ice_thick_inlayed	all	solo		
prismarine_thick_inlayed_ctm	prismarine	ctm_cube_all_pieces		pieces_full	all=ott:block/prismarine/ctm/prismarine_thick_inlayed	all	solo		
purpur_block_thick_inlayed_ctm	purpur_block	ctm_cube_all_pieces		pieces_full	all=ott:block/purpur_block/ctm/purpur_block_thick_inlayed	all	solo		
quartz_block_thick_inlayed_ctm	quartz_block	ctm_cube_all_pieces		pieces_full	all=ott:block/quartz_block/ctm/quartz_block_thick_inlayed	all	solo		
raw_copper_block_thick_inlayed_ctm	raw_copper_block	ctm_cube_all_pieces		pieces_full	all=ott:block/raw_copper_block/ctm/raw_copper_block_thick_inlayed	all	solo		
raw_gold_block_thick_inlayed_ctm	raw_gold_block	ctm_cube_all_pieces		pieces_full	all=ott:block/raw_gold_block/ctm/raw_gold_block_thick_inlayed	all	solo		
raw_iron_block_thick_inlayed_ctm	raw_iron_block	ctm_cube_all_pieces		pieces_full	all=ott:block/raw_iron_block/ctm/raw_iron_block_thick_inlayed	all	solo		
red_nether_bricks_thick_inlayed_ctm	red_nether_bricks	ctm_cube_all_pieces		pieces_full	all=ott:block/red_nether_bricks/ctm/red_nether_bricks_thick_inlayed	all	solo		
red_sandstone_thick_inlayed_ctm	red_sandstone	ctm_cube_all_pieces		pieces_full	all=ott:block/red_sandstone/ctm/red_sandstone_thick_inlayed	all	solo		
redstone_block_thick_inlayed_ctm	redstone_block	ctm_cube_all_pieces		pieces_full	all=ott:block/redstone_block/ctm/redstone_block_thick_inlayed	all	solo		
sandstone_thick_inlayed_ctm	sandstone	ctm_cube_all_pieces		pieces_full	all=ott:block/sandstone/ctm/sandstone_thick_inlayed	all	solo		
smooth_stone_thick_inlayed_ctm	smooth_stone	ctm_cube_all_pieces		pieces_full	all=ott:block/smooth_stone/ctm/smooth_stone_thick_inlayed	all	solo		
snow_block_thick_inlayed_ctm	snow_block	ctm_cube_all_pieces		pieces_full	all=ott:block/snow_block/ctm/snow_block_thick_inlayed	all	solo		
tuff_thick_inlayed_ctm	tuff	ctm_cube_all_pieces		pieces_full	all=ott:block/tuff/ctm/tuff_thick_inlayed	all	solo		
bamboo_planks_tied_ctm	bamboo_planks	ctm_cube_all_pieces		pieces_full	all=ott:block/bamboo_planks/ctm/bamboo_planks_tied	all	solo		
amethyst_block_tiled_column_ctm	amethyst_block	ctm_cube_all_pieces		pieces_full	all=ott:block/amethyst_block/ctm/amethyst_block_tiled_column	all	solo		
ancient_debris_tiled_column_ctm	ancient_debris	ctm_cube_all_pieces		pieces_full	all=ott:block/ancient_debris/ctm/ancient_debris_tiled_column	all	solo		
andesite_tiled_column_ctm	andesite	ctm_cube_all_pieces		pieces_full	all=ott:block/andesite/ctm/andesite_tiled_column	all	solo		
basalt_tiled_column_ctm	basalt	ctm_cube_all_pieces		pieces_full	all=ott:block/basalt/ctm/basalt_tiled_column	all	solo		
tiled_black_stained_glass_ctm	black_stained_glass	ctm_cube_all_pieces	minecraft:translucent	pieces_full	all=ott:block/black_stained_glass/ctm/tiled_black_stained_glass_ctm	all	solo	minecraft:translucent	
blackstone_tiled_column_ctm	blackstone	ctm_cube_all_pieces		pieces_full	all=ott:block/blackstone/ctm/blackstone_tiled_column	all	solo		
blue_ice_tiled_column_ctm	blue_ice	ctm_cube_all_pieces		pieces_full	all=ott:block/blue_ice/ctm/blue_ice_tiled_column	all	solo		
tiled_blue_stained_glass_ctm	blue_stained_glass	ctm_cube_all_pieces	minecraft:translucent	pieces_full	all=ott:block/blue_stained_glass/ctm/tiled_blue_stained_glass_ctm	all	solo	minecraft:translucent	
amethyst_block_tiled_bordered_ctm	amethyst_block	ctm_cube_all_pieces		pieces_full	all=ott:block/amethyst_block/ctm/amethyst_block_tiled_bordered	all	solo		
ancient_debris_tiled_bordered_ctm	ancient_debris	ctm_cube_all_pieces		pieces_full	all=ott:block/ancient_debris/ctm/ancient_debris_tiled_bordered	all	solo		
andesite_tiled_bordered_ctm	andesite	ctm_cube_all_pieces		pieces_full	all=ott:block/andesite/ctm/andesite_tiled_bordered	all	solo		
basalt_tiled_bordered_ctm	basalt	ctm_cube_all_pieces		pieces_full	all=ott:block/basalt/ctm/basalt_tiled_bordered	all	solo		
blackstone_tiled_bordered_ctm	blackstone	ctm_cube_all_pieces		pieces_full	all=ott:block/blackstone/ctm/blackstone_tiled_bordered	all	solo		
blue_ice_tiled_bordered_ctm	blue_ice	ctm_cube_all_pieces		pieces_full	all=ott:block/blue_ice/ctm/blue_ice_tiled_bordered	all	solo		
borderless_bricks_tiled_bordered_ctm	borderless_bricks	ctm_cube_all_pieces		pieces_full	all=ott:block/borderless_bricks/ctm/borderless_bricks_tiled_bordered	all	solo		
bricks_tiled_bordered_ctm	bricks	ctm_cube_all_pieces		pieces_full	all=ott:block/bricks/ctm/bricks_tiled_bordered	all	solo		
calcite_tiled_bordered_ctm	calcite	ctm_cube_all_pieces		pieces_full	all=ott:block/calcite/ctm/calcite_tiled_bordered	all	solo		
clay_tiled_bordered_ctm	clay	ctm_cube_all_pieces		pieces_full	all=ott:block/clay/ctm/clay_tiled_bordered	all	solo		
coal_block_tiled_bordered_ctm	coal_block	ctm_cube_all_pieces		pieces_full	all=ott:block/coal_block/ctm/coal_block_tiled_bordered	all	solo		
cobblestone_tiled_bordered_ctm	cobblestone	ctm_cube_all_pieces		pieces_full	all=ott:block/cobblestone/ctm/cobblestone_tiled_bordered	all	solo		
crying_obsidian_tiled_bordered_ctm	crying_obsidian	ctm_cube_all_pieces		pieces_full	all=ott:block/crying_obsidian/ctm/crying_obsidian_tiled_bordered	all	solo		
dark_prismarine_tiled_bordered_ctm	dark_prismarine	ctm_cube_all_pieces		pieces_full	all=ott:block/dark_prismarine/ctm/dark_prismarine_tiled_bordered	all	solo		
deepslate_tiled_bordered_ctm	deepslate	ctm_cube_all_pieces		pieces_full	all=ott:block/deepslate/ctm/deepslate_tiled_bordered	all	solo		
diorite_tiled_bordered_ctm	diorite	ctm_cube_all_pieces		pieces_full	all=ott:block/diorite/ctm/diorite_tiled_bordered	all	solo		
dirt_tiled_bordered_ctm	dirt	ctm_cube_all_pieces		pieces_full	all=ott:block/dirt/ctm/dirt_tiled_bordered	all	solo		
dripstone_block_tiled_bordered_ctm	dripstone_block	ctm_cube_all_pieces		pieces_full	all=ott:block/dripstone_block/ctm/dripstone_block_tiled_bordered	all	solo		
end_stone_tiled_bordered_ctm	end_stone	ctm_cube_all_pieces		pieces_full	all=ott:block/end_stone/ctm/end_stone_tiled_bordered	all	solo		
gilded_blackstone_tiled_bordered_ctm	gilded_blackstone	ctm_cube_all_pieces		pieces_full	all=ott:block/gilded_blackstone/ctm/gilded_blackstone_tiled_bordered	all	solo		
granite_tiled_bordered_ctm	granite	ctm_cube_all_pieces		pieces_full	all=ott:block/granite/ctm/granite_tiled_bordered	all	solo		
ice_tiled_bordered_ctm	ice	ctm_cube_all_pieces	minecraft:translucent	pieces_full	all=ott:block/ice/ctm/ice_tiled_bordered	all	solo		
lapis_block_tiled_bordered_ctm	lapis_block	ctm_cube_all_pieces		pieces_full	all=ott:block/lapis_block/ctm/lapis_block_tiled_bordered	all	solo		
lodestone_tiled_bordered_ctm	lodestone	ctm_cube_all_pieces		pieces_full	all=ott:block/lodestone/ctm/lodestone_tiled_bordered	all	solo		
magma_block_tiled_bordered_ctm	magma_block	ctm_cube_all_pieces		pieces_full	all=ott:block/magma_block/ctm/magma_block_tiled_bordered	all	solo		
mossy_cobblestone_tiled_bordered_ctm	mossy_cobblestone	ctm_cube_all_pieces		pieces_full	all=ott:block/mossy_cobblestone/ctm/mossy_cobblestone_tiled_bordered	all	solo		
mossy_stone_bricks_tiled_bordered_ctm	mossy_stone_bricks	ctm_cube_all_pieces		pieces_full	all=ott:block/mossy_stone_bricks/ctm/mossy_stone_bricks_tiled_bordered	all	solo		
mud_bricks_tiled_bordered_ctm	mud_bricks	ctm_cube_all_pieces		pieces_full	all=ott:block/mud_bricks/ctm/mud_bricks_tiled_bordered	all	solo		
mud_tiled_bordered_ctm	mud	ctm_cube_all_pieces		pieces_full	all=ott:block/mud/ctm/mud_tiled_bordered	all	solo		
nether_bricks_tiled_bordered_ctm	nether_bricks	ctm_cube_all_pieces		pieces_full	all=ott:block/nether_bricks/ctm/nether_bricks_tiled_bordered	all	solo		
netherrack_tiled_bordered_ctm	netherrack	ctm_cube_all_pieces		pieces_full	all=ott:block/netherrack/ctm/netherrack_tiled_bordered	all	solo		
obsidian_tiled_bordered_ctm	obsidian	ctm_cube_all_pieces		pieces_full	all=ott:block/obsidian/ctm/obsidian_tiled_bordered	all	solo		
packed_ice_tiled_bordered_ctm	packed_ice	ctm_cube_all_pieces		pieces_full	all=ott:block/packed_ice/ctm/packed_ice_tiled_bordered	all	solo		
packed_mud_tiled_bordered_ctm	packed_mud	ctm_cube_all_pieces		pieces_full	all=ott:block/packed_mud/ctm/packed_mud_tiled_bordered	all	solo		
prismarine_tiled_bordered_ctm	prismarine	ctm_cube_all_pieces		pieces_full	all=ott:block/prismarine/ctm/prismarine_tiled_bordered	all	solo		
purpur_block_tiled_bordered_ctm	purpur_block	ctm_cube_all_pieces		pieces_full	all=ott:block/purpur_block/ctm/purpur_block_tiled_bordered	all	solo		
quartz_block_tiled_bordered_ctm	quartz_block	ctm_cube_all_pieces		pieces_full	all=ott:block/quartz_block/ctm/quartz_block_tiled_bordered	all	solo		
raw_copper_block_tiled_bordered_ctm	raw_copper_block	ctm_cube_all_pieces		pieces_full	all=ott:block/raw_copper_block/ctm/raw_copper_block_tiled_bordered	all	solo		
raw_gold_block_tiled_bordered_ctm	raw_gold_block	ctm_cube_all_pieces		pieces_full	all=ott:block/raw_gold_block/ctm/raw_gold_block_tiled_bordered	all	solo		
raw_iron_block_tiled_bordered_ctm	raw_iron_block	ctm_cube_all_pieces		pieces_full	all=ott:block/raw_iron_block/ctm/raw_iron_block_tiled_bordered	all	solo		
red_nether_bricks_tiled_bordered_ctm	red_nether_bricks	ctm_cube_all_pieces		pieces_full	all=ott:block/red_nether_bricks/ctm/red_nether_bricks_tiled_bordered	all	solo		
red_sandstone_tiled_bordered_ctm	red_sandstone	ctm_cube_all_pieces		pieces_full	all=ott:block/red_sandstone/ctm/red_sandstone_tiled_bordered	all	solo		
redstone_block_tiled_bordered_ctm	redstone_block	ctm_cube_all_pieces		pieces_full	all=ott:block/redstone_block/ctm/redstone_block_tiled_bordered	all	solo		
sandstone_tiled_bordered_ctm	sandstone	ctm_cube_all_pieces		pieces_full	all=ott:block/sandstone/ctm/sandstone_tiled_bordered	all	solo		
smooth_stone_tiled_bordered_ctm	smooth_stone	ctm_cube_all_pieces		pieces_full	all=ott:block/smooth_stone/ctm/smooth_stone_tiled_bordered	all	solo		
snow_block_tiled_bordered_ctm	snow_block	ctm_cube_all_pieces		pieces_full	all=ott:block/snow_block/ctm/snow_block_tiled_bordered	all	solo		
tuff_tiled_bordered_ctm	tuff	ctm_cube_all_pieces		pieces_full	all=ott:block/tuff/ctm/tuff_tiled_bordered	all	solo		
borderless_bricks_tiled_column_ctm	borderless_bricks	ctm_cube_all_pieces		pieces_full	all=ott:block/borderless_bricks/ctm/borderless_bricks_tiled_column	all	solo		
bricks_tiled_column_ctm	bricks	ctm_cube_all_pieces		pieces_full	all=ott:block/bricks/ctm/bricks_tiled_column	all	solo		
tiled_brown_stained_glass_ctm	brown_stained_glass	ctm_cube_all_pieces	minecraft:translucent	pieces_full	all=ott:block/brown_stained_glass/ctm/tiled_brown_stained_glass_ctm	all	solo	minecraft:translucent	
calcite_tiled_column_ctm	calcite	ctm_cube_all_pieces		pieces_full	all=ott:block/calcite/ctm/calcite_tiled_column	all	solo		
clay_tiled_column_ctm	clay	ctm_cube_all_pieces		pieces_full	all=ott:block/clay/ctm/clay_tiled_column	all	solo		
coal_block_tiled_column_ctm	coal_block	ctm_cube_all_pieces		pieces_full	all=ott:block/coal_block/ctm/coal_block_tiled_column	all	solo		
cobblestone_tiled_column_ctm	cobblestone	ctm_cube_all_pieces		pieces_full	all=ott:block/cobblestone/ctm/cobblestone_tiled_column	all	solo		
crying_obsidian_tiled_column_ctm	crying_obsidian	ctm_cube_all_pieces		pieces_full	all=ott:block/crying_obsidian/ctm/crying_obsidian_tiled_column	all	solo		
tiled_cyan_stained_glass_ctm	cyan_stained_glass	ctm_cube_all_pieces	minecraft:translucent	pieces_full	all=ott:block/cyan_stained_glass/ctm/tiled_cyan_stained_glass_ctm	all	solo	minecraft:translucent	
dark_prismarine_tiled_column_ctm	dark_prismarine	ctm_cube_all_pieces		pieces_full	all=ott:block/dark_prismarine/ctm/dark_prismarine_tiled_column	all	solo		
deepslate_tiled_column_ctm	deepslate	ctm_cube_all_pieces		pieces_full	all=ott:block/deepslate/ctm/deepslate_tiled_column	all	solo		
diorite_tiled_column_ctm	diorite	ctm_cube_all_pieces		pieces_full	all=ott:block/diorite/ctm/diorite_tiled_column	all	solo		
dirt_tiled_column_ctm	dirt	ctm_cube_all_pieces		pieces_full	all=ott:block/dirt/ctm/dirt_tiled_column	all	solo		
dripstone_block_tiled_column_ctm	dripstone_block	ctm_cube_all_pieces		pieces_full	all=ott:block/dripstone_block/ctm/dripstone_block_tiled_column	all	solo		
end_stone_tiled_column_ctm	end_stone	ctm_cube_all_pieces		pieces_full	all=ott:block/end_stone/ctm/end_stone_tiled_column	all	solo		
gilded_blackstone_tiled_column_ctm	gilded_blackstone	ctm_cube_all_pieces		pieces_full	all=ott:block/gilded_blackstone/ctm/gilded_blackstone_tiled_column	all	solo		
granite_tiled_column_ctm	granite	ctm_cube_all_pieces		pieces_full	all=ott:block/granite/ctm/granite_tiled_column	all	solo		
tiled_gray_stained_glass_ctm	gray_stained_glass	ctm_cube_all_pieces	minecraft:translucent	pieces_full	all=ott:block/gray_stained_glass/ctm/tiled_gray_stained_glass_ctm	all	solo	minecraft:translucent	
tiled_green_stained_glass_ctm	green_stained_glass	ctm_cube_all_pieces	minecraft:translucent	pieces_full	all=ott:block/green_stained_glass/ctm/tiled_green_stained_glass_ctm	all	solo	minecraft:translucent	
ice_tiled_column_ctm	ice	ctm_cube_all_pieces	minecraft:translucent	pieces_full	all=ott:block/ice/ctm/ice_tiled_column	all	solo		
lapis_block_tiled_column_ctm	lapis_block	ctm_cube_all_pieces		pieces_full	all=ott:block/lapis_block/ctm/lapis_block_tiled_column	all	solo		
tiled_light_blue_stained_glass_ctm	light_blue_stained_glass	ctm_cube_all_pieces	minecraft:translucent	pieces_full	all=ott:block/light_blue_stained_glass/ctm/tiled_light_blue_stained_glass_ctm	all	solo	minecraft:translucent	
tiled_light_gray_stained_glass_ctm	light_gray_stained_glass	ctm_cube_all_pieces	minecraft:translucent	pieces_full	all=ott:block/light_gray_stained_glass/ctm/tiled_light_gray_stained_glass_ctm	all	solo	minecraft:translucent	
tiled_lime_stained_glass_ctm	lime_stained_glass	ctm_cube_all_pieces	minecraft:translucent	pieces_full	all=ott:block/lime_stained_glass/ctm/tiled_lime_stained_glass_ctm	all	solo	minecraft:translucent	
lodestone_tiled_column_ctm	lodestone	ctm_cube_all_pieces		pieces_full	all=ott:block/lodestone/ctm/lodestone_tiled_column	all	solo		
tiled_magenta_stained_glass_ctm	magenta_stained_glass	ctm_cube_all_pieces	minecraft:translucent	pieces_full	all=ott:block/magenta_stained_glass/ctm/tiled_magenta_stained_glass_ctm	all	solo	minecraft:translucent	
magma_block_tiled_column_ctm	magma_block	ctm_cube_all_pieces		pieces_full	all=ott:block/magma_block/ctm/magma_block_tiled_column	all	solo		
mossy_cobblestone_tiled_column_ctm	mossy_cobblestone	ctm_cube_all_pieces		pieces_full	all=ott:block/mossy_cobblestone/ctm/mossy_cobblestone_tiled_column	all	solo		
mossy_stone_bricks_tiled_column_ctm	mossy_stone_bricks	ctm_cube_all_pieces		pieces_full	all=ott:block/mossy_stone_bricks/ctm/mossy_stone_bricks_tiled_column	all	solo		
mud_bricks_tiled_column_ctm	mud_bricks	ctm_cube_all_pieces		pieces_full	all=ott:block/mud_bricks/ctm/mud_bricks_tiled_column	all	solo		
mud_tiled_column_ctm	mud	ctm_cube_all_pieces		pieces_full	all=ott:block/mud/ctm/mud_tiled_column	all	solo		
nether_bricks_tiled_column_ctm	nether_bricks	ctm_cube_all_pieces		pieces_full	all=ott:block/nether_bricks/ctm/nether_bricks_tiled_column	all	solo		
netherrack_tiled_column_ctm	netherrack	ctm_cube_all_pieces		pieces_full	all=ott:block/netherrack/ctm/netherrack_tiled_column	all	solo		
obsidian_tiled_column_ctm	obsidian	ctm_cube_all_pieces		pieces_full	all=ott:block/obsidian/ctm/obsidian_tiled_column	all	solo		
tiled_orange_stained_glass_ctm	orange_stained_glass	ctm_cube_all_pieces	minecraft:translucent	pieces_full	all=ott:block/orange_stained_glass/ctm/tiled_orange_stained_glass_ctm	all	solo	minecraft:translucent	
packed_ice_tiled_column_ctm	packed_ice	ctm_cube_all_pieces		pieces_full	all=ott:block/packed_ice/ctm/packed_ice_tiled_column	all	solo		
packed_mud_tiled_column_ctm	packed_mud	ctm_cube_all_pieces		pieces_full	all=ott:block/packed_mud/ctm/packed_mud_tiled_column	all	solo		
tiled_pink_stained_glass_ctm	pink_stained_glass	ctm_cube_all_pieces	minecraft:translucent	pieces_full	all=ott:block/pink_stained_glass/ctm/tiled_pink_stained_glass_ctm	all	solo	minecraft:translucent	
prismarine_tiled_column_ctm	prismarine	ctm_cube_all_pieces		pieces_full	all=ott:block/prismarine/ctm/prismarine_tiled_column	all	solo		
tiled_purple_stained_glass_ctm	purple_stained_glass	ctm_cube_all_pieces	minecraft:translucent	pieces_full	all=ott:block/purple_stained_glass/ctm/tiled_purple_stained_glass_ctm	all	solo	minecraft:translucent	
purpur_block_tiled_column_ctm	purpur_block	ctm_cube_all_pieces		pieces_full	all=ott:block/purpur_block/ctm/purpur_block_tiled_column	all	solo		
quartz_block_tiled_column_ctm	quartz_block	ctm_cube_all_pieces		pieces_full	all=ott:block/quartz_block/ctm/quartz_block_tiled_column	all	solo		
raw_copper_block_tiled_column_ctm	raw_copper_block	ctm_cube_all_pieces		pieces_full	all=ott:block/raw_copper_block/ctm/raw_copper_block_tiled_column	all	solo		
raw_gold_block_tiled_column_ctm	raw_gold_block	ctm_cube_all_pieces		pieces_full	all=ott:block/raw_gold_block/ctm/raw_gold_block_tiled_column	all	solo		
raw_iron_block_tiled_column_ctm	raw_iron_block	ctm_cube_all_pieces		pieces_full	all=ott:block/raw_iron_block/ctm/raw_iron_block_tiled_column	all	solo		
red_nether_bricks_tiled_column_ctm	red_nether_bricks	ctm_cube_all_pieces		pieces_full	all=ott:block/red_nether_bricks/ctm/red_nether_bricks_tiled_column	all	solo		
red_sandstone_tiled_column_ctm	red_sandstone	ctm_cube_all_pieces		pieces_full	all=ott:block/red_sandstone/ctm/red_sandstone_tiled_column	all	solo		
tiled_red_stained_glass_ctm	red_stained_glass	ctm_cube_all_pieces	minecraft:translucent	pieces_full	all=ott:block/red_stained_glass/ctm/tiled_red_stained_glass_ctm	all	solo	minecraft:translucent	
redstone_block_tiled_column_ctm	redstone_block	ctm_cube_all_pieces		pieces_full	all=ott:block/redstone_block/ctm/redstone_block_tiled_column	all	solo		
sandstone_tiled_column_ctm	sandstone	ctm_cube_all_pieces		pieces_full	all=ott:block/sandstone/ctm/sandstone_tiled_column	all	solo		
smooth_stone_tiled_column_ctm	smooth_stone	ctm_cube_all_pieces		pieces_full	all=ott:block/smooth_stone/ctm/smooth_stone_tiled_column	all	solo		
snow_block_tiled_column_ctm	snow_block	ctm_cube_all_pieces		pieces_full	all=ott:block/snow_block/ctm/snow_block_tiled_column	all	solo		
tuff_tiled_column_ctm	tuff	ctm_cube_all_pieces		pieces_full	all=ott:block/tuff/ctm/tuff_tiled_column	all	solo		
tiled_white_stained_glass_ctm	white_stained_glass	ctm_cube_all_pieces	minecraft:translucent	pieces_full	all=ott:block/white_stained_glass/ctm/tiled_white_stained_glass_ctm	all	solo	minecraft:translucent	
tiled_yellow_stained_glass_ctm	yellow_stained_glass	ctm_cube_all_pieces	minecraft:translucent	pieces_full	all=ott:block/yellow_stained_glass/ctm/tiled_yellow_stained_glass_ctm	all	solo	minecraft:translucent	
tinted_borderless_glass_black_ctm	tinted	ctm_cube_all_pieces	minecraft:translucent	pieces_full	all=ott:block/black_stained_glass/ctm/tinted_borderless_glass_black	all	solo	minecraft:translucent	
tinted_borderless_glass_blue_ctm	tinted	ctm_cube_all_pieces	minecraft:translucent	pieces_full	all=ott:block/blue_stained_glass/ctm/tinted_borderless_glass_blue	all	solo	minecraft:translucent	
tinted_borderless_glass_brown_ctm	tinted	ctm_cube_all_pieces	minecraft:translucent	pieces_full	all=ott:block/brown_stained_glass/ctm/tinted_borderless_glass_brown	all	solo	minecraft:translucent	
tinted_borderless_glass_ctm	tinted	ctm_cube_all_pieces	minecraft:translucent	pieces_full	all=ott:block/glass/ctm/tinted_borderless_glass	all	solo	minecraft:translucent	
tinted_borderless_glass_cyan_ctm	tinted	ctm_cube_all_pieces	minecraft:translucent	pieces_full	all=ott:block/cyan_stained_glass/ctm/tinted_borderless_glass_cyan	all	solo	minecraft:translucent	
tinted_borderless_glass_gray_ctm	tinted	ctm_cube_all_pieces	minecraft:translucent	pieces_full	all=ott:block/gray_stained_glass/ctm/tinted_borderless_glass_gray	all	solo	minecraft:translucent	
tinted_borderless_glass_green_ctm	tinted	ctm_cube_all_pieces	minecraft:translucent	pieces_full	all=ott:block/green_stained_glass/ctm/tinted_borderless_glass_green	all	solo	minecraft:translucent	
tinted_borderless_glass_light_blue_ctm	tinted	ctm_cube_all_pieces	minecraft:translucent	pieces_full	all=ott:block/light_blue_stained_glass/ctm/tinted_borderless_glass_light_blue	all	solo	minecraft:translucent	
tinted_borderless_glass_light_gray_ctm	tinted	ctm_cube_all_pieces	minecraft:translucent	pieces_full	all=ott:block/light_gray_stained_glass/ctm/tinted_borderless_glass_light_gray	all	solo	minecraft:translucent	
tinted_borderless_glass_lime_ctm	tinted	ctm_cube_all_pieces	minecraft:translucent	pieces_full	all=ott:block/lime_stained_glass/ctm/tinted_borderless_glass_lime	all	solo	minecraft:translucent	
tinted_borderless_glass_magenta_ctm	tinted	ctm_cube_all_pieces	minecraft:translucent	pieces_full	all=ott:block/magenta_stained_glass/ctm/tinted_borderless_glass_magenta	all	solo	minecraft:translucent	
tinted_borderless_glass_orange_ctm	tinted	ctm_cube_all_pieces	minecraft:translucent	pieces_full	all=ott:block/orange_stained_glass/ctm/tinted_borderless_glass_orange	all	solo	minecraft:translucent	
tinted_borderless_glass_pink_ctm	tinted	ctm_cube_all_pieces	minecraft:translucent	pieces_full	all=ott:block/pink_stained_glass/ctm/tinted_borderless_glass_pink	all	solo	minecraft:translucent	
tinted_borderless_glass_purple_ctm	tinted	ctm_cube_all_pieces	minecraft:translucent	pieces_full	all=ott:block/purple_stained_glass/ctm/tinted_borderless_glass_purple	all	solo	minecraft:translucent	
tinted_borderless_glass_red_ctm	tinted	ctm_cube_all_pieces	minecraft:translucent	pieces_full	all=ott:block/red_stained_glass/ctm/tinted_borderless_glass_red	all	solo	minecraft:translucent	
tinted_borderless_glass_white_ctm	tinted	ctm_cube_all_pieces	minecraft:translucent	pieces_full	all=ott:block/white_stained_glass/ctm/tinted_borderless_glass_white	all	solo	minecraft:translucent	
tinted_borderless_glass_yellow_ctm	tinted	ctm_cube_all_pieces	minecraft:translucent	pieces_full	all=ott:block/yellow_stained_glass/ctm/tinted_borderless_glass_yellow	all	solo	minecraft:translucent	
glass_tinted_clear_ctm	glass	ctm_cube_all_pieces	minecraft:translucent	pieces_full	all=ott:block/glass/ctm/glass_tinted_clear	all	solo	minecraft:translucent	
tinted_glass_ctm	tinted	ctm_cube_all_pieces	minecraft:translucent	pieces_full	all=ott:block/glass/ctm/tinted_glass	all	solo	minecraft:translucent	
amethyst_block_tiny_brick_bordered_ctm	amethyst_block	ctm_cube_all_pieces		pieces_full	all=ott:block/amethyst_block/ctm/amethyst_block_tiny_brick_bordered	all	solo		
ancient_debris_tiny_brick_bordered_ctm	ancient_debris	ctm_cube_all_pieces		pieces_full	all=ott:block/ancient_debris/ctm/ancient_debris_tiny_brick_bordered	all	solo		
andesite_tiny_brick_bordered_ctm	andesite	ctm_cube_all_pieces		pieces_full	all=ott:block/andesite/ctm/andesite_tiny_brick_bordered	all	solo		
basalt_tiny_brick_bordered_ctm	basalt	ctm_cube_all_pieces		pieces_full	all=ott:block/basalt/ctm/basalt_tiny_brick_bordered	all	solo		
blackstone_tiny_brick_bordered_ctm	blackstone	ctm_cube_all_pieces		pieces_full	all=ott:block/blackstone/ctm/blackstone_tiny_brick_bordered	all	solo		
blue_ice_tiny_brick_bordered_ctm	blue_ice	ctm_cube_all_pieces		pieces_full	all=ott:block/blue_ice/ctm/blue_ice_tiny_brick_bordered	all	solo		
borderless_bricks_tiny_brick_bordered_ctm	borderless_bricks	ctm_cube_all_pieces		pieces_full	all=ott:block/borderless_bricks/ctm/borderless_bricks_tiny_brick_bordered	all	solo		
bricks_tiny_brick_bordered_ctm	bricks	ctm_cube_all_pieces		pieces_full	all=ott:block/bricks/ctm/bricks_tiny_brick_bordered	all	solo		
calcite_tiny_brick_bordered_ctm	calcite	ctm_cube_all_pieces		pieces_full	all=ott:block/calcite/ctm/calcite_tiny_brick_bordered	all	solo		
clay_tiny_brick_bordered_ctm	clay	ctm_cube_all_pieces		pieces_full	all=ott:block/clay/ctm/clay_tiny_brick_bordered	all	solo		
coal_block_tiny_brick_bordered_ctm	coal_block	ctm_cube_all_pieces		pieces_full	all=ott:block/coal_block/ctm/coal_block_tiny_brick_bordered	all	solo		
cobblestone_tiny_brick_bordered_ctm	cobblestone	ctm_cube_all_pieces		pieces_full	all=ott:block/cobblestone/ctm/cobblestone_tiny_brick_bordered	all	solo		
crying_obsidian_tiny_brick_bordered_ctm	crying_obsidian	ctm_cube_all_pieces		pieces_full	all=ott:block/crying_obsidian/ctm/crying_obsidian_tiny_brick_bordered	all	solo		
dark_prismarine_tiny_brick_bordered_ctm	dark_prismarine	ctm_cube_all_pieces		pieces_full	all=ott:block/dark_prismarine/ctm/dark_prismarine_tiny_brick_bordered	all	solo		
deepslate_tiny_brick_bordered_ctm	deepslate	ctm_cube_all_pieces		pieces_full	all=ott:block/deepslate/ctm/deepslate_tiny_brick_bordered	all	solo		
diorite_tiny_brick_bordered_ctm	diorite	ctm_cube_all_pieces		pieces_full	all=ott:block/diorite/ctm/diorite_tiny_brick_bordered	all	solo		
dirt_tiny_brick_bordered_ctm	dirt	ctm_cube_all_pieces		pieces_full	all=ott:block/dirt/ctm/dirt_tiny_brick_bordered	all	solo		
dripstone_block_tiny_brick_bordered_ctm	dripstone_block	ctm_cube_all_pieces		pieces_full	all=ott:block/dripstone_block/ctm/dripstone_block_tiny_brick_bordered	all	solo		
end_stone_tiny_brick_bordered_ctm	end_stone	ctm_cube_all_pieces		pieces_full	all=ott:block/end_stone/ctm/end_stone_tiny_brick_bordered	all	solo		
gilded_blackstone_tiny_brick_bordered_ctm	gilded_blackstone	ctm_cube_all_pieces		pieces_full	all=ott:block/gilded_blackstone/ctm/gilded_blackstone_tiny_brick_bordered	all	solo		
granite_tiny_brick_bordered_ctm	granite	ctm_cube_all_pieces		pieces_full	all=ott:block/granite/ctm/granite_tiny_brick_bordered	all	solo		
ice_tiny_brick_bordered_ctm	ice	ctm_cube_all_pieces	minecraft:translucent	pieces_full	all=ott:block/ice/ctm/ice_tiny_brick_bordered	all	solo		
lapis_block_tiny_brick_bordered_ctm	lapis_block	ctm_cube_all_pieces		pieces_full	all=ott:block/lapis_block/ctm/lapis_block_tiny_brick_bordered	all	solo		
lodestone_tiny_brick_bordered_ctm	lodestone	ctm_cube_all_pieces		pieces_full	all=ott:block/lodestone/ctm/lodestone_tiny_brick_bordered	all	solo		
magma_block_tiny_brick_bordered_ctm	magma_block	ctm_cube_all_pieces		pieces_full	all=ott:block/magma_block/ctm/magma_block_tiny_brick_bordered	all	solo		
mossy_cobblestone_tiny_brick_bordered_ctm	mossy_cobblestone	ctm_cube_all_pieces		pieces_full	all=ott:block/mossy_cobblestone/ctm/mossy_cobblestone_tiny_brick_bordered	all	solo		
mossy_stone_bricks_tiny_brick_bordered_ctm	mossy_stone_bricks	ctm_cube_all_pieces		pieces_full	all=ott:block/mossy_stone_bricks/ctm/mossy_stone_bricks_tiny_brick_bordered	all	solo		
nether_bricks_tiny_brick_bordered_ctm	nether_bricks	ctm_cube_all_pieces		pieces_full	all=ott:block/nether_bricks/ctm/nether_bricks_tiny_brick_bordered	all	solo		
netherrack_tiny_brick_bordered_ctm	netherrack	ctm_cube_all_pieces		pieces_full	all=ott:block/netherrack/ctm/netherrack_tiny_brick_bordered	all	solo		
obsidian_tiny_brick_bordered_ctm	obsidian	ctm_cube_all_pieces		pieces_full	all=ott:block/obsidian/ctm/obsidian_tiny_brick_bordered	all	solo		
packed_ice_tiny_brick_bordered_ctm	packed_ice	ctm_cube_all_pieces		pieces_full	all=ott:block/packed_ice/ctm/packed_ice_tiny_brick_bordered	all	solo		
prismarine_tiny_brick_bordered_ctm	prismarine	ctm_cube_all_pieces		pieces_full	all=ott:block/prismarine/ctm/prismarine_tiny_brick_bordered	all	solo		
purpur_block_tiny_brick_bordered_ctm	purpur_block	ctm_cube_all_pieces		pieces_full	all=ott:block/purpur_block/ctm/purpur_block_tiny_brick_bordered	all	solo		
quartz_block_tiny_brick_bordered_ctm	quartz_block	ctm_cube_all_pieces		pieces_full	all=ott:block/quartz_block/ctm/quartz_block_tiny_brick_bordered	all	solo		
raw_copper_block_tiny_brick_bordered_ctm	raw_copper_block	ctm_cube_all_pieces		pieces_full	all=ott:block/raw_copper_block/ctm/raw_copper_block_tiny_brick_bordered	all	solo		
raw_gold_block_tiny_brick_bordered_ctm	raw_gold_block	ctm_cube_all_pieces		pieces_full	all=ott:block/raw_gold_block/ctm/raw_gold_block_tiny_brick_bordered	all	solo		
raw_iron_block_tiny_brick_bordered_ctm	raw_iron_block	ctm_cube_all_pieces		pieces_full	all=ott:block/raw_iron_block/ctm/raw_iron_block_tiny_brick_bordered	all	solo		
red_nether_bricks_tiny_brick_bordered_ctm	red_nether_bricks	ctm_cube_all_pieces		pieces_full	all=ott:block/red_nether_bricks/ctm/red_nether_bricks_tiny_brick_bordered	all	solo		
red_sandstone_tiny_brick_bordered_ctm	red_sandstone	ctm_cube_all_pieces		pieces_full	all=ott:block/red_sandstone/ctm/red_sandstone_tiny_brick_bordered	all	solo		
redstone_block_tiny_brick_bordered_ctm	redstone_block	ctm_cube_all_pieces		pieces_full	all=ott:block/redstone_block/ctm/redstone_block_tiny_brick_bordered	all	solo		
sandstone_tiny_brick_bordered_ctm	sandstone	ctm_cube_all_pieces		pieces_full	all=ott:block/sandstone/ctm/sandstone_tiny_brick_bordered	all	solo		
smooth_stone_tiny_brick_bordered_ctm	smooth_stone	ctm_cube_all_pieces		pieces_full	all=ott:block/smooth_stone/ctm/smooth_stone_tiny_brick_bordered	all	solo		
snow_block_tiny_brick_bordered_ctm	snow_block	ctm_cube_all_pieces		pieces_full	all=ott:block/snow_block/ctm/snow_block_tiny_brick_bordered	all	solo		
tuff_tiny_brick_bordered_ctm	tuff	ctm_cube_all_pieces		pieces_full	all=ott:block/tuff/ctm/tuff_tiny_brick_bordered	all	solo		
tuff_cut_polished_ctm	tuff	ctm_cube_all_pieces		pieces_full	all=ott:block/tuff/ctm/tuff_cut_polished	all	solo		
tuff_cut_small_brick_ctm	tuff	ctm_cube_all_pieces		pieces_full	all=ott:block/tuff/ctm/tuff_cut_small_brick	all	solo		
veridium_cut_polished_ctm	veridium	ctm_cube_all_pieces		pieces_full	all=ott:block/veridium/ctm/veridium_cut_polished	all	solo		
veridium_cut_small_brick_ctm	veridium	ctm_cube_all_pieces		pieces_full	all=ott:block/veridium/ctm/veridium_cut_small_brick	all	solo		
warped_planks_beams_ctm	warped_planks	ctm_cube_all_pieces		pieces_full	all=ott:block/warped_planks/ctm/warped_planks_beams	all	solo		
warped_planks_brick_pattern_ctm	warped_planks	ctm_cube_all_pieces		pieces_full	all=ott:block/warped_planks/ctm/warped_planks_brick_pattern	all	solo		
warped_planks_brick_paving_ctm	warped_planks	ctm_cube_all_pieces		pieces_full	all=ott:block/warped_planks/ctm/warped_planks_brick_paving	all	solo		
warped_planks_bricks_ctm	warped_planks	ctm_cube_all_horizontal		pieces_horizontal	all=ott:block/warped_planks/ctm/warped_planks_bricks	all	self		
warped_planks_crate_ctm	warped_planks	ctm_cube_all_pieces		pieces_full	all=ott:block/warped_planks/ctm/warped_planks_crate	all	solo		
warped_planks_diagonal_stripes_ctm	warped_planks	ctm_cube_all_pieces		pieces_full	all=ott:block/warped_planks/ctm/warped_planks_diagonal_stripes	all	solo		
warped_planks_diagonal_tiles_ctm	warped_planks	ctm_cube_all_pieces		pieces_full	all=ott:block/warped_planks/ctm/warped_planks_diagonal_tiles	all	solo		
warped_planks_dotted_ctm	warped_planks	ctm_cube_all_pieces		pieces_full	all=ott:block/warped_planks/ctm/warped_planks_dotted	all	solo		
warped_planks_flooring_ctm	warped_planks	ctm_cube_all_pieces		pieces_full	all=ott:block/warped_planks/ctm/warped_planks_flooring	all	solo		
warped_planks_large_tiles_ctm	warped_planks	ctm_cube_all_pieces		pieces_full	all=ott:block/warped_planks/ctm/warped_planks_large_tiles	all	solo		
warped_planks_panel_ctm	warped_planks	ctm_cube_all_pieces		pieces_full	all=ott:block/warped_planks/ctm/warped_planks_panel	all	solo		
warped_planks_pattern_ctm	warped_planks	ctm_cube_all_pieces		pieces_full	all=ott:block/warped_planks/ctm/warped_planks_pattern	all	solo		
warped_planks_rotated_bricks_ctm	warped_planks	ctm_cube_all_pieces		pieces_full	all=ott:block/warped_planks/ctm/warped_planks_rotated_bricks	all	solo		
warped_planks_small_bricks_ctm	warped_planks	ctm_cube_all_pieces		pieces_full	all=ott:block/warped_planks/ctm/warped_planks_small_bricks	all	solo		
warped_planks_small_tiles_ctm	warped_planks	ctm_cube_all_pieces		pieces_full	all=ott:block/warped_planks/ctm/warped_planks_small_tiles	all	solo		
warped_planks_squares_ctm	warped_planks	ctm_cube_all_pieces		pieces_full	all=ott:block/warped_planks/ctm/warped_planks_squares	all	solo		
warped_planks_tiles_ctm	warped_planks	ctm_cube_all_pieces		pieces_full	all=ott:block/warped_planks/ctm/warped_planks_tiles	all	solo		
warped_planks_wavy_ctm	warped_planks	ctm_cube_all_pieces		pieces_full	all=ott:block/warped_planks/ctm/warped_planks_wavy	all	solo		
warped_planks_woven_ctm	warped_planks	ctm_cube_all_pieces		pieces_full	all=ott:block/warped_planks/ctm/warped_planks_woven	all	solo		
warped_window_bars_ctm	warped_planks	ctm_cube_column_pieces_vertical	minecraft:cutout_mipped	pieces_vertical	side=ott:block/warped_windows/ctm/warped_window_bars|top=minecraft:block/warped_planks	side	self		
warped_window_covered_ctm	warped_planks	ctm_cube_column_pieces_vertical	minecraft:cutout_mipped	pieces_vertical	side=ott:block/warped_windows/ctm/warped_window_covered|top=minecraft:block/warped_planks	side	self		
warped_window_diagonal_ctm	warped_planks	ctm_cube_column_pieces_vertical	minecraft:cutout_mipped	pieces_vertical	side=ott:block/warped_windows/ctm/warped_window_diagonal|top=minecraft:block/warped_planks	side	self		
warped_window_large_ctm	warped_planks	ctm_cube_column_pieces_vertical	minecraft:cutout_mipped	pieces_vertical	side=ott:block/warped_windows/ctm/warped_window_large|top=minecraft:block/warped_planks	side	self		
warped_window_panes_ctm	warped_planks	ctm_cube_column_pieces_vertical	minecraft:cutout_mipped	pieces_vertical	side=ott:block/warped_windows/ctm/warped_window_panes|top=minecraft:block/warped_planks	side	self		
warped_window_rounded_ctm	warped_planks	ctm_cube_column_pieces_vertical	minecraft:cutout_mipped	pieces_vertical	side=ott:block/warped_windows/ctm/warped_window_rounded|top=minecraft:block/warped_planks	side	self		
warped_window_slim_ctm	warped_planks	ctm_cube_column_pieces_vertical	minecraft:cutout_mipped	pieces_vertical	side=ott:block/warped_windows/ctm/warped_window_slim|top=minecraft:block/warped_planks	side	self		
warped_window_swirling_ctm	warped_planks	ctm_cube_column_pieces_vertical	minecraft:cutout_mipped	pieces_vertical	side=ott:block/warped_windows/ctm/warped_window_swirling|top=minecraft:block/warped_planks	side	self		
warped_window_tiles_ctm	warped_planks	ctm_cube_column_pieces_planks_top	minecraft:cutout_mipped		side=ott:block/warped_windows/ctm/warped_window_tiles|up=minecraft:block/warped_planks	side:pieces_full	static	minecraft:cutout_mipped	
water_mosaic_border	water_mosaic	ctm_full_detailed			all=ott:block/water_mosaic/water_mosaic_border	*=same;match:ott:water_mosaic_delicate	self		all=ott:block/water_mosaic/water_mosaic_border_static
water_mosaic_delicate	water_mosaic	ctm_full_detailed			all=ott:block/water_mosaic/water_mosaic_delicate	*=same;match:ott:water_mosaic_border	self		all=ott:block/water_mosaic/water_mosaic_delicate_static
water_mosaic_geometric	water_mosaic	ctm_full_detailed_overlay	minecraft:cutout_mipped		all=ott:block/water_mosaic/water_mosaic_geometric|overlay=ott:block/water_mosaic/water_mosaic_pattern_overlay	all=same|overlay=match:ott:water_mosaic_pattern	self		all=ott:block/water_mosaic/water_mosaic_geometric_static|overlay=ott:block/water_mosaic/water_mosaic_pattern_overlay_static
water_mosaic_pattern	water_mosaic	ctm_full_detailed			all=ott:block/water_mosaic/water_mosaic_pattern	*=same;match:ott:water_mosaic_geometric	self		all=ott:block/water_mosaic/water_mosaic_pattern_static
weathered_copper_block_ctm	weathered_copper	ctm_cube_all_pieces		pieces_full	all=ott:block/weathered_copper/ctm/weathered_copper_block	all	solo		
weathered_copper_grate_ctm	weathered_copper	ctm_cube_all_pieces	minecraft:cutout_mipped	pieces_full	all=ott:block/weathered_copper/ctm/weathered_copper_grate	all	solo		
acacia_planks_whirlwind_ctm	acacia_planks	ctm_cube_all_pieces		pieces_full	all=ott:block/acacia_planks/ctm/acacia_planks_whirlwind	all	solo		
bamboo_planks_whirlwind_ctm	bamboo_planks	ctm_cube_all_pieces		pieces_full	all=ott:block/bamboo_planks/ctm/bamboo_planks_whirlwind	all	solo		
birch_planks_whirlwind_ctm	birch_planks	ctm_cube_all_pieces		pieces_full	all=ott:block/birch_planks/ctm/birch_planks_whirlwind	all	solo		
cherry_planks_whirlwind_ctm	cherry_planks	ctm_cube_all_pieces		pieces_full	all=ott:block/cherry_planks/ctm/cherry_planks_whirlwind	all	solo		
crimson_planks_whirlwind_ctm	crimson_planks	ctm_cube_all_pieces		pieces_full	all=ott:block/crimson_planks/ctm/crimson_planks_whirlwind	all	solo		
dark_oak_planks_whirlwind_ctm	dark_oak_planks	ctm_cube_all_pieces		pieces_full	all=ott:block/dark_oak_planks/ctm/dark_oak_planks_whirlwind	all	solo		
jungle_planks_whirlwind_ctm	jungle_planks	ctm_cube_all_pieces		pieces_full	all=ott:block/jungle_planks/ctm/jungle_planks_whirlwind	all	solo		
mangrove_planks_whirlwind_ctm	mangrove_planks	ctm_cube_all_pieces		pieces_full	all=ott:block/mangrove_planks/ctm/mangrove_planks_whirlwind	all	solo		
oak_planks_whirlwind_ctm	oak_planks	ctm_cube_all_pieces		pieces_full	all=ott:block/oak_planks/ctm/oak_planks_whirlwind	all	solo		
spruce_planks_whirlwind_ctm	spruce_planks	ctm_cube_all_pieces		pieces_full	all=ott:block/spruce_planks/ctm/spruce_planks_whirlwind	all	solo		
warped_planks_whirlwind_ctm	warped_planks	ctm_cube_all_pieces		pieces_full	all=ott:block/warped_planks/ctm/warped_planks_whirlwind	all	solo		
white_concrete_ctm	white_concrete	ctm_cube_all_horizontal		pieces_vertical	all=ott:block/white_concrete/ctm/white_concrete_ctm	all	self		
white_concrete_panel_ctm	white_concrete	ctm_cube_all_pieces		pieces_full	all=ott:block/white_concrete/ctm/white_concrete_panel	all	solo		
white_framed_glass_ctm	white_stained_glass	ctm_cube_all_pieces	minecraft:translucent	pieces_full	all=ott:block/white_stained_glass/ctm/white_framed_glass	all	solo	minecraft:translucent	
white_stained_clear_glass_ctm	white_stained_glass	ctm_cube_all_pieces	minecraft:translucent	pieces_full	all=ott:block/white_stained_glass/ctm/white_stained_clear_glass	all	solo	minecraft:translucent	
white_stained_glass_ctm	white_stained_glass	ctm_cube_all_pieces	minecraft:translucent	pieces_full	all=ott:block/white_stained_glass/ctm/white_stained_glass	all	solo	minecraft:translucent	
white_terracotta_column_ctm	white_terracotta	ctm_cube_all_horizontal		pieces_vertical	all=ott:block/white_terracotta/ctm/white_terracotta_column	all	self		
white_terracotta_ctm	white_terracotta	ctm_cube_all_horizontal		pieces_vertical	all=ott:block/white_terracotta/ctm/white_terracotta_ctm	all	self		
black_concrete_wired_ctm	black_concrete	ctm_cube_all_pieces		pieces_full	all=ott:block/black_concrete/ctm/black_concrete_wired	all	solo		
blue_concrete_wired_ctm	blue_concrete	ctm_cube_all_pieces		pieces_full	all=ott:block/blue_concrete/ctm/blue_concrete_wired	all	solo		
brown_concrete_wired_ctm	brown_concrete	ctm_cube_all_pieces		pieces_full	all=ott:block/brown_concrete/ctm/brown_concrete_wired	all	solo		
cyan_concrete_wired_ctm	cyan_concrete	ctm_cube_all_pieces		pieces_full	all=ott:block/cyan_concrete/ctm/cyan_concrete_wired	all	solo		
gray_concrete_wired_ctm	gray_concrete	ctm_cube_all_pieces		pieces_full	all=ott:block/gray_concrete/ctm/gray_concrete_wired	all	solo		
green_concrete_wired_ctm	green_concrete	ctm_cube_all_pieces		pieces_full	all=ott:block/green_concrete/ctm/green_concrete_wired	all	solo		
light_blue_concrete_wired_ctm	light_blue_concrete	ctm_cube_all_pieces		pieces_full	all=ott:block/light_blue_concrete/ctm/light_blue_concrete_wired	all	solo		
light_gray_concrete_wired_ctm	light_gray_concrete	ctm_cube_all_pieces		pieces_full	all=ott:block/light_gray_concrete/ctm/light_gray_concrete_wired	all	solo		
lime_concrete_wired_ctm	lime_concrete	ctm_cube_all_pieces		pieces_full	all=ott:block/lime_concrete/ctm/lime_concrete_wired	all	solo		
magenta_concrete_wired_ctm	magenta_concrete	ctm_cube_all_pieces		pieces_full	all=ott:block/magenta_concrete/ctm/magenta_concrete_wired	all	solo		
orange_concrete_wired_ctm	orange_concrete	ctm_cube_all_pieces		pieces_full	all=ott:block/orange_concrete/ctm/orange_concrete_wired	all	solo		
pink_concrete_wired_ctm	pink_concrete	ctm_cube_all_pieces		pieces_full	all=ott:block/pink_concrete/ctm/pink_concrete_wired	all	solo		
purple_concrete_wired_ctm	purple_concrete	ctm_cube_all_pieces		pieces_full	all=ott:block/purple_concrete/ctm/purple_concrete_wired	all	solo		
red_concrete_wired_ctm	red_concrete	ctm_cube_all_pieces		pieces_full	all=ott:block/red_concrete/ctm/red_concrete_wired	all	solo		
white_concrete_wired_ctm	white_concrete	ctm_cube_all_pieces		pieces_full	all=ott:block/white_concrete/ctm/white_concrete_wired	all	solo		
yellow_concrete_wired_ctm	yellow_concrete	ctm_cube_all_pieces		pieces_full	all=ott:block/yellow_concrete/ctm/yellow_concrete_wired	all	solo		
yellow_concrete_ctm	yellow_concrete	ctm_cube_all_horizontal		pieces_vertical	all=ott:block/yellow_concrete/ctm/yellow_concrete_ctm	all	self		
yellow_concrete_panel_ctm	yellow_concrete	ctm_cube_all_pieces		pieces_full	all=ott:block/yellow_concrete/ctm/yellow_concrete_panel	all	solo		
yellow_framed_glass_ctm	yellow_stained_glass	ctm_cube_all_pieces	minecraft:translucent	pieces_full	all=ott:block/yellow_stained_glass/ctm/yellow_framed_glass	all	solo	minecraft:translucent	
yellow_stained_clear_glass_ctm	yellow_stained_glass	ctm_cube_all_pieces	minecraft:translucent	pieces_full	all=ott:block/yellow_stained_glass/ctm/yellow_stained_clear_glass	all	solo	minecraft:translucent	
yellow_stained_glass_ctm	yellow_stained_glass	ctm_cube_all_pieces	minecraft:translucent	pieces_full	all=ott:block/yellow_stained_glass/ctm/yellow_stained_glass	all	solo	minecraft:translucent	
yellow_terracotta_column_ctm	yellow_terracotta	ctm_cube_all_horizontal		pieces_vertical	all=ott:block/yellow_terracotta/ctm/yellow_terracotta_column	all	self		
yellow_terracotta_ctm	yellow_terracotta	ctm_cube_all_horizontal		pieces_vertical	all=ott:block/yellow_terracotta/ctm/yellow_terracotta_ctm	all	self		
pale_oak_planks_panel_ctm	pale_oak_planks	ctm_cube_all_pieces		pieces_full	all=ott:block/pale_oak_planks/ctm/pale_oak_planks_panel	all	solo		
glass_amethyst_framed_ctm	glass	ctm_cube_all_pieces	minecraft:translucent	pieces_full	all=ott:block/glass/ctm/glass_amethyst_framed	all	solo	minecraft:translucent	
glass_mossy_leaded_ctm	glass	ctm_cube_all_pieces	minecraft:translucent	pieces_full	all=ott:block/glass/ctm/glass_mossy_leaded	all	solo	minecraft:translucent	
black_glazed_terracotta_fancy_ctm	black_glazed_terracotta	ctm_full_detailed			all=ott:block/black_glazed_terracotta/ctm/black_glazed_terracotta_fancy_ctm	*=same;match:ott:black_glazed_terracotta_fancy	self		all=ott:block/black_glazed_terracotta/black_glazed_terracotta_fancy
blue_glazed_terracotta_fancy_ctm	blue_glazed_terracotta	ctm_full_detailed			all=ott:block/blue_glazed_terracotta/ctm/blue_glazed_terracotta_fancy_ctm	*=same;match:ott:blue_glazed_terracotta_fancy	self		all=ott:block/blue_glazed_terracotta/blue_glazed_terracotta_fancy
brown_glazed_terracotta_fancy_ctm	brown_glazed_terracotta	ctm_full_detailed			all=ott:block/brown_glazed_terracotta/ctm/brown_glazed_terracotta_fancy_ctm	*=same;match:ott:brown_glazed_terracotta_fancy	self		all=ott:block/brown_glazed_terracotta/brown_glazed_terracotta_fancy
cyan_glazed_terracotta_fancy_ctm	cyan_glazed_terracotta	ctm_full_detailed			all=ott:block/cyan_glazed_terracotta/ctm/cyan_glazed_terracotta_fancy_ctm	*=same;match:ott:cyan_glazed_terracotta_fancy	self		all=ott:block/cyan_glazed_terracotta/cyan_glazed_terracotta_fancy
gray_glazed_terracotta_fancy_ctm	gray_glazed_terracotta	ctm_full_detailed			all=ott:block/gray_glazed_terracotta/ctm/gray_glazed_terracotta_fancy_ctm	*=same;match:ott:gray_glazed_terracotta_fancy	self		all=ott:block/gray_glazed_terracotta/gray_glazed_terracotta_fancy
green_glazed_terracotta_fancy_ctm	green_glazed_terracotta	ctm_full_detailed			all=ott:block/green_glazed_terracotta/ctm/green_glazed_terracotta_fancy_ctm	*=same;match:ott:green_glazed_terracotta_fancy	self		all=ott:block/green_glazed_terracotta/green_glazed_terracotta_fancy
light_blue_glazed_terracotta_fancy_ctm	light_blue_glazed_terracotta	ctm_full_detailed			all=ott:block/light_blue_glazed_terracotta/ctm/light_blue_glazed_terracotta_fancy_ctm	*=same;match:ott:light_blue_glazed_terracotta_fancy	self		all=ott:block/light_blue_glazed_terracotta/light_blue_glazed_terracotta_fancy
light_gray_glazed_terracotta_fancy_ctm	light_gray_glazed_terracotta	ctm_full_detailed			all=ott:block/light_gray_glazed_terracotta/ctm/light_gray_glazed_terracotta_fancy_ctm	*=same;match:ott:light_gray_glazed_terracotta_fancy	self		all=ott:block/light_gray_glazed_terracotta/light_gray_glazed_terracotta_fancy
lime_glazed_terracotta_fancy_ctm	lime_glazed_terracotta	ctm_full_detailed			all=ott:block/lime_glazed_terracotta/ctm/lime_glazed_terracotta_fancy_ctm	*=same;match:ott:lime_glazed_terracotta_fancy	self		all=ott:block/lime_glazed_terracotta/lime_glazed_terracotta_fancy
magenta_glazed_terracotta_fancy_ctm	magenta_glazed_terracotta	ctm_full_detailed			all=ott:block/magenta_glazed_terracotta/ctm/magenta_glazed_terracotta_fancy_ctm	*=same;match:ott:magenta_glazed_terracotta_fancy	self		all=ott:block/magenta_glazed_terracotta/magenta_glazed_terracotta_fancy
orange_glazed_terracotta_fancy_ctm	orange_glazed_terracotta	ctm_full_detailed			all=ott:block/orange_glazed_terracotta/ctm/orange_glazed_terracotta_fancy_ctm	*=same;match:ott:orange_glazed_terracotta_fancy	self		all=ott:block/orange_glazed_terracotta/orange_glazed_terracotta_fancy
pink_glazed_terracotta_fancy_ctm	pink_glazed_terracotta	ctm_full_detailed			all=ott:block/pink_glazed_terracotta/ctm/pink_glazed_terracotta_fancy_ctm	*=same;match:ott:pink_glazed_terracotta_fancy	self		all=ott:block/pink_glazed_terracotta/pink_glazed_terracotta_fancy
purple_glazed_terracotta_fancy_ctm	purple_glazed_terracotta	ctm_full_detailed			all=ott:block/purple_glazed_terracotta/ctm/purple_glazed_terracotta_fancy_ctm	*=same;match:ott:purple_glazed_terracotta_fancy	self		all=ott:block/purple_glazed_terracotta/purple_glazed_terracotta_fancy
red_glazed_terracotta_fancy_ctm	red_glazed_terracotta	ctm_full_detailed			all=ott:block/red_glazed_terracotta/ctm/red_glazed_terracotta_fancy_ctm	*=same;match:ott:red_glazed_terracotta_fancy	self		all=ott:block/red_glazed_terracotta/red_glazed_terracotta_fancy
white_glazed_terracotta_fancy_ctm	white_glazed_terracotta	ctm_full_detailed			all=ott:block/white_glazed_terracotta/ctm/white_glazed_terracotta_fancy_ctm	*=same;match:ott:white_glazed_terracotta_fancy	self		all=ott:block/white_glazed_terracotta/white_glazed_terracotta_fancy
yellow_glazed_terracotta_fancy_ctm	yellow_glazed_terracotta	ctm_full_detailed			all=ott:block/yellow_glazed_terracotta/ctm/yellow_glazed_terracotta_fancy_ctm	*=same;match:ott:yellow_glazed_terracotta_fancy	self		all=ott:block/yellow_glazed_terracotta/yellow_glazed_terracotta_fancy
white_wool_cornered_ctm	white_wool	ctm_cube_all_pieces		pieces_full	all=ott:block/white_wool/ctm/white_wool_cornered	all	solo		
white_wool_crafted_ctm	white_wool	ctm_cube_all_pieces		pieces_full	all=ott:block/white_wool/ctm/white_wool_crafted	all	solo		
white_wool_harsh_quilted_ctm	white_wool	ctm_cube_all_pieces		pieces_full	all=ott:block/white_wool/ctm/white_wool_harsh_quilted	all	solo		
white_wool_rectangle_ctm	white_wool	ctm_cube_all_pieces		pieces_full	all=ott:block/white_wool/ctm/white_wool_rectangle	all	solo		
white_wool_delicate_ctm	white_wool	ctm_cube_all_pieces		pieces_full	all=ott:block/white_wool/ctm/white_wool_delicate	all	solo		
white_wool_ornamented_ctm	white_wool	ctm_cube_all_pieces		pieces_full	all=ott:block/white_wool/ctm/white_wool_ornamented	all	solo		
white_wool_legacy_ctm	white_wool	ctm_cube_all_pieces		pieces_full	all=ott:block/white_wool/ctm/white_wool_legacy	all	solo		
white_wool_llama_ctm	white_wool	ctm_cube_all_pieces		pieces_full	all=ott:block/white_wool/ctm/white_wool_llama	all	solo		
orange_wool_cornered_ctm	orange_wool	ctm_cube_all_pieces		pieces_full	all=ott:block/orange_wool/ctm/orange_wool_cornered	all	solo		
orange_wool_crafted_ctm	orange_wool	ctm_cube_all_pieces		pieces_full	all=ott:block/orange_wool/ctm/orange_wool_crafted	all	solo		
orange_wool_harsh_quilted_ctm	orange_wool	ctm_cube_all_pieces		pieces_full	all=ott:block/orange_wool/ctm/orange_wool_harsh_quilted	all	solo		
orange_wool_rectangle_ctm	orange_wool	ctm_cube_all_pieces		pieces_full	all=ott:block/orange_wool/ctm/orange_wool_rectangle	all	solo		
orange_wool_delicate_ctm	orange_wool	ctm_cube_all_pieces		pieces_full	all=ott:block/orange_wool/ctm/orange_wool_delicate	all	solo		
orange_wool_ornamented_ctm	orange_wool	ctm_cube_all_pieces		pieces_full	all=ott:block/orange_wool/ctm/orange_wool_ornamented	all	solo		
orange_wool_legacy_ctm	orange_wool	ctm_cube_all_pieces		pieces_full	all=ott:block/orange_wool/ctm/orange_wool_legacy	all	solo		
orange_wool_llama_ctm	orange_wool	ctm_cube_all_pieces		pieces_full	all=ott:block/orange_wool/ctm/orange_wool_llama	all	solo		
magenta_wool_cornered_ctm	magenta_wool	ctm_cube_all_pieces		pieces_full	all=ott:block/magenta_wool/ctm/magenta_wool_cornered	all	solo		
magenta_wool_crafted_ctm	magenta_wool	ctm_cube_all_pieces		pieces_full	all=ott:block/magenta_wool/ctm/magenta_wool_crafted	all	solo		
magenta_wool_harsh_quilted_ctm	magenta_wool	ctm_cube_all_pieces		pieces_full	all=ott:block/magenta_wool/ctm/magenta_wool_harsh_quilted	all	solo		
magenta_wool_rectangle_ctm	magenta_wool	ctm_cube_all_pieces		pieces_full	all=ott:block/magenta_wool/ctm/magenta_wool_rectangle	all	solo		
magenta_wool_delicate_ctm	magenta_wool	ctm_cube_all_pieces		pieces_full	all=ott:block/magenta_wool/ctm/magenta_wool_delicate	all	solo		
magenta_wool_ornamented_ctm	magenta_wool	ctm_cube_all_pieces		pieces_full	all=ott:block/magenta_wool/ctm/magenta_wool_ornamented	all	solo		
magenta_wool_legacy_ctm	magenta_wool	ctm_cube_all_pieces		pieces_full	all=ott:block/magenta_wool/ctm/magenta_wool_legacy	all	solo		
magenta_wool_llama_ctm	magenta_wool	ctm_cube_all_pieces		pieces_full	all=ott:block/magenta_wool/ctm/magenta_wool_llama	all	solo		
light_blue_wool_cornered_ctm	light_blue_wool	ctm_cube_all_pieces		pieces_full	all=ott:block/light_blue_wool/ctm/light_blue_wool_cornered	all	solo		
light_blue_wool_crafted_ctm	light_blue_wool	ctm_cube_all_pieces		pieces_full	all=ott:block/light_blue_wool/ctm/light_blue_wool_crafted	all	solo		
light_blue_wool_harsh_quilted_ctm	light_blue_wool	ctm_cube_all_pieces		pieces_full	all=ott:block/light_blue_wool/ctm/light_blue_wool_harsh_quilted	all	solo		
light_blue_wool_rectangle_ctm	light_blue_wool	ctm_cube_all_pieces		pieces_full	all=ott:block/light_blue_wool/ctm/light_blue_wool_rectangle	all	solo		
light_blue_wool_delicate_ctm	light_blue_wool	ctm_cube_all_pieces		pieces_full	all=ott:block/light_blue_wool/ctm/light_blue_wool_delicate	all	solo		
light_blue_wool_ornamented_ctm	light_blue_wool	ctm_cube_all_pieces		pieces_full	all=ott:block/light_blue_wool/ctm/light_blue_wool_ornamented	all	solo		
light_blue_wool_legacy_ctm	light_blue_wool	ctm_cube_all_pieces		pieces_full	all=ott:block/light_blue_wool/ctm/light_blue_wool_legacy	all	solo		
light_blue_wool_llama_ctm	light_blue_wool	ctm_cube_all_pieces		pieces_full	all=ott:block/light_blue_wool/ctm/light_blue_wool_llama	all	solo		
yellow_wool_cornered_ctm	yellow_wool	ctm_cube_all_pieces		pieces_full	all=ott:block/yellow_wool/ctm/yellow_wool_cornered	all	solo		
yellow_wool_crafted_ctm	yellow_wool	ctm_cube_all_pieces		pieces_full	all=ott:block/yellow_wool/ctm/yellow_wool_crafted	all	solo		
yellow_wool_harsh_quilted_ctm	yellow_wool	ctm_cube_all_pieces		pieces_full	all=ott:block/yellow_wool/ctm/yellow_wool_harsh_quilted	all	solo		
yellow_wool_rectangle_ctm	yellow_wool	ctm_cube_all_pieces		pieces_full	all=ott:block/yellow_wool/ctm/yellow_wool_rectangle	all	solo		
yellow_wool_delicate_ctm	yellow_wool	ctm_cube_all_pieces		pieces_full	all=ott:block/yellow_wool/ctm/yellow_wool_delicate	all	solo		
yellow_wool_ornamented_ctm	yellow_wool	ctm_cube_all_pieces		pieces_full	all=ott:block/yellow_wool/ctm/yellow_wool_ornamented	all	solo		
yellow_wool_legacy_ctm	yellow_wool	ctm_cube_all_pieces		pieces_full	all=ott:block/yellow_wool/ctm/yellow_wool_legacy	all	solo		
yellow_wool_llama_ctm	yellow_wool	ctm_cube_all_pieces		pieces_full	all=ott:block/yellow_wool/ctm/yellow_wool_llama	all	solo		
lime_wool_cornered_ctm	lime_wool	ctm_cube_all_pieces		pieces_full	all=ott:block/lime_wool/ctm/lime_wool_cornered	all	solo		
lime_wool_crafted_ctm	lime_wool	ctm_cube_all_pieces		pieces_full	all=ott:block/lime_wool/ctm/lime_wool_crafted	all	solo		
lime_wool_harsh_quilted_ctm	lime_wool	ctm_cube_all_pieces		pieces_full	all=ott:block/lime_wool/ctm/lime_wool_harsh_quilted	all	solo		
lime_wool_rectangle_ctm	lime_wool	ctm_cube_all_pieces		pieces_full	all=ott:block/lime_wool/ctm/lime_wool_rectangle	all	solo		
lime_wool_delicate_ctm	lime_wool	ctm_cube_all_pieces		pieces_full	all=ott:block/lime_wool/ctm/lime_wool_delicate	all	solo		
lime_wool_ornamented_ctm	lime_wool	ctm_cube_all_pieces		pieces_full	all=ott:block/lime_wool/ctm/lime_wool_ornamented	all	solo		
lime_wool_legacy_ctm	lime_wool	ctm_cube_all_pieces		pieces_full	all=ott:block/lime_wool/ctm/lime_wool_legacy	all	solo		
lime_wool_llama_ctm	lime_wool	ctm_cube_all_pieces		pieces_full	all=ott:block/lime_wool/ctm/lime_wool_llama	all	solo		
pink_wool_cornered_ctm	pink_wool	ctm_cube_all_pieces		pieces_full	all=ott:block/pink_wool/ctm/pink_wool_cornered	all	solo		
pink_wool_crafted_ctm	pink_wool	ctm_cube_all_pieces		pieces_full	all=ott:block/pink_wool/ctm/pink_wool_crafted	all	solo		
pink_wool_harsh_quilted_ctm	pink_wool	ctm_cube_all_pieces		pieces_full	all=ott:block/pink_wool/ctm/pink_wool_harsh_quilted	all	solo		
pink_wool_rectangle_ctm	pink_wool	ctm_cube_all_pieces		pieces_full	all=ott:block/pink_wool/ctm/pink_wool_rectangle	all	solo		
pink_wool_delicate_ctm	pink_wool	ctm_cube_all_pieces		pieces_full	all=ott:block/pink_wool/ctm/pink_wool_delicate	all	solo		
pink_wool_ornamented_ctm	pink_wool	ctm_cube_all_pieces		pieces_full	all=ott:block/pink_wool/ctm/pink_wool_ornamented	all	solo		
pink_wool_legacy_ctm	pink_wool	ctm_cube_all_pieces		pieces_full	all=ott:block/pink_wool/ctm/pink_wool_legacy	all	solo		
pink_wool_llama_ctm	pink_wool	ctm_cube_all_pieces		pieces_full	all=ott:block/pink_wool/ctm/pink_wool_llama	all	solo		
gray_wool_cornered_ctm	gray_wool	ctm_cube_all_pieces		pieces_full	all=ott:block/gray_wool/ctm/gray_wool_cornered	all	solo		
gray_wool_crafted_ctm	gray_wool	ctm_cube_all_pieces		pieces_full	all=ott:block/gray_wool/ctm/gray_wool_crafted	all	solo		
gray_wool_harsh_quilted_ctm	gray_wool	ctm_cube_all_pieces		pieces_full	all=ott:block/gray_wool/ctm/gray_wool_harsh_quilted	all	solo		
gray_wool_rectangle_ctm	gray_wool	ctm_cube_all_pieces		pieces_full	all=ott:block/gray_wool/ctm/gray_wool_rectangle	all	solo		
gray_wool_delicate_ctm	gray_wool	ctm_cube_all_pieces		pieces_full	all=ott:block/gray_wool/ctm/gray_wool_delicate	all	solo		
gray_wool_ornamented_ctm	gray_wool	ctm_cube_all_pieces		pieces_full	all=ott:block/gray_wool/ctm/gray_wool_ornamented	all	solo		
gray_wool_legacy_ctm	gray_wool	ctm_cube_all_pieces		pieces_full	all=ott:block/gray_wool/ctm/gray_wool_legacy	all	solo		
gray_wool_llama_ctm	gray_wool	ctm_cube_all_pieces		pieces_full	all=ott:block/gray_wool/ctm/gray_wool_llama	all	solo		
light_gray_wool_cornered_ctm	light_gray_wool	ctm_cube_all_pieces		pieces_full	all=ott:block/light_gray_wool/ctm/light_gray_wool_cornered	all	solo		
light_gray_wool_crafted_ctm	light_gray_wool	ctm_cube_all_pieces		pieces_full	all=ott:block/light_gray_wool/ctm/light_gray_wool_crafted	all	solo		
light_gray_wool_harsh_quilted_ctm	light_gray_wool	ctm_cube_all_pieces		pieces_full	all=ott:block/light_gray_wool/ctm/light_gray_wool_harsh_quilted	all	solo		
light_gray_wool_rectangle_ctm	light_gray_wool	ctm_cube_all_pieces		pieces_full	all=ott:block/light_gray_wool/ctm/light_gray_wool_rectangle	all	solo		
light_gray_wool_delicate_ctm	light_gray_wool	ctm_cube_all_pieces		pieces_full	all=ott:block/light_gray_wool/ctm/light_gray_wool_delicate	all	solo		
light_gray_wool_ornamented_ctm	light_gray_wool	ctm_cube_all_pieces		pieces_full	all=ott:block/light_gray_wool/ctm/light_gray_wool_ornamented	all	solo		
light_gray_wool_legacy_ctm	light_gray_wool	ctm_cube_all_pieces		pieces_full	all=ott:block/light_gray_wool/ctm/light_gray_wool_legacy	all	solo		
light_gray_wool_llama_ctm	light_gray_wool	ctm_cube_all_pieces		pieces_full	all=ott:block/light_gray_wool/ctm/light_gray_wool_llama	all	solo		
cyan_wool_cornered_ctm	cyan_wool	ctm_cube_all_pieces		pieces_full	all=ott:block/cyan_wool/ctm/cyan_wool_cornered	all	solo		
cyan_wool_crafted_ctm	cyan_wool	ctm_cube_all_pieces		pieces_full	all=ott:block/cyan_wool/ctm/cyan_wool_crafted	all	solo		
cyan_wool_harsh_quilted_ctm	cyan_wool	ctm_cube_all_pieces		pieces_full	all=ott:block/cyan_wool/ctm/cyan_wool_harsh_quilted	all	solo		
cyan_wool_rectangle_ctm	cyan_wool	ctm_cube_all_pieces		pieces_full	all=ott:block/cyan_wool/ctm/cyan_wool_rectangle	all	solo		
cyan_wool_delicate_ctm	cyan_wool	ctm_cube_all_pieces		pieces_full	all=ott:block/cyan_wool/ctm/cyan_wool_delicate	all	solo		
cyan_wool_ornamented_ctm	cyan_wool	ctm_cube_all_pieces		pieces_full	all=ott:block/cyan_wool/ctm/cyan_wool_ornamented	all	solo		
cyan_wool_legacy_ctm	cyan_wool	ctm_cube_all_pieces		pieces_full	all=ott:block/cyan_wool/ctm/cyan_wool_legacy	all	solo		
cyan_wool_llama_ctm	cyan_wool	ctm_cube_all_pieces		pieces_full	all=ott:block/cyan_wool/ctm/cyan_wool_llama	all	solo		
purple_wool_cornered_ctm	purple_wool	ctm_cube_all_pieces		pieces_full	all=ott:block/purple_wool/ctm/purple_wool_cornered	all	solo		
purple_wool_crafted_ctm	purple_wool	ctm_cube_all_pieces		pieces_full	all=ott:block/purple_wool/ctm/purple_wool_crafted	all	solo		
purple_wool_harsh_quilted_ctm	purple_wool	ctm_cube_all_pieces		pieces_full	all=ott:block/purple_wool/ctm/purple_wool_harsh_quilted	all	solo		
purple_wool_rectangle_ctm	purple_wool	ctm_cube_all_pieces		pieces_full	all=ott:block/purple_wool/ctm/purple_wool_rectangle	all	solo		
purple_wool_delicate_ctm	purple_wool	ctm_cube_all_pieces		pieces_full	all=ott:block/purple_wool/ctm/purple_wool_delicate	all	solo		
purple_wool_ornamented_ctm	purple_wool	ctm_cube_all_pieces		pieces_full	all=ott:block/purple_wool/ctm/purple_wool_ornamented	all	solo		
purple_wool_legacy_ctm	purple_wool	ctm_cube_all_pieces		pieces_full	all=ott:block/purple_wool/ctm/purple_wool_legacy	all	solo		
purple_wool_llama_ctm	purple_wool	ctm_cube_all_pieces		pieces_full	all=ott:block/purple_wool/ctm/purple_wool_llama	all	solo		
blue_wool_cornered_ctm	blue_wool	ctm_cube_all_pieces		pieces_full	all=ott:block/blue_wool/ctm/blue_wool_cornered	all	solo		
blue_wool_crafted_ctm	blue_wool	ctm_cube_all_pieces		pieces_full	all=ott:block/blue_wool/ctm/blue_wool_crafted	all	solo		
blue_wool_harsh_quilted_ctm	blue_wool	ctm_cube_all_pieces		pieces_full	all=ott:block/blue_wool/ctm/blue_wool_harsh_quilted	all	solo		
blue_wool_rectangle_ctm	blue_wool	ctm_cube_all_pieces		pieces_full	all=ott:block/blue_wool/ctm/blue_wool_rectangle	all	solo		
blue_wool_delicate_ctm	blue_wool	ctm_cube_all_pieces		pieces_full	all=ott:block/blue_wool/ctm/blue_wool_delicate	all	solo		
blue_wool_ornamented_ctm	blue_wool	ctm_cube_all_pieces		pieces_full	all=ott:block/blue_wool/ctm/blue_wool_ornamented	all	solo		
blue_wool_legacy_ctm	blue_wool	ctm_cube_all_pieces		pieces_full	all=ott:block/blue_wool/ctm/blue_wool_legacy	all	solo		
blue_wool_llama_ctm	blue_wool	ctm_cube_all_pieces		pieces_full	all=ott:block/blue_wool/ctm/blue_wool_llama	all	solo		
brown_wool_cornered_ctm	brown_wool	ctm_cube_all_pieces		pieces_full	all=ott:block/brown_wool/ctm/brown_wool_cornered	all	solo		
brown_wool_crafted_ctm	brown_wool	ctm_cube_all_pieces		pieces_full	all=ott:block/brown_wool/ctm/brown_wool_crafted	all	solo		
brown_wool_harsh_quilted_ctm	brown_wool	ctm_cube_all_pieces		pieces_full	all=ott:block/brown_wool/ctm/brown_wool_harsh_quilted	all	solo		
brown_wool_rectangle_ctm	brown_wool	ctm_cube_all_pieces		pieces_full	all=ott:block/brown_wool/ctm/brown_wool_rectangle	all	solo		
brown_wool_delicate_ctm	brown_wool	ctm_cube_all_pieces		pieces_full	all=ott:block/brown_wool/ctm/brown_wool_delicate	all	solo		
brown_wool_ornamented_ctm	brown_wool	ctm_cube_all_pieces		pieces_full	all=ott:block/brown_wool/ctm/brown_wool_ornamented	all	solo		
brown_wool_legacy_ctm	brown_wool	ctm_cube_all_pieces		pieces_full	all=ott:block/brown_wool/ctm/brown_wool_legacy	all	solo		
brown_wool_llama_ctm	brown_wool	ctm_cube_all_pieces		pieces_full	all=ott:block/brown_wool/ctm/brown_wool_llama	all	solo		
green_wool_cornered_ctm	green_wool	ctm_cube_all_pieces		pieces_full	all=ott:block/green_wool/ctm/green_wool_cornered	all	solo		
green_wool_crafted_ctm	green_wool	ctm_cube_all_pieces		pieces_full	all=ott:block/green_wool/ctm/green_wool_crafted	all	solo		
green_wool_harsh_quilted_ctm	green_wool	ctm_cube_all_pieces		pieces_full	all=ott:block/green_wool/ctm/green_wool_harsh_quilted	all	solo		
green_wool_rectangle_ctm	green_wool	ctm_cube_all_pieces		pieces_full	all=ott:block/green_wool/ctm/green_wool_rectangle	all	solo		
green_wool_delicate_ctm	green_wool	ctm_cube_all_pieces		pieces_full	all=ott:block/green_wool/ctm/green_wool_delicate	all	solo		
green_wool_ornamented_ctm	green_wool	ctm_cube_all_pieces		pieces_full	all=ott:block/green_wool/ctm/green_wool_ornamented	all	solo		
green_wool_legacy_ctm	green_wool	ctm_cube_all_pieces		pieces_full	all=ott:block/green_wool/ctm/green_wool_legacy	all	solo		
green_wool_llama_ctm	green_wool	ctm_cube_all_pieces		pieces_full	all=ott:block/green_wool/ctm/green_wool_llama	all	solo		
red_wool_cornered_ctm	red_wool	ctm_cube_all_pieces		pieces_full	all=ott:block/red_wool/ctm/red_wool_cornered	all	solo		
red_wool_crafted_ctm	red_wool	ctm_cube_all_pieces		pieces_full	all=ott:block/red_wool/ctm/red_wool_crafted	all	solo		
red_wool_harsh_quilted_ctm	red_wool	ctm_cube_all_pieces		pieces_full	all=ott:block/red_wool/ctm/red_wool_harsh_quilted	all	solo		
red_wool_rectangle_ctm	red_wool	ctm_cube_all_pieces		pieces_full	all=ott:block/red_wool/ctm/red_wool_rectangle	all	solo		
red_wool_delicate_ctm	red_wool	ctm_cube_all_pieces		pieces_full	all=ott:block/red_wool/ctm/red_wool_delicate	all	solo		
red_wool_ornamented_ctm	red_wool	ctm_cube_all_pieces		pieces_full	all=ott:block/red_wool/ctm/red_wool_ornamented	all	solo		
red_wool_legacy_ctm	red_wool	ctm_cube_all_pieces		pieces_full	all=ott:block/red_wool/ctm/red_wool_legacy	all	solo		
red_wool_llama_ctm	red_wool	ctm_cube_all_pieces		pieces_full	all=ott:block/red_wool/ctm/red_wool_llama	all	solo		
black_wool_cornered_ctm	black_wool	ctm_cube_all_pieces		pieces_full	all=ott:block/black_wool/ctm/black_wool_cornered	all	solo		
black_wool_crafted_ctm	black_wool	ctm_cube_all_pieces		pieces_full	all=ott:block/black_wool/ctm/black_wool_crafted	all	solo		
black_wool_harsh_quilted_ctm	black_wool	ctm_cube_all_pieces		pieces_full	all=ott:block/black_wool/ctm/black_wool_harsh_quilted	all	solo		
black_wool_rectangle_ctm	black_wool	ctm_cube_all_pieces		pieces_full	all=ott:block/black_wool/ctm/black_wool_rectangle	all	solo		
black_wool_delicate_ctm	black_wool	ctm_cube_all_pieces		pieces_full	all=ott:block/black_wool/ctm/black_wool_delicate	all	solo		
black_wool_ornamented_ctm	black_wool	ctm_cube_all_pieces		pieces_full	all=ott:block/black_wool/ctm/black_wool_ornamented	all	solo		
black_wool_legacy_ctm	black_wool	ctm_cube_all_pieces		pieces_full	all=ott:block/black_wool/ctm/black_wool_legacy	all	solo		
black_wool_llama_ctm	black_wool	ctm_cube_all_pieces		pieces_full	all=ott:block/black_wool/ctm/black_wool_llama	all	solo		
