# name,material  (generated by gen_import.py)
acacia_planks_fine_mosaic,acacia_planks
acacia_planks_mosaic,acacia_planks
acacia_planks_shavings,acacia_planks
basket_woven_acacia_planks,acacia_planks
boxed_acacia_planks,acacia_planks
brick_bond_acacia_planks,acacia_planks
bricky_acacia_planks,acacia_planks
cross_laced_acacia_planks,acacia_planks
crossed_acacia_planks,acacia_planks
detailed_acacia_planks,acacia_planks
diagonal_acacia_planks,acacia_planks
diamond_acacia_planks,acacia_planks
double_herringbone_acacia_planks,acacia_planks
fine_acacia_planks,acacia_planks
fine_vertical_acacia_planks,acacia_planks
herringbone_acacia_planks,acacia_planks
hewn_acacia_planks,acacia_planks
laced_acacia_planks,acacia_planks
nailed_acacia_planks,acacia_planks
polished_acacia_planks,acacia_planks
railed_acacia_planks,acacia_planks
shifted_acacia_planks,acacia_planks
slanted_acacia_planks,acacia_planks
smooth_acacia_planks,acacia_planks
stacked_acacia_planks,acacia_planks
thin_acacia_planks,acacia_planks
tiled_acacia_planks,acacia_planks
versailles_acacia_planks,acacia_planks
vertical_acacia_planks,acacia_planks
vertically_railed_acacia_planks,acacia_planks
wickered_acacia_planks,acacia_planks
amethyst_block_diagonal_tiles,amethyst_block
amethyst_block_jewel,amethyst_block
amethyst_block_mini_tiles,amethyst_block
amethyst_block_scales,amethyst_block
amethyst_block_smooth,amethyst_block
angry_amethyst_block,amethyst_block
carved_amethyst_block,amethyst_block
checkered_amethyst_block_tiles,amethyst_block
cobbled_amethyst_block,amethyst_block
cracked_amethyst_block_bricks,amethyst_block
cracked_disordered_amethyst_block_bricks,amethyst_block
cracked_flat_amethyst_block_tiles,amethyst_block
creeper_amethyst_block_carving,amethyst_block
crying_amethyst_block,amethyst_block
cut_blank_amethyst_block,amethyst_block
diagonal_amethyst_block,amethyst_block
duh_amethyst_block,amethyst_block
engraved_amethyst_block,amethyst_block
eroded_amethyst_block,amethyst_block
etched_amethyst_block_bricks,amethyst_block
flat_amethyst_block_tiles,amethyst_block
glad_amethyst_block,amethyst_block
inlayed_amethyst_block,amethyst_block
inscribed_amethyst_block,amethyst_block
jeweled_amethyst_block,amethyst_block
layed_amethyst_block_bricks,amethyst_block
loded_amethyst_block,amethyst_block
offset_amethyst_block_bricks,amethyst_block
prismal_amethyst_block_remnants,amethyst_block
rough_amethyst_block,amethyst_block
rounded_amethyst_block_bricks,amethyst_block
runic_carved_amethyst_block,amethyst_block
sad_amethyst_block,amethyst_block
sanded_amethyst_block,amethyst_block
small_amethyst_block_bricks,amethyst_block
small_diamond_amethyst_block,amethyst_block
smooth_inlayed_amethyst_block,amethyst_block
smooth_ringed_amethyst_block,amethyst_block
smoothed_double_inlayed_amethyst_block,amethyst_block
spiraled_amethyst_block,amethyst_block
stacked_amethyst_block_bricks,amethyst_block
tiled_amethyst_block,amethyst_block
tiny_amethyst_block_bricks,amethyst_block
tiny_layered_amethyst_block_bricks,amethyst_block
tiny_layered_amethyst_block_slabs,amethyst_block
trodden_amethyst_block,amethyst_block
unamused_amethyst_block,amethyst_block
vertical_cut_amethyst_block,amethyst_block
vertical_disordered_amethyst_block_bricks,amethyst_block
weathered_amethyst_block,amethyst_block
ancient_debris_bricks,ancient_debris
ancient_debris_mini_tiles,ancient_debris
ancient_debris_scales,ancient_debris
angry_ancient_debris,ancient_debris
carved_ancient_debris,ancient_debris
checkered_ancient_debris_tiles,ancient_debris
cobbled_ancient_debris,ancient_debris
cracked_ancient_debris_bricks,ancient_debris
cracked_disordered_ancient_debris_bricks,ancient_debris
cracked_flat_ancient_debris_tiles,ancient_debris
creeper_ancient_debris_carving,ancient_debris
crying_ancient_debris,ancient_debris
cut_blank_ancient_debris,ancient_debris
duh_ancient_debris,ancient_debris
engraved_ancient_debris,ancient_debris
eroded_ancient_debris,ancient_debris
etched_ancient_debris_bricks,ancient_debris
flat_ancient_debris_tiles,ancient_debris
glad_ancient_debris,ancient_debris
inlayed_ancient_debris,ancient_debris
inscribed_ancient_debris,ancient_debris
layed_ancient_debris_bricks,ancient_debris
loded_ancient_debris,ancient_debris
offset_ancient_debris_bricks,ancient_debris
prismal_ancient_debris_remnants,ancient_debris
rough_ancient_debris,ancient_debris
rounded_ancient_debris_bricks,ancient_debris
runic_carved_ancient_debris,ancient_debris
sad_ancient_debris,ancient_debris
sanded_ancient_debris,ancient_debris
small_ancient_debris_bricks,ancient_debris
smooth_inlayed_ancient_debris,ancient_debris
smooth_ringed_ancient_debris,ancient_debris
smoothed_double_inlayed_ancient_debris,ancient_debris
spiraled_ancient_debris,ancient_debris
stacked_ancient_debris_bricks,ancient_debris
tiled_ancient_debris,ancient_debris
tiny_ancient_debris_bricks,ancient_debris
tiny_layered_ancient_debris_bricks,ancient_debris
tiny_layered_ancient_debris_slabs,ancient_debris
trodden_ancient_debris,ancient_debris
unamused_ancient_debris,ancient_debris
vertical_cut_ancient_debris,ancient_debris
vertical_disordered_ancient_debris_bricks,ancient_debris
weathered_ancient_debris,ancient_debris
andesite_diamond_pavers,andesite
andesite_large_bricks,andesite
andesite_large_bricks_cracked,andesite
andesite_mini_tiles,andesite
andesite_scales,andesite
andesite_small_brick,andesite
angry_andesite,andesite
bordered_andesite,andesite
carved_andesite,andesite
checkered_andesite_tiles,andesite
cobbled_andesite,andesite
cracked_andesite_bricks,andesite
cracked_disordered_andesite_bricks,andesite
cracked_flat_andesite_tiles,andesite
cracked_tiny_andesite_tiles,andesite
creeper_andesite_carving,andesite
crying_andesite,andesite
cut_blank_andesite,andesite
duh_andesite,andesite
engraved_andesite,andesite
eroded_andesite,andesite
etched_andesite_bricks,andesite
flat_andesite_tiles,andesite
glad_andesite,andesite
inlayed_andesite,andesite
inscribed_andesite,andesite
layed_andesite_bricks,andesite
loded_andesite,andesite
mossy_andesite_bricks,andesite
mossy_cobbled_andesite,andesite
mossy_large_andesite_bricks,andesite
offset_andesite_bricks,andesite
polished_andesite,andesite
prismal_andesite_remnants,andesite
rough_andesite,andesite
rounded_andesite_bricks,andesite
runic_carved_andesite,andesite
sad_andesite,andesite
sanded_andesite,andesite
small_andesite_bricks,andesite
smooth_inlayed_andesite,andesite
smooth_ringed_andesite,andesite
smoothed_double_inlayed_andesite,andesite
spiraled_andesite,andesite
stacked_andesite_bricks,andesite
tiled_andesite,andesite
tiny_andesite_bricks,andesite
tiny_layered_andesite_bricks,andesite
tiny_layered_andesite_slabs,andesite
trodden_andesite,andesite
unamused_andesite,andesite
vertical_cut_andesite,andesite
vertical_disordered_andesite_bricks,andesite
weathered_andesite,andesite
angry_asurine,asurine
asurine_bricks,asurine
asurine_mini_tiles,asurine
asurine_scales,asurine
bordered_asurine,asurine
brick_bordered_asurine,asurine
carved_asurine,asurine
checkered_asurine_tiles,asurine
cobbled_asurine,asurine
cracked_asurine_bricks,asurine
cracked_disordered_asurine_bricks,asurine
cracked_flat_asurine_tiles,asurine
creeper_asurine_carving,asurine
crying_asurine,asurine
cut_blank_asurine,asurine
duh_asurine,asurine
edged_asurine_bricks,asurine
engraved_asurine,asurine
eroded_asurine,asurine
etched_asurine_bricks,asurine
flat_asurine_tiles,asurine
glad_asurine,asurine
inlayed_asurine,asurine
inscribed_asurine,asurine
layed_asurine_bricks,asurine
loded_asurine,asurine
offset_asurine_bricks,asurine
overlapping_asurine_tiles,asurine
polished_asurine,asurine
prismal_asurine_remnants,asurine
rough_asurine,asurine
rounded_asurine_bricks,asurine
runic_carved_asurine,asurine
sad_asurine,asurine
sanded_asurine,asurine
small_asurine_bricks,asurine
smooth_inlayed_asurine,asurine
smooth_ringed_asurine,asurine
smoothed_double_inlayed_asurine,asurine
spiraled_asurine,asurine
stacked_asurine_bricks,asurine
thick_inlayed_asurine,asurine
tiled_asurine,asurine
tiled_bordered_asurine,asurine
tiny_asurine_bricks,asurine
tiny_brick_bordered_asurine,asurine
tiny_layered_asurine_bricks,asurine
tiny_layered_asurine_slabs,asurine
trodden_asurine,asurine
unamused_asurine,asurine
vertical_cut_asurine,asurine
vertical_disordered_asurine_bricks,asurine
weathered_asurine,asurine
bamboo_planks_fine_mosaic,bamboo_planks
bamboo_planks_mosaic,bamboo_planks
bamboo_planks_shavings,bamboo_planks
basket_woven_bamboo_planks,bamboo_planks
boxed_bamboo_planks,bamboo_planks
brick_bond_bamboo_planks,bamboo_planks
bricky_bamboo_planks,bamboo_planks
cross_laced_bamboo_planks,bamboo_planks
crossed_bamboo_planks,bamboo_planks
detailed_bamboo_planks,bamboo_planks
diagonal_bamboo_planks,bamboo_planks
diamond_bamboo_planks,bamboo_planks
double_herringbone_bamboo_planks,bamboo_planks
fine_bamboo_planks,bamboo_planks
fine_vertical_bamboo_planks,bamboo_planks
herringbone_bamboo_planks,bamboo_planks
hewn_bamboo_planks,bamboo_planks
laced_bamboo_planks,bamboo_planks
nailed_bamboo_planks,bamboo_planks
pegged_bamboo_planks,bamboo_planks
railed_bamboo_planks,bamboo_planks
reinforced_bamboo_planks,bamboo_planks
shifted_bamboo_planks,bamboo_planks
slanted_bamboo_planks,bamboo_planks
smooth_bamboo_planks,bamboo_planks
stacked_bamboo_planks,bamboo_planks
thin_bamboo_planks,bamboo_planks
tiled_bamboo_planks,bamboo_planks
versailles_bamboo_planks,bamboo_planks
vertical_bamboo_planks,bamboo_planks
vertically_railed_bamboo_planks,bamboo_planks
wickered_bamboo_planks,bamboo_planks
angry_basalt,basalt
basalt_chiseled_piglin,basalt
basalt_mini_tiles,basalt
basalt_scales,basalt
carved_basalt,basalt
checkered_basalt_tiles,basalt
chiseled_basalt,basalt
cobbled_basalt,basalt
cracked_basalt_bricks,basalt
cracked_disordered_basalt_bricks,basalt
cracked_flat_basalt_tiles,basalt
cracked_tiny_basalt_tiles,basalt
creeper_basalt_carving,basalt
crying_basalt,basalt
cut_blank_basalt,basalt
duh_basalt,basalt
engraved_basalt,basalt
eroded_basalt,basalt
etched_basalt_bricks,basalt
flat_basalt_tiles,basalt
glad_basalt,basalt
inlayed_basalt,basalt
inscribed_basalt,basalt
layed_basalt_bricks,basalt
loded_basalt,basalt
mossy_basalt_bricks,basalt
mossy_cobbled_basalt,basalt
offset_basalt_bricks,basalt
prismal_basalt_remnants,basalt
rough_basalt,basalt
rounded_basalt_bricks,basalt
runic_carved_basalt,basalt
sad_basalt,basalt
sanded_basalt,basalt
small_basalt_bricks,basalt
smooth_inlayed_basalt,basalt
smooth_ringed_basalt,basalt
smoothed_double_inlayed_basalt,basalt
spiraled_basalt,basalt
stacked_basalt_bricks,basalt
tiled_basalt,basalt
tiny_basalt_bricks,basalt
tiny_layered_basalt_bricks,basalt
tiny_layered_basalt_slabs,basalt
trodden_basalt,basalt
unamused_basalt,basalt
vertical_cut_basalt,basalt
vertical_disordered_basalt_bricks,basalt
weathered_basalt,basalt
basket_woven_birch_planks,birch_planks
birch_planks_fine_mosaic,birch_planks
birch_planks_mosaic,birch_planks
birch_planks_shavings,birch_planks
boxed_birch_planks,birch_planks
brick_bond_birch_planks,birch_planks
bricky_birch_planks,birch_planks
cross_laced_birch_planks,birch_planks
crossed_birch_planks,birch_planks
detailed_birch_planks,birch_planks
diagonal_birch_planks,birch_planks
diamond_birch_planks,birch_planks
double_herringbone_birch_planks,birch_planks
fine_birch_planks,birch_planks
fine_vertical_birch_planks,birch_planks
herringbone_birch_planks,birch_planks
hewn_birch_planks,birch_planks
laced_birch_planks,birch_planks
nailed_birch_planks,birch_planks
railed_birch_planks,birch_planks
shifted_birch_planks,birch_planks
slanted_birch_planks,birch_planks
smooth_birch_planks,birch_planks
stacked_birch_planks,birch_planks
thin_birch_planks,birch_planks
tiled_birch_planks,birch_planks
versailles_birch_planks,birch_planks
vertical_birch_planks,birch_planks
vertically_railed_birch_planks,birch_planks
wickered_birch_planks,birch_planks
black_concrete_bricks,black_concrete
black_concrete_tiles,black_concrete
bolted_black_concrete,black_concrete
creeper_black_concrete,black_concrete
grid_black_concrete,black_concrete
hazard_black_concrete,black_concrete
mosaic_black_concrete,black_concrete
railed_black_concrete,black_concrete
reinforced_black_concrete,black_concrete
rusted_black_concrete,black_concrete
stacked_black_concrete,black_concrete
stop_black_concrete,black_concrete
warning_black_concrete,black_concrete
black_glazed_terracotta_smooth_tiles,black_glazed_terracotta
black_glazed_terracotta_tiles,black_glazed_terracotta
decorated_black_glazed_terracotta,black_glazed_terracotta
hexagonical_black_glazed_terracotta,black_glazed_terracotta
minimized_black_glazed_terracotta,black_glazed_terracotta
paved_black_glazed_terracotta,black_glazed_terracotta
shrunken_black_glazed_terracotta,black_glazed_terracotta
starry_black_glazed_terracotta,black_glazed_terracotta
waved_black_glazed_terracotta,black_glazed_terracotta
black_terracotta_bricks,black_terracotta
black_terracotta_small_bricks,black_terracotta
black_terracotta_tile,black_terracotta
black_terracotta_tiles,black_terracotta
chiseled_black_terracotta,black_terracotta
chiseled_black_terracotta_bricks,black_terracotta
crossed_black_terracotta,black_terracotta
cut_black_terracotta,black_terracotta
decorated_black_terracotta,black_terracotta
layered_black_terracotta,black_terracotta
triangular_black_terracotta,black_terracotta
barky_black_wool,black_wool
blocky_black_wool,black_wool
bundled_black_wool,black_wool
cross_haired_black_wool,black_wool
cubed_black_wool,black_wool
knitted_black_wool,black_wool
patched_black_wool,black_wool
ribbled_black_wool,black_wool
scaled_black_wool,black_wool
soft_black_wool,black_wool
stringed_black_wool,black_wool
tiled_black_wool,black_wool
tripped_black_wool,black_wool
wickered_black_wool,black_wool
windmill_black_wool,black_wool
wool_legacy_black,black_wool
wool_llama_black,black_wool
woved_black_wool,black_wool
angry_blackstone,blackstone
blackstone_bricks,blackstone
blackstone_mini_tiles,blackstone
blackstone_scales,blackstone
carved_blackstone,blackstone
checkered_blackstone_tiles,blackstone
cobbled_blackstone,blackstone
cracked_blackstone_bricks,blackstone
cracked_disordered_blackstone_bricks,blackstone
cracked_flat_blackstone_tiles,blackstone
cracked_smooth_blackstone_bricks,blackstone
cracked_tiny_blackstone_tiles,blackstone
creeper_blackstone_carving,blackstone
crying_blackstone,blackstone
cut_blank_blackstone,blackstone
duh_blackstone,blackstone
engraved_blackstone,blackstone
eroded_blackstone,blackstone
etched_blackstone_bricks,blackstone
flat_blackstone_tiles,blackstone
glad_blackstone,blackstone
inlayed_blackstone,blackstone
inscribed_blackstone,blackstone
layed_blackstone_bricks,blackstone
loded_blackstone,blackstone
mossy_blackstone_bricks,blackstone
mossy_cobbled_blackstone,blackstone
offset_blackstone_bricks,blackstone
polished_blackstone,blackstone
prismal_blackstone_remnants,blackstone
rough_blackstone,blackstone
rounded_blackstone_bricks,blackstone
runic_carved_blackstone,blackstone
sad_blackstone,blackstone
sanded_blackstone,blackstone
small_blackstone_bricks,blackstone
smooth_blackstone_bricks,blackstone
smooth_inlayed_blackstone,blackstone
smooth_ringed_blackstone,blackstone
smoothed_double_inlayed_blackstone,blackstone
spiraled_blackstone,blackstone
stacked_blackstone_bricks,blackstone
tiled_blackstone,blackstone
tiny_blackstone_bricks,blackstone
tiny_layered_blackstone_bricks,blackstone
tiny_layered_blackstone_slabs,blackstone
trodden_blackstone,blackstone
unamused_blackstone,blackstone
vertical_cut_blackstone,blackstone
vertical_disordered_blackstone_bricks,blackstone
weathered_blackstone,blackstone
bloodstone,bloodstone
bloodstone_bricks,bloodstone
blue_concrete_bricks,blue_concrete
blue_concrete_tiles,blue_concrete
bolted_blue_concrete,blue_concrete
creeper_blue_concrete,blue_concrete
grid_blue_concrete,blue_concrete
hazard_blue_concrete,blue_concrete
mosaic_blue_concrete,blue_concrete
railed_blue_concrete,blue_concrete
reinforced_blue_concrete,blue_concrete
rusted_blue_concrete,blue_concrete
stacked_blue_concrete,blue_concrete
stop_blue_concrete,blue_concrete
warning_blue_concrete,blue_concrete
blue_glazed_terracotta_smooth_tiles,blue_glazed_terracotta
blue_glazed_terracotta_tiles,blue_glazed_terracotta
decorated_blue_glazed_terracotta,blue_glazed_terracotta
hexagonical_blue_glazed_terracotta,blue_glazed_terracotta
minimized_blue_glazed_terracotta,blue_glazed_terracotta
paved_blue_glazed_terracotta,blue_glazed_terracotta
shrunken_blue_glazed_terracotta,blue_glazed_terracotta
starry_blue_glazed_terracotta,blue_glazed_terracotta
waved_blue_glazed_terracotta,blue_glazed_terracotta
angry_blue_ice,blue_ice
blue_ice_cone,blue_ice
blue_ice_cracked,blue_ice
blue_ice_mini_tiles,blue_ice
blue_ice_rocky,blue_ice
blue_ice_scales,blue_ice
carved_blue_ice,blue_ice
checkered_blue_ice_tiles,blue_ice
cobbled_blue_ice,blue_ice
cracked_blue_ice_bricks,blue_ice
cracked_disordered_blue_ice_bricks,blue_ice
cracked_flat_blue_ice_tiles,blue_ice
creeper_blue_ice_carving,blue_ice
crying_blue_ice,blue_ice
cut_blank_blue_ice,blue_ice
duh_blue_ice,blue_ice
engraved_blue_ice,blue_ice
eroded_blue_ice,blue_ice
etched_blue_ice_bricks,blue_ice
flat_blue_ice_tiles,blue_ice
glad_blue_ice,blue_ice
inlayed_blue_ice,blue_ice
inscribed_blue_ice,blue_ice
layed_blue_ice_bricks,blue_ice
loded_blue_ice,blue_ice
offset_blue_ice_bricks,blue_ice
prismal_blue_ice_remnants,blue_ice
rough_blue_ice,blue_ice
rounded_blue_ice_bricks,blue_ice
runic_carved_blue_ice,blue_ice
sad_blue_ice,blue_ice
sanded_blue_ice,blue_ice
small_blue_ice_bricks,blue_ice
smooth_inlayed_blue_ice,blue_ice
smooth_ringed_blue_ice,blue_ice
smoothed_double_inlayed_blue_ice,blue_ice
spiraled_blue_ice,blue_ice
stacked_blue_ice_bricks,blue_ice
tiled_blue_ice,blue_ice
tiny_blue_ice_bricks,blue_ice
tiny_layered_blue_ice_bricks,blue_ice
tiny_layered_blue_ice_slabs,blue_ice
trodden_blue_ice,blue_ice
unamused_blue_ice,blue_ice
vertical_cut_blue_ice,blue_ice
vertical_disordered_blue_ice_bricks,blue_ice
weathered_blue_ice,blue_ice
blue_terracotta_bricks,blue_terracotta
blue_terracotta_small_bricks,blue_terracotta
blue_terracotta_tile,blue_terracotta
blue_terracotta_tiles,blue_terracotta
chiseled_blue_terracotta,blue_terracotta
chiseled_blue_terracotta_bricks,blue_terracotta
crossed_blue_terracotta,blue_terracotta
cut_blue_terracotta,blue_terracotta
decorated_blue_terracotta,blue_terracotta
layered_blue_terracotta,blue_terracotta
triangular_blue_terracotta,blue_terracotta
barky_blue_wool,blue_wool
blocky_blue_wool,blue_wool
bundled_blue_wool,blue_wool
cross_haired_blue_wool,blue_wool
cubed_blue_wool,blue_wool
knitted_blue_wool,blue_wool
patched_blue_wool,blue_wool
ribbled_blue_wool,blue_wool
scaled_blue_wool,blue_wool
soft_blue_wool,blue_wool
stringed_blue_wool,blue_wool
tiled_blue_wool,blue_wool
tripped_blue_wool,blue_wool
wickered_blue_wool,blue_wool
windmill_blue_wool,blue_wool
wool_legacy_blue,blue_wool
wool_llama_blue,blue_wool
woved_blue_wool,blue_wool
angry_borderless_bricks,borderless_bricks
borderless_bricks_bricks,borderless_bricks
borderless_bricks_mini_tiles,borderless_bricks
borderless_bricks_scales,borderless_bricks
carved_borderless_bricks,borderless_bricks
checkered_borderless_bricks_tiles,borderless_bricks
cobbled_borderless_bricks,borderless_bricks
cracked_borderless_bricks_bricks,borderless_bricks
cracked_disordered_borderless_bricks_bricks,borderless_bricks
cracked_flat_borderless_bricks_tiles,borderless_bricks
creeper_borderless_bricks_carving,borderless_bricks
crying_borderless_bricks,borderless_bricks
cut_blank_borderless_bricks,borderless_bricks
duh_borderless_bricks,borderless_bricks
engraved_borderless_bricks,borderless_bricks
eroded_borderless_bricks,borderless_bricks
etched_borderless_bricks_bricks,borderless_bricks
flat_borderless_bricks_tiles,borderless_bricks
glad_borderless_bricks,borderless_bricks
inlayed_borderless_bricks,borderless_bricks
inscribed_borderless_bricks,borderless_bricks
layed_borderless_bricks_bricks,borderless_bricks
loded_borderless_bricks,borderless_bricks
offset_borderless_bricks_bricks,borderless_bricks
prismal_borderless_bricks_remnants,borderless_bricks
rough_borderless_bricks,borderless_bricks
rounded_borderless_bricks_bricks,borderless_bricks
runic_carved_borderless_bricks,borderless_bricks
sad_borderless_bricks,borderless_bricks
sanded_borderless_bricks,borderless_bricks
small_borderless_bricks_bricks,borderless_bricks
smooth_inlayed_borderless_bricks,borderless_bricks
smooth_ringed_borderless_bricks,borderless_bricks
smoothed_double_inlayed_borderless_bricks,borderless_bricks
spiraled_borderless_bricks,borderless_bricks
stacked_borderless_bricks_bricks,borderless_bricks
tiled_borderless_bricks,borderless_bricks
tiny_borderless_bricks_bricks,borderless_bricks
tiny_layered_borderless_bricks_bricks,borderless_bricks
tiny_layered_borderless_bricks_slabs,borderless_bricks
trodden_borderless_bricks,borderless_bricks
unamused_borderless_bricks,borderless_bricks
vertical_cut_borderless_bricks,borderless_bricks
vertical_disordered_borderless_bricks_bricks,borderless_bricks
weathered_borderless_bricks,borderless_bricks
angry_bricks,bricks
bricks_bricks,bricks
bricks_mini_tiles,bricks
bricks_scales,bricks
carved_bricks,bricks
checkered_bricks_tiles,bricks
chiseled_bricks,bricks
cobbled_bricks,bricks
cracked_bricks_bricks,bricks
cracked_disordered_bricks_bricks,bricks
cracked_flat_bricks_tiles,bricks
creeper_bricks_carving,bricks
crying_bricks,bricks
cut_blank_bricks,bricks
duh_bricks,bricks
engraved_bricks,bricks
eroded_bricks,bricks
etched_bricks_bricks,bricks
flat_bricks_tiles,bricks
glad_bricks,bricks
inlayed_bricks,bricks
inscribed_bricks,bricks
layed_bricks_bricks,bricks
loded_bricks,bricks
offset_bricks_bricks,bricks
prismal_bricks_remnants,bricks
rough_bricks,bricks
rounded_bricks_bricks,bricks
runic_carved_bricks,bricks
sad_bricks,bricks
sanded_bricks,bricks
small_bricks_bricks,bricks
smooth_inlayed_bricks,bricks
smooth_ringed_bricks,bricks
smoothed_double_inlayed_bricks,bricks
spiraled_bricks,bricks
stacked_bricks_bricks,bricks
tiled_bricks,bricks
tiny_bricks_bricks,bricks
tiny_layered_bricks_bricks,bricks
tiny_layered_bricks_slabs,bricks
trodden_bricks,bricks
unamused_bricks,bricks
vertical_cut_bricks,bricks
vertical_disordered_bricks_bricks,bricks
weathered_bricks,bricks
bolted_brown_concrete,brown_concrete
brown_concrete_bricks,brown_concrete
brown_concrete_tiles,brown_concrete
creeper_brown_concrete,brown_concrete
grid_brown_concrete,brown_concrete
hazard_brown_concrete,brown_concrete
mosaic_brown_concrete,brown_concrete
railed_brown_concrete,brown_concrete
reinforced_brown_concrete,brown_concrete
rusted_brown_concrete,brown_concrete
stacked_brown_concrete,brown_concrete
stop_brown_concrete,brown_concrete
warning_brown_concrete,brown_concrete
brown_glazed_terracotta_smooth_tiles,brown_glazed_terracotta
brown_glazed_terracotta_tiles,brown_glazed_terracotta
decorated_brown_glazed_terracotta,brown_glazed_terracotta
hexagonical_brown_glazed_terracotta,brown_glazed_terracotta
minimized_brown_glazed_terracotta,brown_glazed_terracotta
paved_brown_glazed_terracotta,brown_glazed_terracotta
shrunken_brown_glazed_terracotta,brown_glazed_terracotta
starry_brown_glazed_terracotta,brown_glazed_terracotta
waved_brown_glazed_terracotta,brown_glazed_terracotta
dark_dusted_brown_mushroom_block,brown_mushroom_block
dark_freckled_brown_mushroom_block,brown_mushroom_block
dark_scaled_brown_mushroom_block,brown_mushroom_block
dark_smooth_brown_mushroom_block,brown_mushroom_block
dark_spotted_brown_mushroom_block,brown_mushroom_block
dark_sprinkled_brown_mushroom_block,brown_mushroom_block
dusted_brown_mushroom_block,brown_mushroom_block
freckled_brown_mushroom_block,brown_mushroom_block
light_dusted_brown_mushroom_block,brown_mushroom_block
light_freckled_brown_mushroom_block,brown_mushroom_block
light_scaled_brown_mushroom_block,brown_mushroom_block
light_smooth_brown_mushroom_block,brown_mushroom_block
light_spotted_brown_mushroom_block,brown_mushroom_block
light_sprinkled_brown_mushroom_block,brown_mushroom_block
scaled_brown_mushroom_block,brown_mushroom_block
smooth_brown_mushroom_block,brown_mushroom_block
spotted_brown_mushroom_block,brown_mushroom_block
sprinkled_brown_mushroom_block,brown_mushroom_block
white_dusted_brown_mushroom_block,brown_mushroom_block
white_freckled_brown_mushroom_block,brown_mushroom_block
white_spotted_brown_mushroom_block,brown_mushroom_block
white_sprinkled_brown_mushroom_block,brown_mushroom_block
brown_terracotta_bricks,brown_terracotta
brown_terracotta_small_bricks,brown_terracotta
brown_terracotta_tile,brown_terracotta
brown_terracotta_tiles,brown_terracotta
chiseled_brown_terracotta,brown_terracotta
chiseled_brown_terracotta_bricks,brown_terracotta
crossed_brown_terracotta,brown_terracotta
cut_brown_terracotta,brown_terracotta
decorated_brown_terracotta,brown_terracotta
layered_brown_terracotta,brown_terracotta
triangular_brown_terracotta,brown_terracotta
barky_brown_wool,brown_wool
blocky_brown_wool,brown_wool
bundled_brown_wool,brown_wool
cross_haired_brown_wool,brown_wool
cubed_brown_wool,brown_wool
knitted_brown_wool,brown_wool
patched_brown_wool,brown_wool
ribbled_brown_wool,brown_wool
scaled_brown_wool,brown_wool
soft_brown_wool,brown_wool
stringed_brown_wool,brown_wool
tiled_brown_wool,brown_wool
tripped_brown_wool,brown_wool
wickered_brown_wool,brown_wool
windmill_brown_wool,brown_wool
wool_legacy_brown,brown_wool
wool_llama_brown,brown_wool
woved_brown_wool,brown_wool
angry_calcite,calcite
calcite_bricks,calcite
calcite_mini_tiles,calcite
calcite_scales,calcite
calcite_small_brick,calcite
carved_calcite,calcite
checkered_calcite_tiles,calcite
cobbled_calcite,calcite
cracked_calcite_bricks,calcite
cracked_disordered_calcite_bricks,calcite
cracked_flat_calcite_tiles,calcite
cracked_tiny_calcite_tiles,calcite
creeper_calcite_carving,calcite
crying_calcite,calcite
cut_blank_calcite,calcite
duh_calcite,calcite
engraved_calcite,calcite
eroded_calcite,calcite
etched_calcite_bricks,calcite
flat_calcite_tiles,calcite
glad_calcite,calcite
inlayed_calcite,calcite
inscribed_calcite,calcite
layed_calcite_bricks,calcite
loded_calcite,calcite
mossy_calcite_bricks,calcite
mossy_cobbled_calcite,calcite
offset_calcite_bricks,calcite
prismal_calcite_remnants,calcite
rough_calcite,calcite
rounded_calcite_bricks,calcite
runic_carved_calcite,calcite
sad_calcite,calcite
sanded_calcite,calcite
small_calcite_bricks,calcite
small_calcite_diamonds,calcite
smooth_inlayed_calcite,calcite
smooth_ringed_calcite,calcite
smoothed_double_inlayed_calcite,calcite
spiraled_calcite,calcite
stacked_calcite_bricks,calcite
tiled_calcite,calcite
tiny_calcite_bricks,calcite
tiny_layered_calcite_bricks,calcite
tiny_layered_calcite_slabs,calcite
trodden_calcite,calcite
unamused_calcite,calcite
vertical_cut_calcite,calcite
vertical_disordered_calcite_bricks,calcite
weathered_calcite,calcite
basket_woven_cherry_planks,cherry_planks
boxed_cherry_planks,cherry_planks
brick_bond_cherry_planks,cherry_planks
bricky_cherry_planks,cherry_planks
cherry_planks_fine_mosaic,cherry_planks
cherry_planks_mosaic,cherry_planks
cherry_planks_shavings,cherry_planks
cross_laced_cherry_planks,cherry_planks
crossed_cherry_planks,cherry_planks
detailed_cherry_planks,cherry_planks
diagonal_cherry_planks,cherry_planks
diamond_cherry_planks,cherry_planks
double_herringbone_cherry_planks,cherry_planks
fine_cherry_planks,cherry_planks
fine_vertical_cherry_planks,cherry_planks
herringbone_cherry_planks,cherry_planks
hewn_cherry_planks,cherry_planks
laced_cherry_planks,cherry_planks
nailed_cherry_planks,cherry_planks
polished_cherry_planks,cherry_planks
railed_cherry_planks,cherry_planks
shifted_cherry_planks,cherry_planks
slanted_cherry_planks,cherry_planks
smooth_cherry_planks,cherry_planks
stacked_cherry_planks,cherry_planks
thin_cherry_planks,cherry_planks
tiled_cherry_planks,cherry_planks
versailles_cherry_planks,cherry_planks
vertical_cherry_planks,cherry_planks
vertically_railed_cherry_planks,cherry_planks
wickered_cherry_planks,cherry_planks
angry_clay,clay
carved_clay,clay
checkered_clay_tiles,clay
clay_bricks,clay
clay_mini_tiles,clay
clay_scales,clay
cobbled_clay,clay
cracked_clay_bricks,clay
cracked_disordered_clay_bricks,clay
cracked_flat_clay_tiles,clay
creeper_clay_carving,clay
crying_clay,clay
cut_blank_clay,clay
duh_clay,clay
engraved_clay,clay
eroded_clay,clay
etched_clay_bricks,clay
flat_clay_tiles,clay
glad_clay,clay
inlayed_clay,clay
inscribed_clay,clay
layed_clay_bricks,clay
loded_clay,clay
offset_clay_bricks,clay
prismal_clay_remnants,clay
rough_clay,clay
rounded_clay_bricks,clay
runic_carved_clay,clay
sad_clay,clay
sanded_clay,clay
small_clay_bricks,clay
smooth_inlayed_clay,clay
smooth_ringed_clay,clay
smoothed_double_inlayed_clay,clay
spiraled_clay,clay
stacked_clay_bricks,clay
tiled_clay,clay
tiny_clay_bricks,clay
tiny_layered_clay_bricks,clay
tiny_layered_clay_slabs,clay
trodden_clay,clay
unamused_clay,clay
vertical_cut_clay,clay
vertical_disordered_clay_bricks,clay
weathered_clay,clay
angry_coal_block,coal_block
carved_coal_block,coal_block
checkered_coal_block_tiles,coal_block
coal_block_bricks,coal_block
coal_block_mini_tiles,coal_block
coal_block_polished,coal_block
coal_block_scales,coal_block
cobbled_coal_block,coal_block
cracked_coal_block_bricks,coal_block
cracked_disordered_coal_block_bricks,coal_block
cracked_flat_coal_block_tiles,coal_block
creeper_coal_block_carving,coal_block
crying_coal_block,coal_block
cut_blank_coal_block,coal_block
duh_coal_block,coal_block
engraved_coal_block,coal_block
eroded_coal_block,coal_block
etched_coal_block_bricks,coal_block
flat_coal_block_tiles,coal_block
glad_coal_block,coal_block
inlayed_coal_block,coal_block
inscribed_coal_block,coal_block
layed_coal_block_bricks,coal_block
loded_coal_block,coal_block
offset_coal_block_bricks,coal_block
prismal_coal_block_remnants,coal_block
rough_coal_block,coal_block
rounded_coal_block_bricks,coal_block
runic_carved_coal_block,coal_block
sad_coal_block,coal_block
sanded_coal_block,coal_block
small_coal_block_bricks,coal_block
smooth_inlayed_coal_block,coal_block
smooth_ringed_coal_block,coal_block
smoothed_double_inlayed_coal_block,coal_block
spiraled_coal_block,coal_block
stacked_coal_block_bricks,coal_block
tiled_coal_block,coal_block
tiny_coal_block_bricks,coal_block
tiny_layered_coal_block_bricks,coal_block
tiny_layered_coal_block_slabs,coal_block
trodden_coal_block,coal_block
unamused_coal_block,coal_block
vertical_cut_coal_block,coal_block
vertical_disordered_coal_block_bricks,coal_block
weathered_coal_block,coal_block
angry_cobblestone,cobblestone
carved_cobblestone,cobblestone
checkered_cobblestone_tiles,cobblestone
cobbled_cobblestone,cobblestone
cobblestone_bricks,cobblestone
cobblestone_diamond_pavers,cobblestone
cobblestone_large_squares,cobblestone
cobblestone_mini_tiles,cobblestone
cobblestone_polished,cobblestone
cobblestone_scales,cobblestone
cobblestone_sheared,cobblestone
cobblestone_small_brick,cobblestone
cracked_cobblestone_bricks,cobblestone
cracked_disordered_cobblestone_bricks,cobblestone
cracked_flat_cobblestone_tiles,cobblestone
creeper_cobblestone_carving,cobblestone
crying_cobblestone,cobblestone
cut_blank_cobblestone,cobblestone
duh_cobblestone,cobblestone
engraved_cobblestone,cobblestone
eroded_cobblestone,cobblestone
etched_cobblestone_bricks,cobblestone
flat_cobblestone_tiles,cobblestone
glad_cobblestone,cobblestone
inlayed_cobblestone,cobblestone
inscribed_cobblestone,cobblestone
layed_cobblestone_bricks,cobblestone
loded_cobblestone,cobblestone
offset_cobblestone_bricks,cobblestone
prismal_cobblestone_remnants,cobblestone
rough_cobblestone,cobblestone
rounded_cobblestone_bricks,cobblestone
runic_carved_cobblestone,cobblestone
sad_cobblestone,cobblestone
sanded_cobblestone,cobblestone
small_cobblestone_bricks,cobblestone
smooth_inlayed_cobblestone,cobblestone
smooth_ringed_cobblestone,cobblestone
smoothed_double_inlayed_cobblestone,cobblestone
spiraled_cobblestone,cobblestone
stacked_cobblestone_bricks,cobblestone
tiled_cobblestone,cobblestone
tiny_cobblestone_bricks,cobblestone
tiny_layered_cobblestone_bricks,cobblestone
tiny_layered_cobblestone_slabs,cobblestone
trodden_cobblestone,cobblestone
unamused_cobblestone,cobblestone
vertical_cut_cobblestone,cobblestone
vertical_disordered_cobblestone_bricks,cobblestone
weathered_cobblestone,cobblestone
angry_crimsite,crimsite
bordered_crimsite,crimsite
brick_bordered_crimsite,crimsite
carved_crimsite,crimsite
checkered_crimsite_tiles,crimsite
cobbled_crimsite,crimsite
cracked_crimsite_bricks,crimsite
cracked_disordered_crimsite_bricks,crimsite
cracked_flat_crimsite_tiles,crimsite
creeper_crimsite_carving,crimsite
crimsite_bricks,crimsite
crimsite_mini_tiles,crimsite
crimsite_scales,crimsite
crying_crimsite,crimsite
cut_blank_crimsite,crimsite
duh_crimsite,crimsite
edged_crimsite_bricks,crimsite
engraved_crimsite,crimsite
eroded_crimsite,crimsite
etched_crimsite_bricks,crimsite
flat_crimsite_tiles,crimsite
glad_crimsite,crimsite
inlayed_crimsite,crimsite
inscribed_crimsite,crimsite
layed_crimsite_bricks,crimsite
loded_crimsite,crimsite
offset_crimsite_bricks,crimsite
overlapping_crimsite_tiles,crimsite
polished_crimsite,crimsite
prismal_crimsite_remnants,crimsite
rough_crimsite,crimsite
rounded_crimsite_bricks,crimsite
runic_carved_crimsite,crimsite
sad_crimsite,crimsite
sanded_crimsite,crimsite
small_crimsite_bricks,crimsite
smooth_inlayed_crimsite,crimsite
smooth_ringed_crimsite,crimsite
smoothed_double_inlayed_crimsite,crimsite
spiraled_crimsite,crimsite
stacked_crimsite_bricks,crimsite
thick_inlayed_crimsite,crimsite
tiled_bordered_crimsite,crimsite
tiled_crimsite,crimsite
tiny_brick_bordered_crimsite,crimsite
tiny_crimsite_bricks,crimsite
tiny_layered_crimsite_bricks,crimsite
tiny_layered_crimsite_slabs,crimsite
trodden_crimsite,crimsite
unamused_crimsite,crimsite
vertical_cut_crimsite,crimsite
vertical_disordered_crimsite_bricks,crimsite
weathered_crimsite,crimsite
basket_woven_crimson_planks,crimson_planks
boxed_crimson_planks,crimson_planks
brick_bond_crimson_planks,crimson_planks
bricky_crimson_planks,crimson_planks
crimson_planks_fine_mosaic,crimson_planks
crimson_planks_mosaic,crimson_planks
crimson_planks_shavings,crimson_planks
cross_laced_crimson_planks,crimson_planks
crossed_crimson_planks,crimson_planks
detailed_crimson_planks,crimson_planks
diagonal_crimson_planks,crimson_planks
diamond_crimson_planks,crimson_planks
double_herringbone_crimson_planks,crimson_planks
fine_crimson_planks,crimson_planks
fine_vertical_crimson_planks,crimson_planks
herringbone_crimson_planks,crimson_planks
hewn_crimson_planks,crimson_planks
laced_crimson_planks,crimson_planks
nailed_crimson_planks,crimson_planks
polished_crimson_planks,crimson_planks
railed_crimson_planks,crimson_planks
shifted_crimson_planks,crimson_planks
slanted_crimson_planks,crimson_planks
smooth_crimson_planks,crimson_planks
stacked_crimson_planks,crimson_planks
thin_crimson_planks,crimson_planks
tiled_crimson_planks,crimson_planks
versailles_crimson_planks,crimson_planks
vertical_crimson_planks,crimson_planks
vertically_railed_crimson_planks,crimson_planks
wickered_crimson_planks,crimson_planks
angry_crying_obsidian,crying_obsidian
carved_crying_obsidian,crying_obsidian
checkered_crying_obsidian_tiles,crying_obsidian
cobbled_crying_obsidian,crying_obsidian
cracked_crying_obsidian_bricks,crying_obsidian
cracked_disordered_crying_obsidian_bricks,crying_obsidian
cracked_flat_crying_obsidian_tiles,crying_obsidian
creeper_crying_obsidian_carving,crying_obsidian
crying_crying_obsidian,crying_obsidian
crying_obsidian_bricks,crying_obsidian
crying_obsidian_mini_tiles,crying_obsidian
crying_obsidian_scales,crying_obsidian
cut_blank_crying_obsidian,crying_obsidian
duh_crying_obsidian,crying_obsidian
engraved_crying_obsidian,crying_obsidian
eroded_crying_obsidian,crying_obsidian
etched_crying_obsidian_bricks,crying_obsidian
flat_crying_obsidian_tiles,crying_obsidian
glad_crying_obsidian,crying_obsidian
inlayed_crying_obsidian,crying_obsidian
inscribed_crying_obsidian,crying_obsidian
layed_crying_obsidian_bricks,crying_obsidian
loded_crying_obsidian,crying_obsidian
offset_crying_obsidian_bricks,crying_obsidian
prismal_crying_obsidian_remnants,crying_obsidian
rough_crying_obsidian,crying_obsidian
rounded_crying_obsidian_bricks,crying_obsidian
runic_carved_crying_obsidian,crying_obsidian
sad_crying_obsidian,crying_obsidian
sanded_crying_obsidian,crying_obsidian
small_crying_obsidian_bricks,crying_obsidian
smooth_inlayed_crying_obsidian,crying_obsidian
smooth_ringed_crying_obsidian,crying_obsidian
smoothed_double_inlayed_crying_obsidian,crying_obsidian
spiraled_crying_obsidian,crying_obsidian
stacked_crying_obsidian_bricks,crying_obsidian
tiled_crying_obsidian,crying_obsidian
tiny_crying_obsidian_bricks,crying_obsidian
tiny_layered_crying_obsidian_bricks,crying_obsidian
tiny_layered_crying_obsidian_slabs,crying_obsidian
trodden_crying_obsidian,crying_obsidian
unamused_crying_obsidian,crying_obsidian
vertical_cut_crying_obsidian,crying_obsidian
vertical_disordered_crying_obsidian_bricks,crying_obsidian
weathered_crying_obsidian,crying_obsidian
bolted_cyan_concrete,cyan_concrete
creeper_cyan_concrete,cyan_concrete
cyan_concrete_bricks,cyan_concrete
cyan_concrete_tiles,cyan_concrete
grid_cyan_concrete,cyan_concrete
hazard_cyan_concrete,cyan_concrete
mosaic_cyan_concrete,cyan_concrete
railed_cyan_concrete,cyan_concrete
reinforced_cyan_concrete,cyan_concrete
rusted_cyan_concrete,cyan_concrete
stacked_cyan_concrete,cyan_concrete
stop_cyan_concrete,cyan_concrete
warning_cyan_concrete,cyan_concrete
cyan_glazed_terracotta_smooth_tiles,cyan_glazed_terracotta
cyan_glazed_terracotta_tiles,cyan_glazed_terracotta
decorated_cyan_glazed_terracotta,cyan_glazed_terracotta
hexagonical_cyan_glazed_terracotta,cyan_glazed_terracotta
minimized_cyan_glazed_terracotta,cyan_glazed_terracotta
paved_cyan_glazed_terracotta,cyan_glazed_terracotta
shrunken_cyan_glazed_terracotta,cyan_glazed_terracotta
starry_cyan_glazed_terracotta,cyan_glazed_terracotta
waved_cyan_glazed_terracotta,cyan_glazed_terracotta
chiseled_cyan_terracotta,cyan_terracotta
chiseled_cyan_terracotta_bricks,cyan_terracotta
crossed_cyan_terracotta,cyan_terracotta
cut_cyan_terracotta,cyan_terracotta
cyan_terracotta_bricks,cyan_terracotta
cyan_terracotta_small_bricks,cyan_terracotta
cyan_terracotta_tile,cyan_terracotta
cyan_terracotta_tiles,cyan_terracotta
decorated_cyan_terracotta,cyan_terracotta
layered_cyan_terracotta,cyan_terracotta
triangular_cyan_terracotta,cyan_terracotta
barky_cyan_wool,cyan_wool
blocky_cyan_wool,cyan_wool
bundled_cyan_wool,cyan_wool
cross_haired_cyan_wool,cyan_wool
cubed_cyan_wool,cyan_wool
knitted_cyan_wool,cyan_wool
patched_cyan_wool,cyan_wool
ribbled_cyan_wool,cyan_wool
scaled_cyan_wool,cyan_wool
soft_cyan_wool,cyan_wool
stringed_cyan_wool,cyan_wool
tiled_cyan_wool,cyan_wool
tripped_cyan_wool,cyan_wool
wickered_cyan_wool,cyan_wool
windmill_cyan_wool,cyan_wool
wool_legacy_cyan,cyan_wool
wool_llama_cyan,cyan_wool
woved_cyan_wool,cyan_wool
angry_dark_limestone,dark_limestone
bordered_dark_limestone,dark_limestone
brick_bordered_dark_limestone,dark_limestone
carved_dark_limestone,dark_limestone
checkered_dark_limestone_tiles,dark_limestone
cobbled_dark_limestone,dark_limestone
cracked_dark_limestone_bricks,dark_limestone
cracked_disordered_dark_limestone_bricks,dark_limestone
cracked_flat_dark_limestone_tiles,dark_limestone
creeper_dark_limestone_carving,dark_limestone
crying_dark_limestone,dark_limestone
cut_blank_dark_limestone,dark_limestone
dark_limestone,dark_limestone
dark_limestone_bricks,dark_limestone
dark_limestone_mini_tiles,dark_limestone
dark_limestone_scales,dark_limestone
duh_dark_limestone,dark_limestone
edged_dark_limestone_bricks,dark_limestone
engraved_dark_limestone,dark_limestone
eroded_dark_limestone,dark_limestone
etched_dark_limestone_bricks,dark_limestone
flat_dark_limestone_tiles,dark_limestone
glad_dark_limestone,dark_limestone
inlayed_dark_limestone,dark_limestone
inscribed_dark_limestone,dark_limestone
layed_dark_limestone_bricks,dark_limestone
loded_dark_limestone,dark_limestone
offset_dark_limestone_bricks,dark_limestone
overlapping_dark_limestone_tiles,dark_limestone
polished_dark_limestone,dark_limestone
prismal_dark_limestone_remnants,dark_limestone
rough_dark_limestone,dark_limestone
rounded_dark_limestone_bricks,dark_limestone
runic_carved_dark_limestone,dark_limestone
sad_dark_limestone,dark_limestone
sanded_dark_limestone,dark_limestone
small_dark_limestone_bricks,dark_limestone
smooth_inlayed_dark_limestone,dark_limestone
smooth_ringed_dark_limestone,dark_limestone
smoothed_double_inlayed_dark_limestone,dark_limestone
spiraled_dark_limestone,dark_limestone
stacked_dark_limestone_bricks,dark_limestone
thick_inlayed_dark_limestone,dark_limestone
tiled_bordered_dark_limestone,dark_limestone
tiled_dark_limestone,dark_limestone
tiny_brick_bordered_dark_limestone,dark_limestone
tiny_dark_limestone_bricks,dark_limestone
tiny_layered_dark_limestone_bricks,dark_limestone
tiny_layered_dark_limestone_slabs,dark_limestone
trodden_dark_limestone,dark_limestone
unamused_dark_limestone,dark_limestone
vertical_cut_dark_limestone,dark_limestone
vertical_disordered_dark_limestone_bricks,dark_limestone
weathered_dark_limestone,dark_limestone
basket_woven_dark_oak_planks,dark_oak_planks
boxed_dark_oak_planks,dark_oak_planks
brick_bond_dark_oak_planks,dark_oak_planks
bricky_dark_oak_planks,dark_oak_planks
cross_laced_dark_oak_planks,dark_oak_planks
crossed_dark_oak_planks,dark_oak_planks
dark_oak_planks_fine_mosaic,dark_oak_planks
dark_oak_planks_mosaic,dark_oak_planks
dark_oak_planks_shavings,dark_oak_planks
detailed_dark_oak_planks,dark_oak_planks
diagonal_dark_oak_planks,dark_oak_planks
diamond_dark_oak_planks,dark_oak_planks
double_herringbone_dark_oak_planks,dark_oak_planks
fine_dark_oak_planks,dark_oak_planks
fine_vertical_dark_oak_planks,dark_oak_planks
herringbone_dark_oak_planks,dark_oak_planks
hewn_dark_oak_planks,dark_oak_planks
laced_dark_oak_planks,dark_oak_planks
nailed_dark_oak_planks,dark_oak_planks
polished_dark_oak_planks,dark_oak_planks
railed_dark_oak_planks,dark_oak_planks
shifted_dark_oak_planks,dark_oak_planks
slanted_dark_oak_planks,dark_oak_planks
smooth_dark_oak_planks,dark_oak_planks
stacked_dark_oak_planks,dark_oak_planks
thin_dark_oak_planks,dark_oak_planks
tiled_dark_oak_planks,dark_oak_planks
versailles_dark_oak_planks,dark_oak_planks
vertical_dark_oak_planks,dark_oak_planks
vertically_railed_dark_oak_planks,dark_oak_planks
wickered_dark_oak_planks,dark_oak_planks
angry_dark_prismarine,dark_prismarine
carved_dark_prismarine,dark_prismarine
checkered_dark_prismarine_tiles,dark_prismarine
cobbled_dark_prismarine,dark_prismarine
cracked_dark_prismarine_bricks,dark_prismarine
cracked_disordered_dark_prismarine_bricks,dark_prismarine
cracked_flat_dark_prismarine_tiles,dark_prismarine
cracked_tiny_dark_prismarine_tiles,dark_prismarine
creeper_dark_prismarine_carving,dark_prismarine
crying_dark_prismarine,dark_prismarine
cut_blank_dark_prismarine,dark_prismarine
dark_prismarine_cobbled_mossy,dark_prismarine
dark_prismarine_diamond_pavers,dark_prismarine
dark_prismarine_large_bricks,dark_prismarine
dark_prismarine_large_bricks_cracked,dark_prismarine
dark_prismarine_large_bricks_mossy,dark_prismarine
dark_prismarine_mini_tiles,dark_prismarine
dark_prismarine_scales,dark_prismarine
dark_prismarine_small_brick,dark_prismarine
duh_dark_prismarine,dark_prismarine
engraved_dark_prismarine,dark_prismarine
eroded_dark_prismarine,dark_prismarine
etched_dark_prismarine_bricks,dark_prismarine
flat_dark_prismarine_tiles,dark_prismarine
glad_dark_prismarine,dark_prismarine
inlayed_dark_prismarine,dark_prismarine
inscribed_dark_prismarine,dark_prismarine
layed_dark_prismarine_bricks,dark_prismarine
loded_dark_prismarine,dark_prismarine
mossy_cobbled_dark_prismarine,dark_prismarine
mossy_dark_prismarine_bricks,dark_prismarine
offset_dark_prismarine_bricks,dark_prismarine
prismal_dark_prismarine_remnants,dark_prismarine
rough_dark_prismarine,dark_prismarine
rounded_dark_prismarine_bricks,dark_prismarine
runic_carved_dark_prismarine,dark_prismarine
sad_dark_prismarine,dark_prismarine
sanded_dark_prismarine,dark_prismarine
small_dark_prismarine_bricks,dark_prismarine
smooth_inlayed_dark_prismarine,dark_prismarine
smooth_ringed_dark_prismarine,dark_prismarine
smoothed_double_inlayed_dark_prismarine,dark_prismarine
spiraled_dark_prismarine,dark_prismarine
stacked_dark_prismarine_bricks,dark_prismarine
tiled_dark_prismarine,dark_prismarine
tiny_dark_prismarine_bricks,dark_prismarine
tiny_layered_dark_prismarine_bricks,dark_prismarine
tiny_layered_dark_prismarine_slabs,dark_prismarine
trodden_dark_prismarine,dark_prismarine
unamused_dark_prismarine,dark_prismarine
vertical_cut_dark_prismarine,dark_prismarine
vertical_disordered_dark_prismarine_bricks,dark_prismarine
weathered_dark_prismarine,dark_prismarine
angry_deepslate,deepslate
carved_deepslate,deepslate
checkered_deepslate_tiles,deepslate
cracked_disordered_deepslate_bricks,deepslate
cracked_flat_deepslate_tiles,deepslate
creeper_deepslate_carving,deepslate
crying_deepslate,deepslate
cut_blank_deepslate,deepslate
deepslate_mini_tiles,deepslate
deepslate_scales,deepslate
duh_deepslate,deepslate
engraved_deepslate,deepslate
eroded_deepslate,deepslate
etched_deepslate_bricks,deepslate
flat_deepslate_tiles,deepslate
glad_deepslate,deepslate
inlayed_deepslate,deepslate
inscribed_deepslate,deepslate
layed_deepslate_bricks,deepslate
layerd_deepslate_bricks,deepslate
loded_deepslate,deepslate
mossy_cobbled_deepslate,deepslate
mossy_deepslate_bricks,deepslate
offset_basalt_deepslate,deepslate
offset_deepslate_bricks,deepslate
prismal_deepslate_remnants,deepslate
rough_deepslate,deepslate
rounded_deepslate_bricks,deepslate
runic_carved_deepslate,deepslate
sad_deepslate,deepslate
sanded_deepslate,deepslate
small_deepslate_bricks,deepslate
smooth_inlayed_deepslate,deepslate
smooth_ringed_deepslate,deepslate
smoothed_double_inlayed_deepslate,deepslate
spiraled_deepslate,deepslate
stacked_deepslate_bricks,deepslate
tiled_deepslate,deepslate
tiny_deepslate_bricks,deepslate
tiny_layered_deepslate_bricks,deepslate
tiny_layered_deepslate_slabs,deepslate
trodden_deepslate,deepslate
unamused_deepslate,deepslate
vertical_cut_deepslate,deepslate
vertical_disordered_deepslate_bricks,deepslate
weathered_deepslate,deepslate
ancient_diamond_block,diamond_block
chipped_diamond_block,diamond_block
diamond_block_diagonal_tiles,diamond_block
diamond_block_panels,diamond_block
diamond_block_shiny,diamond_block
diamond_block_smooth,diamond_block
embossed_diamond_block,diamond_block
engraved_diamond_block,diamond_block
layered_diamond_block,diamond_block
plated_diamond_block,diamond_block
pressed_diamond_block,diamond_block
reinforced_diamond_block,diamond_block
sheet_diamond_block,diamond_block
shuttered_diamond_block,diamond_block
stacked_diamond_block,diamond_block
angry_diorite,diorite
carved_diorite,diorite
checkered_diorite_tiles,diorite
cobbled_diorite,diorite
cracked_diorite_bricks,diorite
cracked_disordered_diorite_bricks,diorite
cracked_flat_diorite_tiles,diorite
cracked_tiny_diorite_tiles,diorite
creeper_diorite_carving,diorite
crying_diorite,diorite
cut_blank_diorite,diorite
diorite_cobbled_mossy,diorite
diorite_diamond_pavers,diorite
diorite_large_bricks,diorite
diorite_large_bricks_cracked,diorite
diorite_large_bricks_mossy,diorite
diorite_mini_tiles,diorite
diorite_scales,diorite
diorite_small_brick,diorite
duh_diorite,diorite
engraved_diorite,diorite
eroded_diorite,diorite
etched_diorite_bricks,diorite
flat_diorite_tiles,diorite
glad_diorite,diorite
inlayed_diorite,diorite
inscribed_diorite,diorite
layed_diorite_bricks,diorite
loded_diorite,diorite
mossy_cobbled_diorite,diorite
mossy_diorite_bricks,diorite
offset_diorite_bricks,diorite
polished_diorite,diorite
prismal_diorite_remnants,diorite
rough_diorite,diorite
rounded_diorite_bricks,diorite
runic_carved_diorite,diorite
sad_diorite,diorite
sanded_diorite,diorite
small_diorite_bricks,diorite
smooth_inlayed_diorite,diorite
smooth_ringed_diorite,diorite
smoothed_double_inlayed_diorite,diorite
spiraled_diorite,diorite
stacked_diorite_bricks,diorite
tiled_diorite,diorite
tiny_diorite_bricks,diorite
tiny_layered_diorite_bricks,diorite
tiny_layered_diorite_slabs,diorite
trodden_diorite,diorite
unamused_diorite,diorite
vertical_cut_diorite,diorite
vertical_disordered_diorite_bricks,diorite
weathered_diorite,diorite
angry_dirt,dirt
carved_dirt,dirt
checkered_dirt_tiles,dirt
cobbled_dirt,dirt
cracked_dirt_bricks,dirt
cracked_disordered_dirt_bricks,dirt
cracked_flat_dirt_tiles,dirt
creeper_dirt_carving,dirt
crying_dirt,dirt
cut_blank_dirt,dirt
dirt_cobbled,dirt
dirt_grooves,dirt
dirt_mini_tiles,dirt
dirt_muddy,dirt
dirt_scales,dirt
duh_dirt,dirt
engraved_dirt,dirt
eroded_dirt,dirt
etched_dirt_bricks,dirt
flat_dirt_tiles,dirt
glad_dirt,dirt
inlayed_dirt,dirt
inscribed_dirt,dirt
layed_dirt_bricks,dirt
loded_dirt,dirt
offset_dirt_bricks,dirt
prismal_dirt_remnants,dirt
rough_dirt,dirt
rounded_dirt_bricks,dirt
runic_carved_dirt,dirt
sad_dirt,dirt
sanded_dirt,dirt
small_dirt_bricks,dirt
smooth_inlayed_dirt,dirt
smooth_ringed_dirt,dirt
smoothed_double_inlayed_dirt,dirt
spiraled_dirt,dirt
stacked_dirt_bricks,dirt
tiled_dirt,dirt
tiny_dirt_bricks,dirt
tiny_layered_dirt_bricks,dirt
tiny_layered_dirt_slabs,dirt
trodden_dirt,dirt
unamused_dirt,dirt
vertical_cut_dirt,dirt
vertical_disordered_dirt_bricks,dirt
weathered_dirt,dirt
angry_dripstone_block,dripstone_block
carved_dripstone_block,dripstone_block
checkered_dripstone_block_tiles,dripstone_block
cobbled_dripstone_block,dripstone_block
cracked_disordered_dripstone_block_bricks,dripstone_block
cracked_dripstone_block_bricks,dripstone_block
cracked_flat_dripstone_block_tiles,dripstone_block
creeper_dripstone_block_carving,dripstone_block
crying_dripstone_block,dripstone_block
cut_blank_dripstone_block,dripstone_block
dripstone_block_bricks,dripstone_block
dripstone_block_mini_tiles,dripstone_block
dripstone_block_scales,dripstone_block
duh_dripstone_block,dripstone_block
engraved_dripstone_block,dripstone_block
eroded_dripstone_block,dripstone_block
etched_dripstone_block_bricks,dripstone_block
flat_dripstone_block_tiles,dripstone_block
glad_dripstone_block,dripstone_block
inlayed_dripstone_block,dripstone_block
inscribed_dripstone_block,dripstone_block
layed_dripstone_block_bricks,dripstone_block
loded_dripstone_block,dripstone_block
offset_dripstone_block_bricks,dripstone_block
prismal_dripstone_block_remnants,dripstone_block
rough_dripstone_block,dripstone_block
rounded_dripstone_block_bricks,dripstone_block
runic_carved_dripstone_block,dripstone_block
sad_dripstone_block,dripstone_block
sanded_dripstone_block,dripstone_block
small_dripstone_block_bricks,dripstone_block
smooth_inlayed_dripstone_block,dripstone_block
smooth_ringed_dripstone_block,dripstone_block
smoothed_double_inlayed_dripstone_block,dripstone_block
spiraled_dripstone_block,dripstone_block
stacked_dripstone_block_bricks,dripstone_block
tiled_dripstone_block,dripstone_block
tiny_dripstone_block_bricks,dripstone_block
tiny_layered_dripstone_block_bricks,dripstone_block
tiny_layered_dripstone_block_slabs,dripstone_block
trodden_dripstone_block,dripstone_block
unamused_dripstone_block,dripstone_block
vertical_cut_dripstone_block,dripstone_block
vertical_disordered_dripstone_block_bricks,dripstone_block
weathered_dripstone_block,dripstone_block
ancient_emerald_block,emerald_block
chipped_emerald_block,emerald_block
embossed_emerald_block,emerald_block
emerald_block_crosses,emerald_block
emerald_block_panels,emerald_block
emerald_block_plating,emerald_block
emerald_block_smooth,emerald_block
engraved_emerald_block,emerald_block
layered_emerald_block,emerald_block
plated_emerald_block,emerald_block
polished_emerald_block,emerald_block
pressed_emerald_block,emerald_block
reinforced_emerald_block,emerald_block
sheet_emerald_block,emerald_block
shuttered_emerald_block,emerald_block
stacked_emerald_block,emerald_block
angry_end_stone,end_stone
carved_end_stone,end_stone
checkered_end_stone_tiles,end_stone
cobbled_end_stone,end_stone
cracked_disordered_end_stone_bricks,end_stone
cracked_end_stone_bricks,end_stone
cracked_flat_end_stone_tiles,end_stone
cracked_tiny_end_stone_tiles,end_stone
creeper_end_stone_carving,end_stone
crying_end_stone,end_stone
cut_blank_end_stone,end_stone
duh_end_stone,end_stone
end_stone_bricks,end_stone
end_stone_diamond_pavers,end_stone
end_stone_mini_tiles,end_stone
engraved_end_stone,end_stone
eroded_end_stone,end_stone
etched_end_stone_bricks,end_stone
flat_end_stone_tiles,end_stone
glad_end_stone,end_stone
inlayed_end_stone,end_stone
inscribed_end_stone,end_stone
layed_end_stone_bricks,end_stone
loded_end_stone,end_stone
mossy_cobbled_end_stone,end_stone
mossy_end_stone_bricks,end_stone
offset_end_stone_bricks,end_stone
prismal_end_stone_remnants,end_stone
rough_end_stone,end_stone
rounded_end_stone_bricks,end_stone
runic_carved_end_stone,end_stone
sad_end_stone,end_stone
sanded_end_stone,end_stone
small_end_stone_bricks,end_stone
smooth_inlayed_end_stone,end_stone
smooth_ringed_end_stone,end_stone
smoothed_double_inlayed_end_stone,end_stone
spiraled_end_stone,end_stone
stacked_end_stone_bricks,end_stone
tiled_end_stone,end_stone
tiny_end_stone_bricks,end_stone
tiny_layered_end_stone_bricks,end_stone
tiny_layered_end_stone_slabs,end_stone
trodden_end_stone,end_stone
unamused_end_stone,end_stone
vertical_cut_end_stone,end_stone
vertical_disordered_end_stone_bricks,end_stone
weathered_end_stone,end_stone
ancient_gilded_blackstone,gilded_blackstone
angry_gilded_blackstone,gilded_blackstone
carved_gilded_blackstone,gilded_blackstone
checkered_gilded_blackstone_tiles,gilded_blackstone
chunky_gilded_blackstone,gilded_blackstone
cobbled_gilded_blackstone,gilded_blackstone
cracked_disordered_gilded_blackstone_bricks,gilded_blackstone
cracked_flat_gilded_blackstone_tiles,gilded_blackstone
cracked_gilded_blackstone_bricks,gilded_blackstone
creeper_gilded_blackstone_carving,gilded_blackstone
crying_gilded_blackstone,gilded_blackstone
cut_blank_gilded_blackstone,gilded_blackstone
duh_gilded_blackstone,gilded_blackstone
engraved_gilded_blackstone,gilded_blackstone
eroded_gilded_blackstone,gilded_blackstone
etched_gilded_blackstone_bricks,gilded_blackstone
flat_gilded_blackstone_tiles,gilded_blackstone
gilded_blackstone_bricks,gilded_blackstone
gilded_blackstone_mini_tiles,gilded_blackstone
gilded_blackstone_scales,gilded_blackstone
glad_gilded_blackstone,gilded_blackstone
inlayed_gilded_blackstone,gilded_blackstone
inscribed_gilded_blackstone,gilded_blackstone
layed_gilded_blackstone_bricks,gilded_blackstone
loded_gilded_blackstone,gilded_blackstone
offset_gilded_blackstone_bricks,gilded_blackstone
prismal_gilded_blackstone_remnants,gilded_blackstone
reinforced_gilded_blackstone,gilded_blackstone
rough_gilded_blackstone,gilded_blackstone
rounded_gilded_blackstone_bricks,gilded_blackstone
runic_carved_gilded_blackstone,gilded_blackstone
sad_gilded_blackstone,gilded_blackstone
sanded_gilded_blackstone,gilded_blackstone
small_gilded_blackstone_bricks,gilded_blackstone
smooth_inlayed_gilded_blackstone,gilded_blackstone
smooth_ringed_gilded_blackstone,gilded_blackstone
smoothed_double_inlayed_gilded_blackstone,gilded_blackstone
special_gilded_blackstone,gilded_blackstone
spiral_gilded_blackstone,gilded_blackstone
spiraled_gilded_blackstone,gilded_blackstone
stacked_gilded_blackstone_bricks,gilded_blackstone
tiled_gilded_blackstone,gilded_blackstone
tiny_gilded_blackstone_bricks,gilded_blackstone
tiny_layered_gilded_blackstone_bricks,gilded_blackstone
tiny_layered_gilded_blackstone_slabs,gilded_blackstone
trodden_gilded_blackstone,gilded_blackstone
unamused_gilded_blackstone,gilded_blackstone
vertical_cut_gilded_blackstone,gilded_blackstone
vertical_disordered_gilded_blackstone_bricks,gilded_blackstone
weathered_gilded_blackstone,gilded_blackstone
ancient_gold_block,gold_block
chipped_gold_block,gold_block
embossed_gold_block,gold_block
engraved_gold_block,gold_block
gold_block_panels,gold_block
gold_block_smooth,gold_block
layered_gold_block,gold_block
plated_gold_block,gold_block
pressed_gold_block,gold_block
reinforced_gold_block,gold_block
sheet_gold_block,gold_block
shuttered_gold_block,gold_block
stacked_gold_block,gold_block
angry_granite,granite
carved_granite,granite
checkered_granite_tiles,granite
cobbled_granite,granite
cracked_disordered_granite_bricks,granite
cracked_flat_granite_tiles,granite
cracked_granite_bricks,granite
cracked_tiny_granite_tiles,granite
creeper_granite_carving,granite
crying_granite,granite
cut_blank_granite,granite
duh_granite,granite
engraved_granite,granite
eroded_granite,granite
etched_granite_bricks,granite
flat_granite_tiles,granite
glad_granite,granite
granite_diamond_pavers,granite
granite_large_bricks,granite
granite_large_bricks_cracked,granite
granite_mini_tiles,granite
granite_scales,granite
inlayed_granite,granite
inscribed_granite,granite
layed_granite_bricks,granite
loded_granite,granite
mossy_cobbled_granite,granite
mossy_granite_bricks,granite
mossy_large_granite_bricks,granite
offset_granite_bricks,granite
polished_granite,granite
prismal_granite_remnants,granite
rough_granite,granite
rounded_granite_bricks,granite
runic_carved_granite,granite
sad_granite,granite
sanded_granite,granite
small_granite_bricks,granite
smooth_inlayed_granite,granite
smooth_ringed_granite,granite
smoothed_double_inlayed_granite,granite
spiraled_granite,granite
stacked_granite_bricks,granite
tiled_granite,granite
tiny_granite_bricks,granite
tiny_layered_granite_bricks,granite
tiny_layered_granite_slabs,granite
trodden_granite,granite
unamused_granite,granite
vertical_cut_granite,granite
vertical_disordered_granite_bricks,granite
weathered_granite,granite
andesite_gravel,gravel
dirty_gravel,gravel
dusty_gravel,gravel
orange_gravel,gravel
rought_gravel,gravel
sandy_gravel,gravel
sifted_gravel,gravel
bolted_gray_concrete,gray_concrete
creeper_gray_concrete,gray_concrete
gray_concrete_bricks,gray_concrete
gray_concrete_tiles,gray_concrete
grid_gray_concrete,gray_concrete
hazard_gray_concrete,gray_concrete
mosaic_gray_concrete,gray_concrete
railed_gray_concrete,gray_concrete
reinforced_gray_concrete,gray_concrete
rusted_gray_concrete,gray_concrete
stacked_gray_concrete,gray_concrete
stop_gray_concrete,gray_concrete
warning_gray_concrete,gray_concrete
decorated_gray_glazed_terracotta,gray_glazed_terracotta
gray_glazed_terracotta_smooth_tiles,gray_glazed_terracotta
gray_glazed_terracotta_tiles,gray_glazed_terracotta
hexagonical_gray_glazed_terracotta,gray_glazed_terracotta
minimized_gray_glazed_terracotta,gray_glazed_terracotta
paved_gray_glazed_terracotta,gray_glazed_terracotta
shrunken_gray_glazed_terracotta,gray_glazed_terracotta
starry_gray_glazed_terracotta,gray_glazed_terracotta
waved_gray_glazed_terracotta,gray_glazed_terracotta
chiseled_gray_terracotta,gray_terracotta
chiseled_gray_terracotta_bricks,gray_terracotta
crossed_gray_terracotta,gray_terracotta
cut_gray_terracotta,gray_terracotta
decorated_gray_terracotta,gray_terracotta
gray_terracotta_bricks,gray_terracotta
gray_terracotta_small_bricks,gray_terracotta
gray_terracotta_tile,gray_terracotta
gray_terracotta_tiles,gray_terracotta
layered_gray_terracotta,gray_terracotta
triangular_gray_terracotta,gray_terracotta
barky_gray_wool,gray_wool
blocky_gray_wool,gray_wool
bundled_gray_wool,gray_wool
cross_haired_gray_wool,gray_wool
cubed_gray_wool,gray_wool
knitted_gray_wool,gray_wool
patched_gray_wool,gray_wool
ribbled_gray_wool,gray_wool
scaled_gray_wool,gray_wool
soft_gray_wool,gray_wool
stringed_gray_wool,gray_wool
tiled_gray_wool,gray_wool
tripped_gray_wool,gray_wool
wickered_gray_wool,gray_wool
windmill_gray_wool,gray_wool
wool_legacy_gray,gray_wool
wool_llama_gray,gray_wool
woved_gray_wool,gray_wool
bolted_green_concrete,green_concrete
creeper_green_concrete,green_concrete
green_concrete_bricks,green_concrete
green_concrete_tiles,green_concrete
grid_green_concrete,green_concrete
hazard_green_concrete,green_concrete
mosaic_green_concrete,green_concrete
railed_green_concrete,green_concrete
reinforced_green_concrete,green_concrete
rusted_green_concrete,green_concrete
stacked_green_concrete,green_concrete
stop_green_concrete,green_concrete
warning_green_concrete,green_concrete
decorated_green_glazed_terracotta,green_glazed_terracotta
green_glazed_terracotta_smooth_tiles,green_glazed_terracotta
green_glazed_terracotta_tiles,green_glazed_terracotta
hexagonical_green_glazed_terracotta,green_glazed_terracotta
minimized_green_glazed_terracotta,green_glazed_terracotta
paved_green_glazed_terracotta,green_glazed_terracotta
shrunken_green_glazed_terracotta,green_glazed_terracotta
starry_green_glazed_terracotta,green_glazed_terracotta
waved_green_glazed_terracotta,green_glazed_terracotta
chiseled_green_terracotta,green_terracotta
chiseled_green_terracotta_bricks,green_terracotta
crossed_green_terracotta,green_terracotta
cut_green_terracotta,green_terracotta
decorated_green_terracotta,green_terracotta
green_terracotta_bricks,green_terracotta
green_terracotta_small_bricks,green_terracotta
green_terracotta_tile,green_terracotta
green_terracotta_tiles,green_terracotta
layered_green_terracotta,green_terracotta
triangular_green_terracotta,green_terracotta
barky_green_wool,green_wool
blocky_green_wool,green_wool
bundled_green_wool,green_wool
cross_haired_green_wool,green_wool
cubed_green_wool,green_wool
knitted_green_wool,green_wool
patched_green_wool,green_wool
ribbled_green_wool,green_wool
scaled_green_wool,green_wool
soft_green_wool,green_wool
stringed_green_wool,green_wool
tiled_green_wool,green_wool
tripped_green_wool,green_wool
wickered_green_wool,green_wool
windmill_green_wool,green_wool
wool_legacy_green,green_wool
wool_llama_green,green_wool
woved_green_wool,green_wool
angry_ice,ice
carved_ice,ice
checkered_ice_tiles,ice
cobbled_ice,ice
cracked_disordered_ice_bricks,ice
cracked_flat_ice_tiles,ice
cracked_ice_bricks,ice
creeper_ice_carving,ice
crying_ice,ice
cut_blank_ice,ice
duh_ice,ice
engraved_ice,ice
eroded_ice,ice
etched_ice_bricks,ice
flat_ice_tiles,ice
glad_ice,ice
ice_bricks,ice
ice_mini_tiles,ice
ice_scales,ice
inlayed_ice,ice
inscribed_ice,ice
layed_ice_bricks,ice
loded_ice,ice
offset_ice_bricks,ice
prismal_ice_remnants,ice
rough_ice,ice
rounded_ice_bricks,ice
runic_carved_ice,ice
sad_ice,ice
sanded_ice,ice
small_ice_bricks,ice
smooth_inlayed_ice,ice
smooth_ringed_ice,ice
smoothed_double_inlayed_ice,ice
spiraled_ice,ice
stacked_ice_bricks,ice
tiled_ice,ice
tiny_ice_bricks,ice
tiny_layered_ice_bricks,ice
tiny_layered_ice_slabs,ice
trodden_ice,ice
unamused_ice,ice
vertical_cut_ice,ice
vertical_disordered_ice_bricks,ice
weathered_ice,ice
ancient_iron_block,iron_block
chipped_iron_block,iron_block
embossed_iron_block,iron_block
engraved_iron_block,iron_block
iron_block_panels,iron_block
iron_block_plated,iron_block
iron_block_pulverized,iron_block
iron_block_reinforced,iron_block
iron_block_sheets,iron_block
iron_block_smooth,iron_block
layered_iron_block,iron_block
plated_iron_block,iron_block
polished_iron_block,iron_block
pressed_iron_block,iron_block
reinforced_iron_block,iron_block
sheet_iron_block,iron_block
shuttered_iron_block,iron_block
stacked_iron_block,iron_block
basket_woven_jungle_planks,jungle_planks
boxed_jungle_planks,jungle_planks
brick_bond_jungle_planks,jungle_planks
bricky_jungle_planks,jungle_planks
cross_laced_jungle_planks,jungle_planks
crossed_jungle_planks,jungle_planks
detailed_jungle_planks,jungle_planks
diagonal_jungle_planks,jungle_planks
diamond_jungle_planks,jungle_planks
double_herringbone_jungle_planks,jungle_planks
fine_jungle_planks,jungle_planks
fine_vertical_jungle_planks,jungle_planks
herringbone_jungle_planks,jungle_planks
hewn_jungle_planks,jungle_planks
jungle_planks_fine_mosaic,jungle_planks
jungle_planks_mosaic,jungle_planks
jungle_planks_panel,jungle_planks
jungle_planks_shavings,jungle_planks
laced_jungle_planks,jungle_planks
nailed_jungle_planks,jungle_planks
polished_jungle_planks,jungle_planks
railed_jungle_planks,jungle_planks
shifted_jungle_planks,jungle_planks
slanted_jungle_planks,jungle_planks
smooth_jungle_planks,jungle_planks
stacked_jungle_planks,jungle_planks
thin_jungle_planks,jungle_planks
tiled_jungle_planks,jungle_planks
versailles_jungle_planks,jungle_planks
vertical_jungle_planks,jungle_planks
vertically_railed_jungle_planks,jungle_planks
wickered_jungle_planks,jungle_planks
angry_lapis_block,lapis_block
carved_lapis_block,lapis_block
checkered_lapis_block_tiles,lapis_block
cobbled_lapis_block,lapis_block
cracked_disordered_lapis_block_bricks,lapis_block
cracked_flat_lapis_block_tiles,lapis_block
cracked_lapis_block_bricks,lapis_block
creeper_lapis_block_carving,lapis_block
crying_lapis_block,lapis_block
cut_blank_lapis_block,lapis_block
duh_lapis_block,lapis_block
engraved_lapis_block,lapis_block
eroded_lapis_block,lapis_block
etched_lapis_block_bricks,lapis_block
flat_lapis_block_tiles,lapis_block
glad_lapis_block,lapis_block
inlayed_lapis_block,lapis_block
inscribed_lapis_block,lapis_block
lapis_block_bricks,lapis_block
lapis_block_cobbled,lapis_block
lapis_block_crushed,lapis_block
lapis_block_mini_tiles,lapis_block
lapis_block_smooth,lapis_block
lapis_block_swirling,lapis_block
layed_lapis_block_bricks,lapis_block
loded_lapis_block,lapis_block
offset_lapis_block_bricks,lapis_block
prismal_lapis_block_remnants,lapis_block
rough_lapis_block,lapis_block
rounded_lapis_block_bricks,lapis_block
runic_carved_lapis_block,lapis_block
sad_lapis_block,lapis_block
sanded_lapis_block,lapis_block
small_lapis_block_bricks,lapis_block
smooth_inlayed_lapis_block,lapis_block
smooth_ringed_lapis_block,lapis_block
smoothed_double_inlayed_lapis_block,lapis_block
spiraled_lapis_block,lapis_block
stacked_lapis_block_bricks,lapis_block
tiled_lapis_block,lapis_block
tiny_lapis_block_bricks,lapis_block
tiny_layered_lapis_block_bricks,lapis_block
tiny_layered_lapis_block_slabs,lapis_block
trodden_lapis_block,lapis_block
unamused_lapis_block,lapis_block
vertical_cut_lapis_block,lapis_block
vertical_disordered_lapis_block_bricks,lapis_block
weathered_lapis_block,lapis_block
bolted_light_blue_concrete,light_blue_concrete
creeper_light_blue_concrete,light_blue_concrete
grid_light_blue_concrete,light_blue_concrete
hazard_light_blue_concrete,light_blue_concrete
light_blue_concrete_bricks,light_blue_concrete
light_blue_concrete_tiles,light_blue_concrete
mosaic_light_blue_concrete,light_blue_concrete
railed_light_blue_concrete,light_blue_concrete
reinforced_light_blue_concrete,light_blue_concrete
rusted_light_blue_concrete,light_blue_concrete
stacked_light_blue_concrete,light_blue_concrete
stop_light_blue_concrete,light_blue_concrete
warning_light_blue_concrete,light_blue_concrete
decorated_light_blue_glazed_terracotta,light_blue_glazed_terracotta
hexagonical_light_blue_glazed_terracotta,light_blue_glazed_terracotta
light_blue_glazed_terracotta_smooth_tiles,light_blue_glazed_terracotta
light_blue_glazed_terracotta_tiles,light_blue_glazed_terracotta
minimized_light_blue_glazed_terracotta,light_blue_glazed_terracotta
paved_light_blue_glazed_terracotta,light_blue_glazed_terracotta
shrunken_light_blue_glazed_terracotta,light_blue_glazed_terracotta
starry_light_blue_glazed_terracotta,light_blue_glazed_terracotta
waved_light_blue_glazed_terracotta,light_blue_glazed_terracotta
chiseled_light_blue_terracotta,light_blue_terracotta
chiseled_light_blue_terracotta_bricks,light_blue_terracotta
crossed_light_blue_terracotta,light_blue_terracotta
cut_light_blue_terracotta,light_blue_terracotta
decorated_light_blue_terracotta,light_blue_terracotta
layered_light_blue_terracotta,light_blue_terracotta
light_blue_terracotta_bricks,light_blue_terracotta
light_blue_terracotta_small_bricks,light_blue_terracotta
light_blue_terracotta_tile,light_blue_terracotta
light_blue_terracotta_tiles,light_blue_terracotta
triangular_light_blue_terracotta,light_blue_terracotta
barky_light_blue_wool,light_blue_wool
blocky_light_blue_wool,light_blue_wool
bundled_light_blue_wool,light_blue_wool
cross_haired_light_blue_wool,light_blue_wool
cubed_light_blue_wool,light_blue_wool
knitted_light_blue_wool,light_blue_wool
patched_light_blue_wool,light_blue_wool
ribbled_light_blue_wool,light_blue_wool
scaled_light_blue_wool,light_blue_wool
soft_light_blue_wool,light_blue_wool
stringed_light_blue_wool,light_blue_wool
tiled_light_blue_wool,light_blue_wool
tripped_light_blue_wool,light_blue_wool
wickered_light_blue_wool,light_blue_wool
windmill_light_blue_wool,light_blue_wool
wool_legacy_light_blue,light_blue_wool
wool_llama_light_blue,light_blue_wool
woved_light_blue_wool,light_blue_wool
bolted_light_gray_concrete,light_gray_concrete
creeper_light_gray_concrete,light_gray_concrete
grid_light_gray_concrete,light_gray_concrete
hazard_light_gray_concrete,light_gray_concrete
light_gray_concrete_bricks,light_gray_concrete
light_gray_concrete_tiles,light_gray_concrete
mosaic_light_gray_concrete,light_gray_concrete
railed_light_gray_concrete,light_gray_concrete
reinforced_light_gray_concrete,light_gray_concrete
rusted_light_gray_concrete,light_gray_concrete
stacked_light_gray_concrete,light_gray_concrete
stop_light_gray_concrete,light_gray_concrete
warning_light_gray_concrete,light_gray_concrete
decorated_light_gray_glazed_terracotta,light_gray_glazed_terracotta
hexagonical_light_gray_glazed_terracotta,light_gray_glazed_terracotta
light_gray_glazed_terracotta_smooth_tiles,light_gray_glazed_terracotta
light_gray_glazed_terracotta_tiles,light_gray_glazed_terracotta
minimized_light_gray_glazed_terracotta,light_gray_glazed_terracotta
paved_light_gray_glazed_terracotta,light_gray_glazed_terracotta
shrunken_light_gray_glazed_terracotta,light_gray_glazed_terracotta
starry_light_gray_glazed_terracotta,light_gray_glazed_terracotta
waved_light_gray_glazed_terracotta,light_gray_glazed_terracotta
chiseled_light_gray_terracotta,light_gray_terracotta
chiseled_light_gray_terracotta_bricks,light_gray_terracotta
crossed_light_gray_terracotta,light_gray_terracotta
cut_light_gray_terracotta,light_gray_terracotta
decorated_light_gray_terracotta,light_gray_terracotta
layered_light_gray_terracotta,light_gray_terracotta
light_gray_terracotta_bricks,light_gray_terracotta
light_gray_terracotta_small_bricks,light_gray_terracotta
light_gray_terracotta_tile,light_gray_terracotta
light_gray_terracotta_tiles,light_gray_terracotta
triangular_light_gray_terracotta,light_gray_terracotta
barky_light_gray_wool,light_gray_wool
blocky_light_gray_wool,light_gray_wool
bundled_light_gray_wool,light_gray_wool
cross_haired_light_gray_wool,light_gray_wool
cubed_light_gray_wool,light_gray_wool
knitted_light_gray_wool,light_gray_wool
patched_light_gray_wool,light_gray_wool
ribbled_light_gray_wool,light_gray_wool
scaled_light_gray_wool,light_gray_wool
soft_light_gray_wool,light_gray_wool
stringed_light_gray_wool,light_gray_wool
tiled_light_gray_wool,light_gray_wool
tripped_light_gray_wool,light_gray_wool
wickered_light_gray_wool,light_gray_wool
windmill_light_gray_wool,light_gray_wool
wool_legacy_light_gray,light_gray_wool
wool_llama_light_gray,light_gray_wool
woved_light_gray_wool,light_gray_wool
bolted_lime_concrete,lime_concrete
creeper_lime_concrete,lime_concrete
grid_lime_concrete,lime_concrete
hazard_lime_concrete,lime_concrete
lime_concrete_bricks,lime_concrete
lime_concrete_tiles,lime_concrete
mosaic_lime_concrete,lime_concrete
railed_lime_concrete,lime_concrete
reinforced_lime_concrete,lime_concrete
rusted_lime_concrete,lime_concrete
stacked_lime_concrete,lime_concrete
stop_lime_concrete,lime_concrete
warning_lime_concrete,lime_concrete
decorated_lime_glazed_terracotta,lime_glazed_terracotta
hexagonical_lime_glazed_terracotta,lime_glazed_terracotta
lime_glazed_terracotta_smooth_tiles,lime_glazed_terracotta
lime_glazed_terracotta_tiles,lime_glazed_terracotta
minimized_lime_glazed_terracotta,lime_glazed_terracotta
paved_lime_glazed_terracotta,lime_glazed_terracotta
shrunken_lime_glazed_terracotta,lime_glazed_terracotta
starry_lime_glazed_terracotta,lime_glazed_terracotta
waved_lime_glazed_terracotta,lime_glazed_terracotta
chiseled_lime_terracotta,lime_terracotta
chiseled_lime_terracotta_bricks,lime_terracotta
crossed_lime_terracotta,lime_terracotta
cut_lime_terracotta,lime_terracotta
decorated_lime_terracotta,lime_terracotta
layered_lime_terracotta,lime_terracotta
lime_terracotta_bricks,lime_terracotta
lime_terracotta_small_bricks,lime_terracotta
lime_terracotta_tile,lime_terracotta
lime_terracotta_tiles,lime_terracotta
triangular_lime_terracotta,lime_terracotta
barky_lime_wool,lime_wool
blocky_lime_wool,lime_wool
bundled_lime_wool,lime_wool
cross_haired_lime_wool,lime_wool
cubed_lime_wool,lime_wool
knitted_lime_wool,lime_wool
patched_lime_wool,lime_wool
ribbled_lime_wool,lime_wool
scaled_lime_wool,lime_wool
soft_lime_wool,lime_wool
stringed_lime_wool,lime_wool
tiled_lime_wool,lime_wool
tripped_lime_wool,lime_wool
wickered_lime_wool,lime_wool
windmill_lime_wool,lime_wool
wool_legacy_lime,lime_wool
wool_llama_lime,lime_wool
woved_lime_wool,lime_wool
angry_limestone,limestone
bordered_limestone,limestone
brick_bordered_limestone,limestone
carved_limestone,limestone
checkered_limestone_tiles,limestone
cracked_disordered_limestone_bricks,limestone
cracked_flat_limestone_tiles,limestone
cracked_limestone_bricks,limestone
creeper_limestone_carving,limestone
crying_limestone,limestone
cut_blank_limestone,limestone
duh_limestone,limestone
edged_limestone_bricks,limestone
engraved_limestone,limestone
eroded_limestone,limestone
etched_limestone_bricks,limestone
flat_limestone_tiles,limestone
glad_limestone,limestone
inlayed_limestone,limestone
inscribed_limestone,limestone
layed_limestone_bricks,limestone
limestone_bricks,limestone
limestone_mini_tiles,limestone
limestone_scales,limestone
loded_limestone,limestone
offset_limestone_bricks,limestone
overlapping_limestone_tiles,limestone
prismal_limestone_remnants,limestone
rough_limestone,limestone
rounded_limestone_bricks,limestone
runic_carved_limestone,limestone
sad_limestone,limestone
sanded_limestone,limestone
small_limestone_bricks,limestone
smooth_inlayed_limestone,limestone
smooth_ringed_limestone,limestone
smoothed_double_inlayed_limestone,limestone
spiraled_limestone,limestone
stacked_limestone_bricks,limestone
thick_inlayed_limestone,limestone
tiled_bordered_limestone,limestone
tiled_limestone,limestone
tiny_brick_bordered_limestone,limestone
tiny_layered_limestone_bricks,limestone
tiny_layered_limestone_slabs,limestone
tiny_limestone_bricks,limestone
trodden_limestone,limestone
unamused_limestone,limestone
vertical_cut_limestone,limestone
vertical_disordered_limestone_bricks,limestone
weathered_limestone,limestone
angry_lodestone,lodestone
carved_lodestone,lodestone
checkered_lodestone_tiles,lodestone
cobbled_lodestone,lodestone
cracked_disordered_lodestone_bricks,lodestone
cracked_flat_lodestone_tiles,lodestone
cracked_lodestone_bricks,lodestone
creeper_lodestone_carving,lodestone
crying_lodestone,lodestone
cut_blank_lodestone,lodestone
diamond_lodestone,lodestone
dot_lodestone,lodestone
duh_lodestone,lodestone
engraved_lodestone,lodestone
eroded_lodestone,lodestone
etched_lodestone_bricks,lodestone
flat_lodestone_tiles,lodestone
glad_lodestone,lodestone
inlayed_lodestone,lodestone
inscribed_lodestone,lodestone
layed_lodestone_bricks,lodestone
loded_lodestone,lodestone
lodestone_bricks,lodestone
lodestone_mini_tiles,lodestone
lodestone_scales,lodestone
offset_lodestone_bricks,lodestone
prismal_lodestone_remnants,lodestone
ring_lodestone,lodestone
rough_lodestone,lodestone
rounded_lodestone_bricks,lodestone
runic_carved_lodestone,lodestone
sad_lodestone,lodestone
sanded_lodestone,lodestone
sea_lantern_lodestone,lodestone
small_lodestone_bricks,lodestone
smooth_inlayed_lodestone,lodestone
smooth_ringed_lodestone,lodestone
smoothed_double_inlayed_lodestone,lodestone
spiraled_lodestone,lodestone
stacked_lodestone_bricks,lodestone
tiled_lodestone,lodestone
tiny_layered_lodestone_bricks,lodestone
tiny_layered_lodestone_slabs,lodestone
tiny_lodestone_bricks,lodestone
trodden_lodestone,lodestone
unamused_lodestone,lodestone
vertical_cut_lodestone,lodestone
vertical_disordered_lodestone_bricks,lodestone
watching_lodestone,lodestone
weathered_lodestone,lodestone
wider_diamond_lodestone,lodestone
wider_ring_lodestone,lodestone
wider_watching_lodestone,lodestone
bolted_magenta_concrete,magenta_concrete
creeper_magenta_concrete,magenta_concrete
grid_magenta_concrete,magenta_concrete
hazard_magenta_concrete,magenta_concrete
magenta_concrete_bricks,magenta_concrete
magenta_concrete_tiles,magenta_concrete
mosaic_magenta_concrete,magenta_concrete
railed_magenta_concrete,magenta_concrete
reinforced_magenta_concrete,magenta_concrete
rusted_magenta_concrete,magenta_concrete
stacked_magenta_concrete,magenta_concrete
stop_magenta_concrete,magenta_concrete
warning_magenta_concrete,magenta_concrete
decorated_magenta_glazed_terracotta,magenta_glazed_terracotta
hexagonical_magenta_glazed_terracotta,magenta_glazed_terracotta
magenta_glazed_terracotta_smooth_tiles,magenta_glazed_terracotta
magenta_glazed_terracotta_tiles,magenta_glazed_terracotta
minimized_magenta_glazed_terracotta,magenta_glazed_terracotta
paved_magenta_glazed_terracotta,magenta_glazed_terracotta
shrunken_magenta_glazed_terracotta,magenta_glazed_terracotta
starry_magenta_glazed_terracotta,magenta_glazed_terracotta
waved_magenta_glazed_terracotta,magenta_glazed_terracotta
chiseled_magenta_terracotta,magenta_terracotta
chiseled_magenta_terracotta_bricks,magenta_terracotta
crossed_magenta_terracotta,magenta_terracotta
cut_magenta_terracotta,magenta_terracotta
decorated_magenta_terracotta,magenta_terracotta
layered_magenta_terracotta,magenta_terracotta
magenta_terracotta_bricks,magenta_terracotta
magenta_terracotta_small_bricks,magenta_terracotta
magenta_terracotta_tile,magenta_terracotta
magenta_terracotta_tiles,magenta_terracotta
triangular_magenta_terracotta,magenta_terracotta
barky_magenta_wool,magenta_wool
blocky_magenta_wool,magenta_wool
bundled_magenta_wool,magenta_wool
cross_haired_magenta_wool,magenta_wool
cubed_magenta_wool,magenta_wool
knitted_magenta_wool,magenta_wool
patched_magenta_wool,magenta_wool
ribbled_magenta_wool,magenta_wool
scaled_magenta_wool,magenta_wool
soft_magenta_wool,magenta_wool
stringed_magenta_wool,magenta_wool
tiled_magenta_wool,magenta_wool
tripped_magenta_wool,magenta_wool
wickered_magenta_wool,magenta_wool
windmill_magenta_wool,magenta_wool
wool_legacy_magenta,magenta_wool
wool_llama_magenta,magenta_wool
woved_magenta_wool,magenta_wool
angry_magma_block,magma_block
carved_magma_block,magma_block
checkered_magma_block_tiles,magma_block
cobbled_magma_block,magma_block
cracked_disordered_magma_block_bricks,magma_block
cracked_flat_magma_block_tiles,magma_block
cracked_magma_block_bricks,magma_block
creeper_magma_block_carving,magma_block
crying_magma_block,magma_block
cut_blank_magma_block,magma_block
duh_magma_block,magma_block
engraved_magma_block,magma_block
eroded_magma_block,magma_block
etched_magma_block_bricks,magma_block
flat_magma_block_tiles,magma_block
glad_magma_block,magma_block
inlayed_magma_block,magma_block
inscribed_magma_block,magma_block
layed_magma_block_bricks,magma_block
loded_magma_block,magma_block
magma_block_bricks,magma_block
magma_block_mini_tiles,magma_block
magma_block_scales,magma_block
offset_magma_block_bricks,magma_block
prismal_magma_block_remnants,magma_block
rough_magma_block,magma_block
rounded_magma_block_bricks,magma_block
runic_carved_magma_block,magma_block
sad_magma_block,magma_block
sanded_magma_block,magma_block
small_magma_block_bricks,magma_block
smooth_inlayed_magma_block,magma_block
smooth_ringed_magma_block,magma_block
smoothed_double_inlayed_magma_block,magma_block
spiraled_magma_block,magma_block
stacked_magma_block_bricks,magma_block
tiled_magma_block,magma_block
tiny_layered_magma_block_bricks,magma_block
tiny_layered_magma_block_slabs,magma_block
tiny_magma_block_bricks,magma_block
trodden_magma_block,magma_block
unamused_magma_block,magma_block
vertical_cut_magma_block,magma_block
vertical_disordered_magma_block_bricks,magma_block
weathered_magma_block,magma_block
basket_woven_mangrove_planks,mangrove_planks
boxed_mangrove_planks,mangrove_planks
brick_bond_mangrove_planks,mangrove_planks
bricky_mangrove_planks,mangrove_planks
carved_mangrove_planks,mangrove_planks
chiseled_mangrove_planks,mangrove_planks
cross_laced_mangrove_planks,mangrove_planks
crossed_mangrove_planks,mangrove_planks
cut_mangrove_planks,mangrove_planks
detailed_mangrove_planks,mangrove_planks
diagonal_mangrove_planks,mangrove_planks
diamond_mangrove_planks,mangrove_planks
double_herringbone_mangrove_planks,mangrove_planks
fine_mangrove_planks,mangrove_planks
fine_vertical_mangrove_planks,mangrove_planks
herringbone_mangrove_planks,mangrove_planks
hewn_mangrove_planks,mangrove_planks
laced_mangrove_planks,mangrove_planks
mangrove_planks_fine_mosaic,mangrove_planks
mangrove_planks_mosaic,mangrove_planks
mangrove_planks_shavings,mangrove_planks
nailed_mangrove_planks,mangrove_planks
polished_mangrove_planks,mangrove_planks
railed_mangrove_planks,mangrove_planks
ringed_mangrove_planks,mangrove_planks
shelved_mangrove_planks,mangrove_planks
shifted_mangrove_planks,mangrove_planks
slanted_mangrove_planks,mangrove_planks
smooth_mangrove_planks,mangrove_planks
stacked_mangrove_planks,mangrove_planks
thin_mangrove_planks,mangrove_planks
tiled_mangrove_planks,mangrove_planks
versailles_mangrove_planks,mangrove_planks
vertical_mangrove_planks,mangrove_planks
vertically_railed_mangrove_planks,mangrove_planks
whirlwind_mangrove_planks,mangrove_planks
wickered_mangrove_planks,mangrove_planks
blobby_moss_block,moss_block
blue_moss_block,moss_block
crunchy_moss_block,moss_block
lime_moss_block,moss_block
old_moss_block,moss_block
red_moss_block,moss_block
smooth_moss_block,moss_block
spongy_moss_block,moss_block
sprinkled_moss_block,moss_block
yellow_moss_block,moss_block
angry_mossy_cobblestone,mossy_cobblestone
carved_mossy_cobblestone,mossy_cobblestone
checkered_mossy_cobblestone_tiles,mossy_cobblestone
cobbled_mossy_cobblestone,mossy_cobblestone
cracked_disordered_mossy_cobblestone_bricks,mossy_cobblestone
cracked_flat_mossy_cobblestone_tiles,mossy_cobblestone
cracked_mossy_cobblestone_bricks,mossy_cobblestone
creeper_mossy_cobblestone_carving,mossy_cobblestone
crying_mossy_cobblestone,mossy_cobblestone
cut_blank_mossy_cobblestone,mossy_cobblestone
duh_mossy_cobblestone,mossy_cobblestone
engraved_mossy_cobblestone,mossy_cobblestone
eroded_mossy_cobblestone,mossy_cobblestone
etched_mossy_cobblestone_bricks,mossy_cobblestone
flat_mossy_cobblestone_tiles,mossy_cobblestone
glad_mossy_cobblestone,mossy_cobblestone
inlayed_mossy_cobblestone,mossy_cobblestone
inscribed_mossy_cobblestone,mossy_cobblestone
layed_mossy_cobblestone_bricks,mossy_cobblestone
loded_mossy_cobblestone,mossy_cobblestone
mossy_cobblestone_bricks,mossy_cobblestone
mossy_cobblestone_mini_tiles,mossy_cobblestone
mossy_cobblestone_scales,mossy_cobblestone
offset_mossy_cobblestone_bricks,mossy_cobblestone
prismal_mossy_cobblestone_remnants,mossy_cobblestone
rough_mossy_cobblestone,mossy_cobblestone
rounded_mossy_cobblestone_bricks,mossy_cobblestone
runic_carved_mossy_cobblestone,mossy_cobblestone
sad_mossy_cobblestone,mossy_cobblestone
sanded_mossy_cobblestone,mossy_cobblestone
small_mossy_cobblestone_bricks,mossy_cobblestone
smooth_inlayed_mossy_cobblestone,mossy_cobblestone
smooth_ringed_mossy_cobblestone,mossy_cobblestone
smoothed_double_inlayed_mossy_cobblestone,mossy_cobblestone
spiraled_mossy_cobblestone,mossy_cobblestone
stacked_mossy_cobblestone_bricks,mossy_cobblestone
tiled_mossy_cobblestone,mossy_cobblestone
tiny_layered_mossy_cobblestone_bricks,mossy_cobblestone
tiny_layered_mossy_cobblestone_slabs,mossy_cobblestone
tiny_mossy_cobblestone_bricks,mossy_cobblestone
trodden_mossy_cobblestone,mossy_cobblestone
unamused_mossy_cobblestone,mossy_cobblestone
vertical_cut_mossy_cobblestone,mossy_cobblestone
vertical_disordered_mossy_cobblestone_bricks,mossy_cobblestone
weathered_mossy_cobblestone,mossy_cobblestone
angry_mossy_stone_bricks,mossy_stone_bricks
carved_mossy_stone_bricks,mossy_stone_bricks
checkered_mossy_stone_bricks_tiles,mossy_stone_bricks
cobbled_mossy_stone_bricks,mossy_stone_bricks
cracked_disordered_mossy_stone_bricks_bricks,mossy_stone_bricks
cracked_flat_mossy_stone_bricks_tiles,mossy_stone_bricks
cracked_mossy_stone_bricks_bricks,mossy_stone_bricks
creeper_mossy_stone_bricks_carving,mossy_stone_bricks
crying_mossy_stone_bricks,mossy_stone_bricks
cut_blank_mossy_stone_bricks,mossy_stone_bricks
duh_mossy_stone_bricks,mossy_stone_bricks
engraved_mossy_stone_bricks,mossy_stone_bricks
eroded_mossy_stone_bricks,mossy_stone_bricks
etched_mossy_stone_bricks_bricks,mossy_stone_bricks
flat_mossy_stone_bricks_tiles,mossy_stone_bricks
glad_mossy_stone_bricks,mossy_stone_bricks
inlayed_mossy_stone_bricks,mossy_stone_bricks
inscribed_mossy_stone_bricks,mossy_stone_bricks
layed_mossy_stone_bricks_bricks,mossy_stone_bricks
loded_mossy_stone_bricks,mossy_stone_bricks
mossy_stone_bricks_bricks,mossy_stone_bricks
mossy_stone_bricks_mini_tiles,mossy_stone_bricks
mossy_stone_bricks_scales,mossy_stone_bricks
offset_mossy_stone_bricks_bricks,mossy_stone_bricks
prismal_mossy_stone_bricks_remnants,mossy_stone_bricks
rough_mossy_stone_bricks,mossy_stone_bricks
rounded_mossy_stone_bricks_bricks,mossy_stone_bricks
runic_carved_mossy_stone_bricks,mossy_stone_bricks
sad_mossy_stone_bricks,mossy_stone_bricks
sanded_mossy_stone_bricks,mossy_stone_bricks
small_mossy_stone_bricks_bricks,mossy_stone_bricks
smooth_inlayed_mossy_stone_bricks,mossy_stone_bricks
smooth_ringed_mossy_stone_bricks,mossy_stone_bricks
smoothed_double_inlayed_mossy_stone_bricks,mossy_stone_bricks
spiraled_mossy_stone_bricks,mossy_stone_bricks
stacked_mossy_stone_bricks_bricks,mossy_stone_bricks
tiled_mossy_stone_bricks,mossy_stone_bricks
tiny_layered_mossy_stone_bricks_bricks,mossy_stone_bricks
tiny_layered_mossy_stone_bricks_slabs,mossy_stone_bricks
tiny_mossy_stone_bricks_bricks,mossy_stone_bricks
trodden_mossy_stone_bricks,mossy_stone_bricks
unamused_mossy_stone_bricks,mossy_stone_bricks
vertical_cut_mossy_stone_bricks,mossy_stone_bricks
vertical_disordered_mossy_stone_bricks_bricks,mossy_stone_bricks
weathered_mossy_stone_bricks,mossy_stone_bricks
angled_mud_bricks,mud
angry_mud,mud
arrow_mud,mud
button_mud,mud
carved_mud,mud
centered_mud,mud
chiseled_mud,mud
cracked_mud_bricks,mud
creeper_mud_carving,mud
crunched_mud_bricks,mud
crying_mud,mud
cut_blank_mud,mud
double_mud_bricks,mud
duh_mud,mud
edged_mud_bricks,mud
engraved_mud,mud
etched_mud_bricks,mud
eye_mud,mud
fancy_chiseled_mud,mud
fancy_mud,mud
glad_mud,mud
heart_mud,mud
horned_mud,mud
inlayed_mud,mud
keyhole_mud,mud
large_tiled_mud,mud
leaning_mud,mud
mini_tiled_mud,mud
mud_bricks,mud
mud_scales,mud
offset_mud_bricks,mud
pancake_mud,mud
panelled_mud,mud
placed_mud,mud
polished_mud,mud
prismal_mud_remnants,mud
quad_mud,mud
rough_mud,mud
rough_panelled_mud,mud
rune_mud,mud
sad_mud,mud
sigil_mud,mud
small_mud_bricks,mud
smooth_mud,mud
smooth_ringed_mud,mud
smoothed_double_inlayed_mud,mud
spiral_mud,mud
stacked_mud_bricks,mud
star_mud,mud
symbol_mud,mud
thick_inlayed_mud,mud
tiled_mud_bricks,mud
tiny_layered_mud_bricks,mud
tiny_mud_bricks,mud
unamused_mud,mud
vertical_cut_mud,mud
vertical_disordered_mud_bricks,mud
angled_mud_bricks_bricks,mud_bricks
angry_mud_bricks,mud_bricks
arrow_mud_bricks,mud_bricks
button_mud_bricks,mud_bricks
carved_mud_bricks,mud_bricks
centered_mud_bricks,mud_bricks
chiseled_mud_bricks,mud_bricks
cracked_mud_bricks_bricks,mud_bricks
creeper_mud_bricks_carving,mud_bricks
crunched_mud_bricks_bricks,mud_bricks
crying_mud_bricks,mud_bricks
cut_blank_mud_bricks,mud_bricks
double_mud_bricks_bricks,mud_bricks
duh_mud_bricks,mud_bricks
engraved_mud_bricks,mud_bricks
etched_mud_bricks_bricks,mud_bricks
eye_mud_bricks,mud_bricks
fancy_chiseled_mud_bricks,mud_bricks
fancy_mud_bricks,mud_bricks
glad_mud_bricks,mud_bricks
heart_mud_bricks,mud_bricks
horned_mud_bricks,mud_bricks
inlayed_mud_bricks,mud_bricks
keyhole_mud_bricks,mud_bricks
large_tiled_mud_bricks,mud_bricks
leaning_mud_bricks,mud_bricks
mini_tiled_mud_bricks,mud_bricks
mud_bricks_bricks,mud_bricks
mud_bricks_scales,mud_bricks
offset_mud_bricks_bricks,mud_bricks
pancake_mud_bricks,mud_bricks
panelled_mud_bricks,mud_bricks
placed_mud_bricks,mud_bricks
polished_mud_bricks,mud_bricks
prismal_mud_bricks_remnants,mud_bricks
quad_mud_bricks,mud_bricks
rough_mud_bricks,mud_bricks
rough_panelled_mud_bricks,mud_bricks
rune_mud_bricks,mud_bricks
sad_mud_bricks,mud_bricks
scaly_mud_bricks,mud_bricks
sigil_mud_bricks,mud_bricks
small_mud_bricks_bricks,mud_bricks
smooth_mud_bricks,mud_bricks
smooth_ringed_mud_bricks,mud_bricks
smoothed_double_inlayed_mud_bricks,mud_bricks
spiral_mud_bricks,mud_bricks
stacked_mud_bricks_bricks,mud_bricks
star_mud_bricks,mud_bricks
symbol_mud_bricks,mud_bricks
thick_inlayed_mud_bricks,mud_bricks
tiled_mud_bricks_bricks,mud_bricks
tiny_layered_mud_bricks_bricks,mud_bricks
tiny_mud_bricks_bricks,mud_bricks
unamused_mud_bricks,mud_bricks
vertical_cut_mud_bricks,mud_bricks
vertical_disordered_mud_bricks_bricks,mud_bricks
blooming_mushroom_stem,mushroom_stem
broken_mushroom_stem,mushroom_stem
grimy_mushroom_stem,mushroom_stem
old_mushroom_stem,mushroom_stem
poisonous_mushroom_stem,mushroom_stem
smooth_mushroom_stem,mushroom_stem
warm_mushroom_stem,mushroom_stem
angry_nether_bricks,nether_bricks
carved_nether_bricks,nether_bricks
checkered_nether_bricks_tiles,nether_bricks
cobbled_nether_bricks,nether_bricks
cracked_disordered_nether_bricks_bricks,nether_bricks
cracked_flat_nether_bricks_tiles,nether_bricks
cracked_nether_bricks_bricks,nether_bricks
creeper_nether_bricks_carving,nether_bricks
crying_nether_bricks,nether_bricks
cut_blank_nether_bricks,nether_bricks
duh_nether_bricks,nether_bricks
engraved_nether_bricks,nether_bricks
eroded_nether_bricks,nether_bricks
etched_nether_bricks_bricks,nether_bricks
flat_nether_bricks_tiles,nether_bricks
glad_nether_bricks,nether_bricks
inlayed_nether_bricks,nether_bricks
inscribed_nether_bricks,nether_bricks
layed_nether_bricks_bricks,nether_bricks
loded_nether_bricks,nether_bricks
nether_bricks_bricks,nether_bricks
nether_bricks_diamond_pavers,nether_bricks
nether_bricks_mini_tiles,nether_bricks
nether_bricks_scales,nether_bricks
offset_nether_bricks_bricks,nether_bricks
prismal_nether_bricks_remnants,nether_bricks
rough_nether_bricks,nether_bricks
rounded_nether_bricks_bricks,nether_bricks
runic_carved_nether_bricks,nether_bricks
sad_nether_bricks,nether_bricks
sanded_nether_bricks,nether_bricks
small_nether_bricks_bricks,nether_bricks
smooth_inlayed_nether_bricks,nether_bricks
smooth_ringed_nether_bricks,nether_bricks
smoothed_double_inlayed_nether_bricks,nether_bricks
spiraled_nether_bricks,nether_bricks
stacked_nether_bricks_bricks,nether_bricks
tiled_nether_bricks,nether_bricks
tiny_layered_nether_bricks_bricks,nether_bricks
tiny_layered_nether_bricks_slabs,nether_bricks
tiny_nether_bricks_bricks,nether_bricks
trodden_nether_bricks,nether_bricks
unamused_nether_bricks,nether_bricks
vertical_cut_nether_bricks,nether_bricks
vertical_disordered_nether_bricks_bricks,nether_bricks
weathered_nether_bricks,nether_bricks
bubbling_nether_wart_block,nether_wart_block
crumbled_nether_wart_block,nether_wart_block
dried_nether_wart_block,nether_wart_block
erratic_nether_wart_block,nether_wart_block
eyed_nether_wart_block,nether_wart_block
patched_nether_wart_block,nether_wart_block
porous_nether_wart_block,nether_wart_block
rough_nether_wart_block,nether_wart_block
scabbed_nether_wart_block,nether_wart_block
scaled_nether_wart_block,nether_wart_block
seared_nether_wart_block,nether_wart_block
semi_spongy_nether_wart_block,nether_wart_block
speckled_nether_wart_block,nether_wart_block
spongy_nether_wart_block,nether_wart_block
ancient_netherite_block,netherite_block
chipped_netherite_block,netherite_block
embossed_netherite_block,netherite_block
engraved_netherite_block,netherite_block
layered_netherite_block,netherite_block
netherite_block_meteoric,netherite_block
netherite_block_panels,netherite_block
netherite_block_smooth,netherite_block
plated_netherite_block,netherite_block
polished_netherite_block,netherite_block
pressed_netherite_block,netherite_block
reinforced_netherite_block,netherite_block
sheet_netherite_block,netherite_block
shuttered_netherite_block,netherite_block
stacked_netherite_block,netherite_block
angry_netherrack,netherrack
carved_netherrack,netherrack
checkered_netherrack_tiles,netherrack
cobbled_netherrack,netherrack
cracked_disordered_netherrack_bricks,netherrack
cracked_flat_netherrack_tiles,netherrack
cracked_netherrack_bricks,netherrack
creeper_netherrack_carving,netherrack
crying_netherrack,netherrack
cut_blank_netherrack,netherrack
duh_netherrack,netherrack
engraved_netherrack,netherrack
eroded_netherrack,netherrack
etched_netherrack_bricks,netherrack
flat_netherrack_tiles,netherrack
glad_netherrack,netherrack
inlayed_netherrack,netherrack
inscribed_netherrack,netherrack
layed_netherrack_bricks,netherrack
loded_netherrack,netherrack
mossy_cobbled_netherrack,netherrack
mossy_netherrack_bricks,netherrack
netherrack_diamond_pavers,netherrack
netherrack_mini_tiles,netherrack
netherrack_scales,netherrack
offset_netherrack_bricks,netherrack
prismal_netherrack_remnants,netherrack
rough_netherrack,netherrack
rounded_netherrack_bricks,netherrack
runic_carved_netherrack,netherrack
sad_netherrack,netherrack
sanded_netherrack,netherrack
small_netherrack_bricks,netherrack
smooth_inlayed_netherrack,netherrack
smooth_ringed_netherrack,netherrack
smoothed_double_inlayed_netherrack,netherrack
spiraled_netherrack,netherrack
stacked_netherrack_bricks,netherrack
tiled_netherrack,netherrack
tiny_layered_netherrack_bricks,netherrack
tiny_layered_netherrack_slabs,netherrack
tiny_netherrack_bricks,netherrack
trodden_netherrack,netherrack
unamused_netherrack,netherrack
vertical_cut_netherrack,netherrack
vertical_disordered_netherrack_bricks,netherrack
weathered_netherrack,netherrack
basket_woven_oak_planks,oak_planks
boxed_oak_planks,oak_planks
brick_bond_oak_planks,oak_planks
bricky_oak_planks,oak_planks
cross_laced_oak_planks,oak_planks
crossed_oak_planks,oak_planks
detailed_oak_planks,oak_planks
diagonal_oak_planks,oak_planks
diamond_oak_planks,oak_planks
double_herringbone_oak_planks,oak_planks
fine_oak_planks,oak_planks
fine_vertical_oak_planks,oak_planks
herringbone_oak_planks,oak_planks
hewn_oak_planks,oak_planks
laced_oak_planks,oak_planks
nailed_oak_planks,oak_planks
oak_planks_fine_mosaic,oak_planks
oak_planks_mosaic,oak_planks
oak_planks_shavings,oak_planks
polished_oak_planks,oak_planks
railed_oak_planks,oak_planks
shifted_oak_planks,oak_planks
slanted_oak_planks,oak_planks
smooth_oak_planks,oak_planks
stacked_oak_planks,oak_planks
thin_oak_planks,oak_planks
tiled_oak_planks,oak_planks
versailles_oak_planks,oak_planks
vertical_oak_planks,oak_planks
vertically_railed_oak_planks,oak_planks
wickered_oak_planks,oak_planks
angry_obsidian,obsidian
carved_obsidian,obsidian
checkered_obsidian_tiles,obsidian
cobbled_obsidian,obsidian
cracked_disordered_obsidian_bricks,obsidian
cracked_flat_obsidian_tiles,obsidian
cracked_obsidian_bricks,obsidian
creeper_obsidian_carving,obsidian
crying_obsidian,obsidian
cut_blank_obsidian,obsidian
duh_obsidian,obsidian
engraved_obsidian,obsidian
eroded_obsidian,obsidian
etched_obsidian_bricks,obsidian
flat_obsidian_tiles,obsidian
glad_obsidian,obsidian
inlayed_obsidian,obsidian
inscribed_obsidian,obsidian
layed_obsidian_bricks,obsidian
loded_obsidian,obsidian
obsidian_chiseled_creeper,obsidian
obsidian_chiseled_skeleton,obsidian
obsidian_diamond_paver,obsidian
obsidian_large_tiles,obsidian
obsidian_mini_tiles,obsidian
obsidian_scales,obsidian
offset_obsidian_bricks,obsidian
prismal_obsidian_remnants,obsidian
rough_obsidian,obsidian
rounded_obsidian_bricks,obsidian
runic_carved_obsidian,obsidian
sad_obsidian,obsidian
sanded_obsidian,obsidian
small_obsidian_bricks,obsidian
smooth_inlayed_obsidian,obsidian
smooth_ringed_obsidian,obsidian
smoothed_double_inlayed_obsidian,obsidian
spiraled_obsidian,obsidian
stacked_obsidian_bricks,obsidian
tiled_obsidian,obsidian
tiny_layered_obsidian_bricks,obsidian
tiny_layered_obsidian_slabs,obsidian
tiny_obsidian_bricks,obsidian
trodden_obsidian,obsidian
unamused_obsidian,obsidian
vertical_cut_obsidian,obsidian
vertical_disordered_obsidian_bricks,obsidian
weathered_obsidian,obsidian
angry_ochrum,ochrum
bordered_ochrum,ochrum
brick_bordered_ochrum,ochrum
carved_ochrum,ochrum
checkered_ochrum_tiles,ochrum
cobbled_ochrum,ochrum
cracked_disordered_ochrum_bricks,ochrum
cracked_flat_ochrum_tiles,ochrum
cracked_ochrum_bricks,ochrum
creeper_ochrum_carving,ochrum
crying_ochrum,ochrum
cut_blank_ochrum,ochrum
duh_ochrum,ochrum
edged_ochrum_bricks,ochrum
engraved_ochrum,ochrum
eroded_ochrum,ochrum
etched_ochrum_bricks,ochrum
flat_ochrum_tiles,ochrum
glad_ochrum,ochrum
inlayed_ochrum,ochrum
inscribed_ochrum,ochrum
layed_ochrum_bricks,ochrum
loded_ochrum,ochrum
ochrum_bricks,ochrum
ochrum_mini_tiles,ochrum
ochrum_scales,ochrum
offset_ochrum_bricks,ochrum
overlapping_ochrum_tiles,ochrum
polished_ochrum,ochrum
prismal_ochrum_remnants,ochrum
rough_ochrum,ochrum
rounded_ochrum_bricks,ochrum
runic_carved_ochrum,ochrum
sad_ochrum,ochrum
sanded_ochrum,ochrum
small_ochrum_bricks,ochrum
smooth_inlayed_ochrum,ochrum
smooth_ringed_ochrum,ochrum
smoothed_double_inlayed_ochrum,ochrum
spiraled_ochrum,ochrum
stacked_ochrum_bricks,ochrum
thick_inlayed_ochrum,ochrum
tiled_bordered_ochrum,ochrum
tiled_ochrum,ochrum
tiny_brick_bordered_ochrum,ochrum
tiny_layered_ochrum_bricks,ochrum
tiny_layered_ochrum_slabs,ochrum
tiny_ochrum_bricks,ochrum
trodden_ochrum,ochrum
unamused_ochrum,ochrum
vertical_cut_ochrum,ochrum
vertical_disordered_ochrum_bricks,ochrum
weathered_ochrum,ochrum
bolted_orange_concrete,orange_concrete
creeper_orange_concrete,orange_concrete
grid_orange_concrete,orange_concrete
hazard_orange_concrete,orange_concrete
mosaic_orange_concrete,orange_concrete
orange_concrete_bricks,orange_concrete
orange_concrete_tiles,orange_concrete
railed_orange_concrete,orange_concrete
reinforced_orange_concrete,orange_concrete
rusted_orange_concrete,orange_concrete
stacked_orange_concrete,orange_concrete
stop_orange_concrete,orange_concrete
warning_orange_concrete,orange_concrete
decorated_orange_glazed_terracotta,orange_glazed_terracotta
hexagonical_orange_glazed_terracotta,orange_glazed_terracotta
minimized_orange_glazed_terracotta,orange_glazed_terracotta
orange_glazed_terracotta_smooth_tiles,orange_glazed_terracotta
orange_glazed_terracotta_tiles,orange_glazed_terracotta
paved_orange_glazed_terracotta,orange_glazed_terracotta
shrunken_orange_glazed_terracotta,orange_glazed_terracotta
starry_orange_glazed_terracotta,orange_glazed_terracotta
waved_orange_glazed_terracotta,orange_glazed_terracotta
chiseled_orange_terracotta,orange_terracotta
chiseled_orange_terracotta_bricks,orange_terracotta
crossed_orange_terracotta,orange_terracotta
cut_orange_terracotta,orange_terracotta
decorated_orange_terracotta,orange_terracotta
layered_orange_terracotta,orange_terracotta
orange_terracotta_bricks,orange_terracotta
orange_terracotta_small_bricks,orange_terracotta
orange_terracotta_tile,orange_terracotta
orange_terracotta_tiles,orange_terracotta
triangular_orange_terracotta,orange_terracotta
barky_orange_wool,orange_wool
blocky_orange_wool,orange_wool
bundled_orange_wool,orange_wool
cross_haired_orange_wool,orange_wool
cubed_orange_wool,orange_wool
knitted_orange_wool,orange_wool
patched_orange_wool,orange_wool
ribbled_orange_wool,orange_wool
scaled_orange_wool,orange_wool
soft_orange_wool,orange_wool
stringed_orange_wool,orange_wool
tiled_orange_wool,orange_wool
tripped_orange_wool,orange_wool
wickered_orange_wool,orange_wool
windmill_orange_wool,orange_wool
wool_legacy_orange,orange_wool
wool_llama_orange,orange_wool
woved_orange_wool,orange_wool
angry_packed_ice,packed_ice
carved_packed_ice,packed_ice
checkered_packed_ice_tiles,packed_ice
cobbled_packed_ice,packed_ice
cracked_disordered_packed_ice_bricks,packed_ice
cracked_flat_packed_ice_tiles,packed_ice
cracked_packed_ice_bricks,packed_ice
creeper_packed_ice_carving,packed_ice
crying_packed_ice,packed_ice
cut_blank_packed_ice,packed_ice
duh_packed_ice,packed_ice
engraved_packed_ice,packed_ice
eroded_packed_ice,packed_ice
etched_packed_ice_bricks,packed_ice
flat_packed_ice_tiles,packed_ice
glad_packed_ice,packed_ice
inlayed_packed_ice,packed_ice
inscribed_packed_ice,packed_ice
layed_packed_ice_bricks,packed_ice
loded_packed_ice,packed_ice
offset_packed_ice_bricks,packed_ice
packed_ice_bricks,packed_ice
packed_ice_mini_tiles,packed_ice
packed_ice_scales,packed_ice
prismal_packed_ice_remnants,packed_ice
rough_packed_ice,packed_ice
rounded_packed_ice_bricks,packed_ice
runic_carved_packed_ice,packed_ice
sad_packed_ice,packed_ice
sanded_packed_ice,packed_ice
small_packed_ice_bricks,packed_ice
smooth_inlayed_packed_ice,packed_ice
smooth_ringed_packed_ice,packed_ice
smoothed_double_inlayed_packed_ice,packed_ice
spiraled_packed_ice,packed_ice
stacked_packed_ice_bricks,packed_ice
tiled_packed_ice,packed_ice
tiny_layered_packed_ice_bricks,packed_ice
tiny_layered_packed_ice_slabs,packed_ice
tiny_packed_ice_bricks,packed_ice
trodden_packed_ice,packed_ice
unamused_packed_ice,packed_ice
vertical_cut_packed_ice,packed_ice
vertical_disordered_packed_ice_bricks,packed_ice
weathered_packed_ice,packed_ice
angled_packed_mud_bricks,packed_mud
angry_packed_mud,packed_mud
arrow_packed_mud,packed_mud
button_packed_mud,packed_mud
carved_packed_mud,packed_mud
centered_packed_mud,packed_mud
chiseled_packed_mud,packed_mud
cracked_packed_mud_bricks,packed_mud
creeper_packed_mud_carving,packed_mud
crunched_packed_mud_bricks,packed_mud
crying_packed_mud,packed_mud
cut_blank_packed_mud,packed_mud
double_packed_mud_bricks,packed_mud
duh_packed_mud,packed_mud
engraved_packed_mud,packed_mud
etched_packed_mud_bricks,packed_mud
eye_packed_mud,packed_mud
fancy_chiseled_packed_mud,packed_mud
fancy_packed_mud,packed_mud
glad_packed_mud,packed_mud
heart_packed_mud,packed_mud
horned_packed_mud,packed_mud
inlayed_packed_mud,packed_mud
keyhole_packed_mud,packed_mud
large_tiled_packed_mud,packed_mud
leaning_packed_mud,packed_mud
mini_tiled_packed_mud,packed_mud
offset_packed_mud_bricks,packed_mud
packed_mud_bricks,packed_mud
packed_mud_scales,packed_mud
pancake_packed_mud,packed_mud
panelled_packed_mud,packed_mud
placed_packed_mud,packed_mud
polished_packed_mud,packed_mud
prismal_packed_mud_remnants,packed_mud
quad_packed_mud,packed_mud
rough_packed_mud,packed_mud
rough_panelled_packed_mud,packed_mud
rune_packed_mud,packed_mud
sad_packed_mud,packed_mud
sigil_packed_mud,packed_mud
small_packed_mud_bricks,packed_mud
smooth_packed_mud,packed_mud
smooth_ringed_packed_mud,packed_mud
smoothed_double_inlayed_packed_mud,packed_mud
spiral_packed_mud,packed_mud
stacked_packed_mud_bricks,packed_mud
star_packed_mud,packed_mud
symbol_packed_mud,packed_mud
thick_inlayed_packed_mud,packed_mud
tiled_packed_mud_bricks,packed_mud
tiny_layered_packed_mud_bricks,packed_mud
tiny_packed_mud_bricks,packed_mud
unamused_packed_mud,packed_mud
vertical_cut_packed_mud,packed_mud
vertical_disordered_packed_mud_bricks,packed_mud
bolted_pink_concrete,pink_concrete
creeper_pink_concrete,pink_concrete
grid_pink_concrete,pink_concrete
hazard_pink_concrete,pink_concrete
mosaic_pink_concrete,pink_concrete
pink_concrete_bricks,pink_concrete
pink_concrete_tiles,pink_concrete
railed_pink_concrete,pink_concrete
reinforced_pink_concrete,pink_concrete
rusted_pink_concrete,pink_concrete
stacked_pink_concrete,pink_concrete
stop_pink_concrete,pink_concrete
warning_pink_concrete,pink_concrete
decorated_pink_glazed_terracotta,pink_glazed_terracotta
hexagonical_pink_glazed_terracotta,pink_glazed_terracotta
minimized_pink_glazed_terracotta,pink_glazed_terracotta
paved_pink_glazed_terracotta,pink_glazed_terracotta
pink_glazed_terracotta_smooth_tiles,pink_glazed_terracotta
pink_glazed_terracotta_tiles,pink_glazed_terracotta
shrunken_pink_glazed_terracotta,pink_glazed_terracotta
starry_pink_glazed_terracotta,pink_glazed_terracotta
waved_pink_glazed_terracotta,pink_glazed_terracotta
chiseled_pink_terracotta,pink_terracotta
chiseled_pink_terracotta_bricks,pink_terracotta
crossed_pink_terracotta,pink_terracotta
cut_pink_terracotta,pink_terracotta
decorated_pink_terracotta,pink_terracotta
layered_pink_terracotta,pink_terracotta
pink_terracotta_bricks,pink_terracotta
pink_terracotta_small_bricks,pink_terracotta
pink_terracotta_tile,pink_terracotta
pink_terracotta_tiles,pink_terracotta
triangular_pink_terracotta,pink_terracotta
barky_pink_wool,pink_wool
blocky_pink_wool,pink_wool
bundled_pink_wool,pink_wool
cross_haired_pink_wool,pink_wool
cubed_pink_wool,pink_wool
knitted_pink_wool,pink_wool
patched_pink_wool,pink_wool
ribbled_pink_wool,pink_wool
scaled_pink_wool,pink_wool
soft_pink_wool,pink_wool
stringed_pink_wool,pink_wool
tiled_pink_wool,pink_wool
tripped_pink_wool,pink_wool
wickered_pink_wool,pink_wool
windmill_pink_wool,pink_wool
wool_legacy_pink,pink_wool
wool_llama_pink,pink_wool
woved_pink_wool,pink_wool
angry_prismarine,prismarine
carved_prismarine,prismarine
checkered_prismarine_tiles,prismarine
cobbled_prismarine,prismarine
cracked_disordered_prismarine_bricks,prismarine
cracked_flat_prismarine_tiles,prismarine
cracked_prismarine_bricks,prismarine
cracked_tiny_prismarine_tiles,prismarine
creeper_prismarine_carving,prismarine
crying_prismarine,prismarine
cut_blank_prismarine,prismarine
duh_prismarine,prismarine
engraved_prismarine,prismarine
eroded_prismarine,prismarine
etched_prismarine_bricks,prismarine
flat_prismarine_tiles,prismarine
glad_prismarine,prismarine
inlayed_prismarine,prismarine
inscribed_prismarine,prismarine
layed_prismarine_bricks,prismarine
loded_prismarine,prismarine
mossy_cobbled_prismarine,prismarine
mossy_prismarine_bricks,prismarine
offset_prismarine_bricks,prismarine
prismal_prismarine_remnants,prismarine
prismarine_bricks,prismarine
prismarine_diamond_pavers,prismarine
prismarine_large_bricks,prismarine
prismarine_large_bricks_cracked,prismarine
prismarine_large_bricks_mossy,prismarine
prismarine_mini_tiles,prismarine
prismarine_scales,prismarine
rough_prismarine,prismarine
rounded_prismarine_bricks,prismarine
runic_carved_prismarine,prismarine
sad_prismarine,prismarine
sanded_prismarine,prismarine
small_prismarine_bricks,prismarine
smooth_inlayed_prismarine,prismarine
smooth_ringed_prismarine,prismarine
smoothed_double_inlayed_prismarine,prismarine
spiraled_prismarine,prismarine
stacked_prismarine_bricks,prismarine
tiled_prismarine,prismarine
tiny_layered_prismarine_bricks,prismarine
tiny_layered_prismarine_slabs,prismarine
tiny_prismarine_bricks,prismarine
trodden_prismarine,prismarine
unamused_prismarine,prismarine
vertical_cut_prismarine,prismarine
vertical_disordered_prismarine_bricks,prismarine
weathered_prismarine,prismarine
bolted_purple_concrete,purple_concrete
creeper_purple_concrete,purple_concrete
grid_purple_concrete,purple_concrete
hazard_purple_concrete,purple_concrete
mosaic_purple_concrete,purple_concrete
purple_concrete_bricks,purple_concrete
purple_concrete_tiles,purple_concrete
railed_purple_concrete,purple_concrete
reinforced_purple_concrete,purple_concrete
rusted_purple_concrete,purple_concrete
stacked_purple_concrete,purple_concrete
stop_purple_concrete,purple_concrete
warning_purple_concrete,purple_concrete
decorated_purple_glazed_terracotta,purple_glazed_terracotta
hexagonical_purple_glazed_terracotta,purple_glazed_terracotta
minimized_purple_glazed_terracotta,purple_glazed_terracotta
paved_purple_glazed_terracotta,purple_glazed_terracotta
purple_glazed_terracotta_smooth_tiles,purple_glazed_terracotta
purple_glazed_terracotta_tiles,purple_glazed_terracotta
shrunken_purple_glazed_terracotta,purple_glazed_terracotta
starry_purple_glazed_terracotta,purple_glazed_terracotta
waved_purple_glazed_terracotta,purple_glazed_terracotta
chiseled_purple_terracotta,purple_terracotta
chiseled_purple_terracotta_bricks,purple_terracotta
crossed_purple_terracotta,purple_terracotta
cut_purple_terracotta,purple_terracotta
decorated_purple_terracotta,purple_terracotta
layered_purple_terracotta,purple_terracotta
purple_terracotta_bricks,purple_terracotta
purple_terracotta_small_bricks,purple_terracotta
purple_terracotta_tile,purple_terracotta
purple_terracotta_tiles,purple_terracotta
triangular_purple_terracotta,purple_terracotta
barky_purple_wool,purple_wool
blocky_purple_wool,purple_wool
bundled_purple_wool,purple_wool
cross_haired_purple_wool,purple_wool
cubed_purple_wool,purple_wool
knitted_purple_wool,purple_wool
patched_purple_wool,purple_wool
ribbled_purple_wool,purple_wool
scaled_purple_wool,purple_wool
soft_purple_wool,purple_wool
stringed_purple_wool,purple_wool
tiled_purple_wool,purple_wool
tripped_purple_wool,purple_wool
wickered_purple_wool,purple_wool
windmill_purple_wool,purple_wool
wool_legacy_purple,purple_wool
wool_llama_purple,purple_wool
woved_purple_wool,purple_wool
angry_purpur_block,purpur_block
carved_purpur_block,purpur_block
checkered_purpur_block_tiles,purpur_block
cobbled_purpur_block,purpur_block
cracked_disordered_purpur_block_bricks,purpur_block
cracked_flat_purpur_block_tiles,purpur_block
cracked_purpur_block_bricks,purpur_block
cracked_tiny_purpur_tiles,purpur_block
creeper_purpur_block_carving,purpur_block
crying_purpur_block,purpur_block
cut_blank_purpur_block,purpur_block
duh_purpur_block,purpur_block
engraved_purpur_block,purpur_block
eroded_purpur_block,purpur_block
etched_purpur_block_bricks,purpur_block
flat_purpur_block_tiles,purpur_block
glad_purpur_block,purpur_block
inlayed_purpur_block,purpur_block
inscribed_purpur_block,purpur_block
layed_purpur_block_bricks,purpur_block
loded_purpur_block,purpur_block
mossy_cobbled_purpur,purpur_block
mossy_purpur_bricks,purpur_block
offset_purpur_block_bricks,purpur_block
prismal_purpur_block_remnants,purpur_block
purpur_block_bricks,purpur_block
purpur_block_mini_tiles,purpur_block
purpur_block_scales,purpur_block
purpur_diamond_pavers,purpur_block
rough_purpur_block,purpur_block
rounded_purpur_block_bricks,purpur_block
runic_carved_purpur_block,purpur_block
sad_purpur_block,purpur_block
sanded_purpur_block,purpur_block
small_purpur_block_bricks,purpur_block
smooth_inlayed_purpur_block,purpur_block
smooth_ringed_purpur_block,purpur_block
smoothed_double_inlayed_purpur_block,purpur_block
spiraled_purpur_block,purpur_block
stacked_purpur_block_bricks,purpur_block
tiled_purpur_block,purpur_block
tiny_layered_purpur_block_bricks,purpur_block
tiny_layered_purpur_block_slabs,purpur_block
tiny_purpur_block_bricks,purpur_block
trodden_purpur_block,purpur_block
unamused_purpur_block,purpur_block
vertical_cut_purpur_block,purpur_block
vertical_disordered_purpur_block_bricks,purpur_block
weathered_purpur_block,purpur_block
angry_quartz_block,quartz_block
carved_quartz_block,quartz_block
checkered_quartz_block_tiles,quartz_block
cobbled_quartz_block,quartz_block
cracked_disordered_quartz_block_bricks,quartz_block
cracked_flat_quartz_block_tiles,quartz_block
cracked_quartz_block_bricks,quartz_block
cracked_tiny_quartz_tiles,quartz_block
creeper_quartz_block_carving,quartz_block
crying_quartz_block,quartz_block
cut_blank_quartz_block,quartz_block
duh_quartz_block,quartz_block
engraved_quartz_block,quartz_block
eroded_quartz_block,quartz_block
etched_quartz_block_bricks,quartz_block
flat_quartz_block_tiles,quartz_block
glad_quartz_block,quartz_block
inlayed_quartz_block,quartz_block
inscribed_quartz_block,quartz_block
layed_quartz_block_bricks,quartz_block
loded_quartz_block,quartz_block
mossy_cobbled_quartz,quartz_block
mossy_quartz_bricks,quartz_block
offset_quartz_block_bricks,quartz_block
prismal_quartz_block_remnants,quartz_block
quartz_block_bricks,quartz_block
quartz_block_chiseled_squares,quartz_block
quartz_block_mini_tiles,quartz_block
quartz_diamond_pavers,quartz_block
rough_quartz_block,quartz_block
rounded_quartz_block_bricks,quartz_block
runic_carved_quartz_block,quartz_block
sad_quartz_block,quartz_block
sanded_quartz_block,quartz_block
small_quartz_block_bricks,quartz_block
smooth_inlayed_quartz_block,quartz_block
smooth_ringed_quartz_block,quartz_block
smoothed_double_inlayed_quartz_block,quartz_block
spiraled_quartz_block,quartz_block
stacked_quartz_block_bricks,quartz_block
tiled_quartz_block,quartz_block
tiny_layered_quartz_block_bricks,quartz_block
tiny_layered_quartz_block_slabs,quartz_block
tiny_quartz_block_bricks,quartz_block
trodden_quartz_block,quartz_block
unamused_quartz_block,quartz_block
vertical_cut_quartz_block,quartz_block
vertical_disordered_quartz_block_bricks,quartz_block
weathered_quartz_block,quartz_block
angry_raw_copper_block,raw_copper_block
carved_raw_copper_block,raw_copper_block
checkered_raw_copper_block_tiles,raw_copper_block
cobbled_raw_copper_block,raw_copper_block
cracked_disordered_raw_copper_block_bricks,raw_copper_block
cracked_flat_raw_copper_block_tiles,raw_copper_block
cracked_raw_copper_block_bricks,raw_copper_block
creeper_raw_copper_block_carving,raw_copper_block
crying_raw_copper_block,raw_copper_block
cut_blank_raw_copper_block,raw_copper_block
duh_raw_copper_block,raw_copper_block
engraved_raw_copper_block,raw_copper_block
eroded_raw_copper_block,raw_copper_block
etched_raw_copper_block_bricks,raw_copper_block
flat_raw_copper_block_tiles,raw_copper_block
glad_raw_copper_block,raw_copper_block
inlayed_raw_copper_block,raw_copper_block
inscribed_raw_copper_block,raw_copper_block
layed_raw_copper_block_bricks,raw_copper_block
loded_raw_copper_block,raw_copper_block
offset_raw_copper_block_bricks,raw_copper_block
prismal_raw_copper_block_remnants,raw_copper_block
raw_copper_block_bricks,raw_copper_block
raw_copper_block_mini_tiles,raw_copper_block
raw_copper_block_scales,raw_copper_block
rough_raw_copper_block,raw_copper_block
rounded_raw_copper_block_bricks,raw_copper_block
runic_carved_raw_copper_block,raw_copper_block
sad_raw_copper_block,raw_copper_block
sanded_raw_copper_block,raw_copper_block
small_raw_copper_block_bricks,raw_copper_block
smooth_inlayed_raw_copper_block,raw_copper_block
smooth_ringed_raw_copper_block,raw_copper_block
smoothed_double_inlayed_raw_copper_block,raw_copper_block
spiraled_raw_copper_block,raw_copper_block
stacked_raw_copper_block_bricks,raw_copper_block
tiled_raw_copper_block,raw_copper_block
tiny_layered_raw_copper_block_bricks,raw_copper_block
tiny_layered_raw_copper_block_slabs,raw_copper_block
tiny_raw_copper_block_bricks,raw_copper_block
trodden_raw_copper_block,raw_copper_block
unamused_raw_copper_block,raw_copper_block
vertical_cut_raw_copper_block,raw_copper_block
vertical_disordered_raw_copper_block_bricks,raw_copper_block
weathered_raw_copper_block,raw_copper_block
angry_raw_gold_block,raw_gold_block
carved_raw_gold_block,raw_gold_block
checkered_raw_gold_block_tiles,raw_gold_block
cobbled_raw_gold_block,raw_gold_block
cracked_disordered_raw_gold_block_bricks,raw_gold_block
cracked_flat_raw_gold_block_tiles,raw_gold_block
cracked_raw_gold_block_bricks,raw_gold_block
creeper_raw_gold_block_carving,raw_gold_block
crying_raw_gold_block,raw_gold_block
cut_blank_raw_gold_block,raw_gold_block
duh_raw_gold_block,raw_gold_block
engraved_raw_gold_block,raw_gold_block
eroded_raw_gold_block,raw_gold_block
etched_raw_gold_block_bricks,raw_gold_block
flat_raw_gold_block_tiles,raw_gold_block
glad_raw_gold_block,raw_gold_block
inlayed_raw_gold_block,raw_gold_block
inscribed_raw_gold_block,raw_gold_block
layed_raw_gold_block_bricks,raw_gold_block
loded_raw_gold_block,raw_gold_block
offset_raw_gold_block_bricks,raw_gold_block
prismal_raw_gold_block_remnants,raw_gold_block
raw_gold_block_bricks,raw_gold_block
raw_gold_block_mini_tiles,raw_gold_block
raw_gold_block_scales,raw_gold_block
rough_raw_gold_block,raw_gold_block
rounded_raw_gold_block_bricks,raw_gold_block
runic_carved_raw_gold_block,raw_gold_block
sad_raw_gold_block,raw_gold_block
sanded_raw_gold_block,raw_gold_block
small_raw_gold_block_bricks,raw_gold_block
smooth_inlayed_raw_gold_block,raw_gold_block
smooth_ringed_raw_gold_block,raw_gold_block
smoothed_double_inlayed_raw_gold_block,raw_gold_block
spiraled_raw_gold_block,raw_gold_block
stacked_raw_gold_block_bricks,raw_gold_block
tiled_raw_gold_block,raw_gold_block
tiny_layered_raw_gold_block_bricks,raw_gold_block
tiny_layered_raw_gold_block_slabs,raw_gold_block
tiny_raw_gold_block_bricks,raw_gold_block
trodden_raw_gold_block,raw_gold_block
unamused_raw_gold_block,raw_gold_block
vertical_cut_raw_gold_block,raw_gold_block
vertical_disordered_raw_gold_block_bricks,raw_gold_block
weathered_raw_gold_block,raw_gold_block
angry_raw_iron_block,raw_iron_block
carved_raw_iron_block,raw_iron_block
checkered_raw_iron_block_tiles,raw_iron_block
cobbled_raw_iron_block,raw_iron_block
cracked_disordered_raw_iron_block_bricks,raw_iron_block
cracked_flat_raw_iron_block_tiles,raw_iron_block
cracked_raw_iron_block_bricks,raw_iron_block
creeper_raw_iron_block_carving,raw_iron_block
crying_raw_iron_block,raw_iron_block
cut_blank_raw_iron_block,raw_iron_block
duh_raw_iron_block,raw_iron_block
engraved_raw_iron_block,raw_iron_block
eroded_raw_iron_block,raw_iron_block
etched_raw_iron_block_bricks,raw_iron_block
flat_raw_iron_block_tiles,raw_iron_block
glad_raw_iron_block,raw_iron_block
inlayed_raw_iron_block,raw_iron_block
inscribed_raw_iron_block,raw_iron_block
layed_raw_iron_block_bricks,raw_iron_block
loded_raw_iron_block,raw_iron_block
offset_raw_iron_block_bricks,raw_iron_block
prismal_raw_iron_block_remnants,raw_iron_block
raw_iron_block_bricks,raw_iron_block
raw_iron_block_mini_tiles,raw_iron_block
raw_iron_block_scales,raw_iron_block
rough_raw_iron_block,raw_iron_block
rounded_raw_iron_block_bricks,raw_iron_block
runic_carved_raw_iron_block,raw_iron_block
sad_raw_iron_block,raw_iron_block
sanded_raw_iron_block,raw_iron_block
small_raw_iron_block_bricks,raw_iron_block
smooth_inlayed_raw_iron_block,raw_iron_block
smooth_ringed_raw_iron_block,raw_iron_block
smoothed_double_inlayed_raw_iron_block,raw_iron_block
spiraled_raw_iron_block,raw_iron_block
stacked_raw_iron_block_bricks,raw_iron_block
tiled_raw_iron_block,raw_iron_block
tiny_layered_raw_iron_block_bricks,raw_iron_block
tiny_layered_raw_iron_block_slabs,raw_iron_block
tiny_raw_iron_block_bricks,raw_iron_block
trodden_raw_iron_block,raw_iron_block
unamused_raw_iron_block,raw_iron_block
vertical_cut_raw_iron_block,raw_iron_block
vertical_disordered_raw_iron_block_bricks,raw_iron_block
weathered_raw_iron_block,raw_iron_block
bolted_red_concrete,red_concrete
creeper_red_concrete,red_concrete
grid_red_concrete,red_concrete
hazard_red_concrete,red_concrete
mosaic_red_concrete,red_concrete
railed_red_concrete,red_concrete
red_concrete_bricks,red_concrete
red_concrete_tiles,red_concrete
reinforced_red_concrete,red_concrete
rusted_red_concrete,red_concrete
stacked_red_concrete,red_concrete
stop_red_concrete,red_concrete
warning_red_concrete,red_concrete
decorated_red_glazed_terracotta,red_glazed_terracotta
hexagonical_red_glazed_terracotta,red_glazed_terracotta
minimized_red_glazed_terracotta,red_glazed_terracotta
paved_red_glazed_terracotta,red_glazed_terracotta
red_glazed_terracotta_smooth_tiles,red_glazed_terracotta
red_glazed_terracotta_tiles,red_glazed_terracotta
shrunken_red_glazed_terracotta,red_glazed_terracotta
starry_red_glazed_terracotta,red_glazed_terracotta
waved_red_glazed_terracotta,red_glazed_terracotta
dark_dotted_red_mushroom_block,red_mushroom_block
dark_dusted_red_mushroom_block,red_mushroom_block
dark_freckled_red_mushroom_block,red_mushroom_block
dark_smooth_red_mushroom_block,red_mushroom_block
dark_spotted_red_mushroom_block,red_mushroom_block
dotted_red_mushroom_block,red_mushroom_block
dusted_red_mushroom_block,red_mushroom_block
freckled_red_mushroom_block,red_mushroom_block
light_dotted_red_mushroom_block,red_mushroom_block
light_dusted_red_mushroom_block,red_mushroom_block
light_freckled_red_mushroom_block,red_mushroom_block
light_smooth_red_mushroom_block,red_mushroom_block
light_spotted_red_mushroom_block,red_mushroom_block
smooth_red_mushroom_block,red_mushroom_block
spotted_red_mushroom_block,red_mushroom_block
angry_red_nether_bricks,red_nether_bricks
carved_red_nether_bricks,red_nether_bricks
checkered_red_nether_bricks_tiles,red_nether_bricks
cobbled_red_nether_bricks,red_nether_bricks
cracked_disordered_red_nether_bricks_bricks,red_nether_bricks
cracked_flat_red_nether_bricks_tiles,red_nether_bricks
cracked_red_nether_bricks_bricks,red_nether_bricks
creeper_red_nether_bricks_carving,red_nether_bricks
crying_red_nether_bricks,red_nether_bricks
cut_blank_red_nether_bricks,red_nether_bricks
duh_red_nether_bricks,red_nether_bricks
engraved_red_nether_bricks,red_nether_bricks
eroded_red_nether_bricks,red_nether_bricks
etched_red_nether_bricks_bricks,red_nether_bricks
flat_red_nether_bricks_tiles,red_nether_bricks
glad_red_nether_bricks,red_nether_bricks
inlayed_red_nether_bricks,red_nether_bricks
inscribed_red_nether_bricks,red_nether_bricks
layed_red_nether_bricks_bricks,red_nether_bricks
loded_red_nether_bricks,red_nether_bricks
offset_red_nether_bricks_bricks,red_nether_bricks
prismal_red_nether_bricks_remnants,red_nether_bricks
red_nether_bricks_bricks,red_nether_bricks
red_nether_bricks_mini_tiles,red_nether_bricks
red_nether_bricks_scales,red_nether_bricks
rough_red_nether_bricks,red_nether_bricks
rounded_red_nether_bricks_bricks,red_nether_bricks
runic_carved_red_nether_bricks,red_nether_bricks
sad_red_nether_bricks,red_nether_bricks
sanded_red_nether_bricks,red_nether_bricks
small_red_nether_bricks_bricks,red_nether_bricks
smooth_inlayed_red_nether_bricks,red_nether_bricks
smooth_ringed_red_nether_bricks,red_nether_bricks
smoothed_double_inlayed_red_nether_bricks,red_nether_bricks
spiraled_red_nether_bricks,red_nether_bricks
stacked_red_nether_bricks_bricks,red_nether_bricks
tiled_red_nether_bricks,red_nether_bricks
tiny_layered_red_nether_bricks_bricks,red_nether_bricks
tiny_layered_red_nether_bricks_slabs,red_nether_bricks
tiny_red_nether_bricks_bricks,red_nether_bricks
trodden_red_nether_bricks,red_nether_bricks
unamused_red_nether_bricks,red_nether_bricks
vertical_cut_red_nether_bricks,red_nether_bricks
vertical_disordered_red_nether_bricks_bricks,red_nether_bricks
weathered_red_nether_bricks,red_nether_bricks
angry_red_sandstone,red_sandstone
carved_red_sandstone,red_sandstone
checkered_red_sandstone_tiles,red_sandstone
cobbled_red_sandstone,red_sandstone
cracked_disordered_red_sandstone_bricks,red_sandstone
cracked_flat_red_sandstone_tiles,red_sandstone
cracked_red_sandstone_bricks,red_sandstone
cracked_tiny_red_sandstone_tiles,red_sandstone
creeper_red_sandstone_carving,red_sandstone
crying_red_sandstone,red_sandstone
cut_blank_red_sandstone,red_sandstone
duh_red_sandstone,red_sandstone
engraved_red_sandstone,red_sandstone
eroded_red_sandstone,red_sandstone
etched_red_sandstone_bricks,red_sandstone
flat_red_sandstone_tiles,red_sandstone
glad_red_sandstone,red_sandstone
inlayed_red_sandstone,red_sandstone
inscribed_red_sandstone,red_sandstone
layed_red_sandstone_bricks,red_sandstone
loded_red_sandstone,red_sandstone
mossy_cobbled_red_sandstone,red_sandstone
mossy_red_sandstone_bricks,red_sandstone
offset_red_sandstone_bricks,red_sandstone
prismal_red_sandstone_remnants,red_sandstone
red_sandstone_mini_tiles,red_sandstone
red_sandstone_scales,red_sandstone
rough_red_sandstone,red_sandstone
rounded_red_sandstone_bricks,red_sandstone
runic_carved_red_sandstone,red_sandstone
sad_red_sandstone,red_sandstone
sanded_red_sandstone,red_sandstone
small_red_sandstone_bricks,red_sandstone
smooth_inlayed_red_sandstone,red_sandstone
smooth_ringed_red_sandstone,red_sandstone
smoothed_double_inlayed_red_sandstone,red_sandstone
spiraled_red_sandstone,red_sandstone
stacked_red_sandstone_bricks,red_sandstone
tiled_red_sandstone,red_sandstone
tiny_layered_red_sandstone_bricks,red_sandstone
tiny_layered_red_sandstone_slabs,red_sandstone
tiny_red_sandstone_bricks,red_sandstone
trodden_red_sandstone,red_sandstone
unamused_red_sandstone,red_sandstone
vertical_cut_red_sandstone,red_sandstone
vertical_disordered_red_sandstone_bricks,red_sandstone
weathered_red_sandstone,red_sandstone
chiseled_red_terracotta,red_terracotta
chiseled_red_terracotta_bricks,red_terracotta
crossed_red_terracotta,red_terracotta
cut_red_terracotta,red_terracotta
decorated_red_terracotta,red_terracotta
layered_red_terracotta,red_terracotta
red_terracotta_bricks,red_terracotta
red_terracotta_small_bricks,red_terracotta
red_terracotta_tile,red_terracotta
red_terracotta_tiles,red_terracotta
triangular_red_terracotta,red_terracotta
barky_red_wool,red_wool
blocky_red_wool,red_wool
bundled_red_wool,red_wool
cross_haired_red_wool,red_wool
cubed_red_wool,red_wool
knitted_red_wool,red_wool
patched_red_wool,red_wool
ribbled_red_wool,red_wool
scaled_red_wool,red_wool
soft_red_wool,red_wool
stringed_red_wool,red_wool
tiled_red_wool,red_wool
tripped_red_wool,red_wool
wickered_red_wool,red_wool
windmill_red_wool,red_wool
wool_legacy_red,red_wool
wool_llama_red,red_wool
woved_red_wool,red_wool
angry_redstone_block,redstone_block
carved_redstone_block,redstone_block
checkered_redstone_block_tiles,redstone_block
cobbled_redstone_block,redstone_block
cracked_disordered_redstone_block_bricks,redstone_block
cracked_flat_redstone_block_tiles,redstone_block
cracked_redstone_block_bricks,redstone_block
creeper_redstone_block_carving,redstone_block
crying_redstone_block,redstone_block
cut_blank_redstone_block,redstone_block
duh_redstone_block,redstone_block
engraved_redstone_block,redstone_block
eroded_redstone_block,redstone_block
etched_redstone_block_bricks,redstone_block
flat_redstone_block_tiles,redstone_block
glad_redstone_block,redstone_block
inlayed_redstone_block,redstone_block
inscribed_redstone_block,redstone_block
layed_redstone_block_bricks,redstone_block
loded_redstone_block,redstone_block
offset_redstone_block_bricks,redstone_block
prismal_redstone_block_remnants,redstone_block
redstone_block_brick_bordered,redstone_block
redstone_block_crushed,redstone_block
redstone_block_mini_tiles,redstone_block
redstone_block_smooth,redstone_block
rough_redstone_block,redstone_block
rounded_redstone_block_bricks,redstone_block
runic_carved_redstone_block,redstone_block
sad_redstone_block,redstone_block
sanded_redstone_block,redstone_block
small_redstone_block_bricks,redstone_block
smooth_inlayed_redstone_block,redstone_block
smooth_ringed_redstone_block,redstone_block
smoothed_double_inlayed_redstone_block,redstone_block
spiraled_redstone_block,redstone_block
stacked_redstone_block_bricks,redstone_block
tiled_redstone_block,redstone_block
tiny_layered_redstone_block_bricks,redstone_block
tiny_layered_redstone_block_slabs,redstone_block
tiny_redstone_block_bricks,redstone_block
trodden_redstone_block,redstone_block
unamused_redstone_block,redstone_block
vertical_cut_redstone_block,redstone_block
vertical_disordered_redstone_block_bricks,redstone_block
weathered_redstone_block,redstone_block
angry_rose_quartz,rose_quartz
bordered_rose_quartz,rose_quartz
brick_bordered_rose_quartz,rose_quartz
carved_rose_quartz,rose_quartz
checkered_rose_quartz_tiles,rose_quartz
cobbled_rose_quartz,rose_quartz
cracked_disordered_rose_quartz_bricks,rose_quartz
cracked_flat_rose_quartz_tiles,rose_quartz
cracked_rose_quartz_bricks,rose_quartz
creeper_rose_quartz_carving,rose_quartz
crying_rose_quartz,rose_quartz
cut_blank_rose_quartz,rose_quartz
duh_rose_quartz,rose_quartz
edged_rose_quartz_bricks,rose_quartz
engraved_rose_quartz,rose_quartz
eroded_rose_quartz,rose_quartz
etched_rose_quartz_bricks,rose_quartz
flat_rose_quartz_tiles,rose_quartz
glad_rose_quartz,rose_quartz
inlayed_rose_quartz,rose_quartz
inscribed_rose_quartz,rose_quartz
layed_rose_quartz_bricks,rose_quartz
loded_rose_quartz,rose_quartz
offset_rose_quartz_bricks,rose_quartz
overlapping_rose_quartz_tiles,rose_quartz
polished_rose_quartz,rose_quartz
prismal_rose_quartz_remnants,rose_quartz
rose_quartz_mini_tiles,rose_quartz
rose_quartz_scales,rose_quartz
rough_rose_quartz,rose_quartz
rounded_rose_quartz_bricks,rose_quartz
runic_carved_rose_quartz,rose_quartz
sad_rose_quartz,rose_quartz
sanded_rose_quartz,rose_quartz
small_rose_quartz_bricks,rose_quartz
smooth_inlayed_rose_quartz,rose_quartz
smooth_ringed_rose_quartz,rose_quartz
smoothed_double_inlayed_rose_quartz,rose_quartz
spiraled_rose_quartz,rose_quartz
stacked_rose_quartz_bricks,rose_quartz
thick_inlayed_rose_quartz,rose_quartz
tiled_bordered_rose_quartz,rose_quartz
tiled_rose_quartz,rose_quartz
tiny_brick_bordered_rose_quartz,rose_quartz
tiny_layered_rose_quartz_bricks,rose_quartz
tiny_layered_rose_quartz_slabs,rose_quartz
tiny_rose_quartz_bricks,rose_quartz
trodden_rose_quartz,rose_quartz
unamused_rose_quartz,rose_quartz
vertical_cut_rose_quartz,rose_quartz
vertical_disordered_rose_quartz_bricks,rose_quartz
weathered_rose_quartz,rose_quartz
ash_sand,sand
coarse_sand,sand
desert_sand,sand
kelp_sand,sand
lush_red_sand,sand
overgrown_sand,sand
pearl_sand,sand
soft_sand,sand
tar_sand,sand
wet_red_sand,sand
wet_sand,sand
white_sand,sand
angry_sandstone,sandstone
carved_sandstone,sandstone
checkered_sandstone_tiles,sandstone
cobbled_sandstone,sandstone
cracked_disordered_sandstone_bricks,sandstone
cracked_flat_sandstone_tiles,sandstone
cracked_sandstone_bricks,sandstone
cracked_tiny_sandstone_tiles,sandstone
creeper_sandstone_carving,sandstone
crying_sandstone,sandstone
cut_blank_sandstone,sandstone
duh_sandstone,sandstone
engraved_sandstone,sandstone
eroded_sandstone,sandstone
etched_sandstone_bricks,sandstone
flat_sandstone_tiles,sandstone
glad_sandstone,sandstone
inlayed_sandstone,sandstone
inscribed_sandstone,sandstone
layed_sandstone_bricks,sandstone
loded_sandstone,sandstone
mossy_cobbled_sandstone,sandstone
mossy_sandstone_bricks,sandstone
offset_sandstone_bricks,sandstone
prismal_sandstone_remnants,sandstone
rough_sandstone,sandstone
rounded_sandstone_bricks,sandstone
runic_carved_sandstone,sandstone
sad_sandstone,sandstone
sanded_sandstone,sandstone
sandstone_mini_tiles,sandstone
sandstone_scales,sandstone
small_sandstone_bricks,sandstone
smooth_inlayed_sandstone,sandstone
smooth_ringed_sandstone,sandstone
smoothed_double_inlayed_sandstone,sandstone
spiraled_sandstone,sandstone
stacked_sandstone_bricks,sandstone
tiled_sandstone,sandstone
tiny_layered_sandstone_bricks,sandstone
tiny_layered_sandstone_slabs,sandstone
tiny_sandstone_bricks,sandstone
trodden_sandstone,sandstone
unamused_sandstone,sandstone
vertical_cut_sandstone,sandstone
vertical_disordered_sandstone_bricks,sandstone
weathered_sandstone,sandstone
angry_scorchia,scorchia
bordered_scorchia,scorchia
brick_bordered_scorchia,scorchia
carved_scorchia,scorchia
checkered_scorchia_tiles,scorchia
cobbled_scorchia,scorchia
cracked_disordered_scorchia_bricks,scorchia
cracked_flat_scorchia_tiles,scorchia
cracked_scorchia_bricks,scorchia
creeper_scorchia_carving,scorchia
crying_scorchia,scorchia
cut_blank_scorchia,scorchia
duh_scorchia,scorchia
edged_scorchia_bricks,scorchia
engraved_scorchia,scorchia
eroded_scorchia,scorchia
etched_scorchia_bricks,scorchia
flat_scorchia_tiles,scorchia
glad_scorchia,scorchia
inlayed_scorchia,scorchia
inscribed_scorchia,scorchia
layed_scorchia_bricks,scorchia
loded_scorchia,scorchia
offset_scorchia_bricks,scorchia
overlapping_scorchia_tiles,scorchia
polished_scorchia,scorchia
prismal_scorchia_remnants,scorchia
rough_scorchia,scorchia
rounded_scorchia_bricks,scorchia
runic_carved_scorchia,scorchia
sad_scorchia,scorchia
sanded_scorchia,scorchia
scorchia_bricks,scorchia
scorchia_mini_tiles,scorchia
scorchia_scales,scorchia
small_scorchia_bricks,scorchia
smooth_inlayed_scorchia,scorchia
smooth_ringed_scorchia,scorchia
smoothed_double_inlayed_scorchia,scorchia
spiraled_scorchia,scorchia
stacked_scorchia_bricks,scorchia
thick_inlayed_scorchia,scorchia
tiled_bordered_scorchia,scorchia
tiled_scorchia,scorchia
tiny_brick_bordered_scorchia,scorchia
tiny_layered_scorchia_bricks,scorchia
tiny_layered_scorchia_slabs,scorchia
tiny_scorchia_bricks,scorchia
trodden_scorchia,scorchia
unamused_scorchia,scorchia
vertical_cut_scorchia,scorchia
vertical_disordered_scorchia_bricks,scorchia
weathered_scorchia,scorchia
angry_scoria,scoria
bordered_scoria,scoria
brick_bordered_scoria,scoria
carved_scoria,scoria
checkered_scoria_tiles,scoria
cobbled_scoria,scoria
cracked_disordered_scoria_bricks,scoria
cracked_flat_scoria_tiles,scoria
cracked_scoria_bricks,scoria
creeper_scoria_carving,scoria
crying_scoria,scoria
cut_blank_scoria,scoria
duh_scoria,scoria
edged_scoria_bricks,scoria
engraved_scoria,scoria
eroded_scoria,scoria
etched_scoria_bricks,scoria
flat_scoria_tiles,scoria
glad_scoria,scoria
inlayed_scoria,scoria
inscribed_scoria,scoria
layed_scoria_bricks,scoria
loded_scoria,scoria
offset_scoria_bricks,scoria
overlapping_scoria_tiles,scoria
polished_scoria,scoria
prismal_scoria_remnants,scoria
rough_scoria,scoria
rounded_scoria_bricks,scoria
runic_carved_scoria,scoria
sad_scoria,scoria
sanded_scoria,scoria
scoria_bricks,scoria
scoria_mini_tiles,scoria
scoria_scales,scoria
small_scoria_bricks,scoria
smooth_inlayed_scoria,scoria
smooth_ringed_scoria,scoria
smoothed_double_inlayed_scoria,scoria
spiraled_scoria,scoria
stacked_scoria_bricks,scoria
thick_inlayed_scoria,scoria
tiled_bordered_scoria,scoria
tiled_scoria,scoria
tiny_brick_bordered_scoria,scoria
tiny_layered_scoria_bricks,scoria
tiny_layered_scoria_slabs,scoria
tiny_scoria_bricks,scoria
trodden_scoria,scoria
unamused_scoria,scoria
vertical_cut_scoria,scoria
vertical_disordered_scoria_bricks,scoria
weathered_scoria,scoria
angry_smooth_stone,smooth_stone
carved_smooth_stone,smooth_stone
checkered_smooth_stone_tiles,smooth_stone
cobbled_smooth_stone,smooth_stone
cracked_disordered_smooth_stone_bricks,smooth_stone
cracked_flat_smooth_stone_tiles,smooth_stone
cracked_smooth_stone_bricks,smooth_stone
creeper_smooth_stone_carving,smooth_stone
crying_smooth_stone,smooth_stone
cut_blank_smooth_stone,smooth_stone
duh_smooth_stone,smooth_stone
engraved_smooth_stone,smooth_stone
eroded_smooth_stone,smooth_stone
etched_smooth_stone_bricks,smooth_stone
flat_smooth_stone_tiles,smooth_stone
glad_smooth_stone,smooth_stone
inlayed_smooth_stone,smooth_stone
inscribed_smooth_stone,smooth_stone
layed_smooth_stone_bricks,smooth_stone
loded_smooth_stone,smooth_stone
offset_smooth_stone_bricks,smooth_stone
prismal_smooth_stone_remnants,smooth_stone
rough_smooth_stone,smooth_stone
rounded_smooth_stone_bricks,smooth_stone
runic_carved_smooth_stone,smooth_stone
sad_smooth_stone,smooth_stone
sanded_smooth_stone,smooth_stone
small_smooth_stone_bricks,smooth_stone
smooth_inlayed_smooth_stone,smooth_stone
smooth_ringed_smooth_stone,smooth_stone
smooth_stone_bricks,smooth_stone
smooth_stone_mini_tiles,smooth_stone
smooth_stone_scales,smooth_stone
smoothed_double_inlayed_smooth_stone,smooth_stone
spiraled_smooth_stone,smooth_stone
stacked_smooth_stone_bricks,smooth_stone
tiled_smooth_stone,smooth_stone
tiny_layered_smooth_stone_bricks,smooth_stone
tiny_layered_smooth_stone_slabs,smooth_stone
tiny_smooth_stone_bricks,smooth_stone
trodden_smooth_stone,smooth_stone
unamused_smooth_stone,smooth_stone
vertical_cut_smooth_stone,smooth_stone
vertical_disordered_smooth_stone_bricks,smooth_stone
weathered_smooth_stone,smooth_stone
angry_snow_block,snow_block
carved_snow_block,snow_block
checkered_snow_block_tiles,snow_block
cobbled_snow_block,snow_block
cracked_disordered_snow_block_bricks,snow_block
cracked_flat_snow_block_tiles,snow_block
cracked_snow_block_bricks,snow_block
creeper_snow_block_carving,snow_block
crying_snow_block,snow_block
cut_blank_snow_block,snow_block
duh_snow_block,snow_block
engraved_snow_block,snow_block
eroded_snow_block,snow_block
etched_snow_block_bricks,snow_block
flat_snow_block_tiles,snow_block
glad_snow_block,snow_block
inlayed_snow_block,snow_block
inscribed_snow_block,snow_block
layed_snow_block_bricks,snow_block
loded_snow_block,snow_block
offset_snow_block_bricks,snow_block
prismal_snow_block_remnants,snow_block
rough_snow_block,snow_block
rounded_snow_block_bricks,snow_block
runic_carved_snow_block,snow_block
sad_snow_block,snow_block
sanded_snow_block,snow_block
small_snow_block_bricks,snow_block
smooth_inlayed_snow_block,snow_block
smooth_ringed_snow_block,snow_block
smoothed_double_inlayed_snow_block,snow_block
snow_block_bricks,snow_block
snow_block_mini_tiles,snow_block
snow_block_scales,snow_block
spiraled_snow_block,snow_block
stacked_snow_block_bricks,snow_block
tiled_snow_block,snow_block
tiny_layered_snow_block_bricks,snow_block
tiny_layered_snow_block_slabs,snow_block
tiny_snow_block_bricks,snow_block
trodden_snow_block,snow_block
unamused_snow_block,snow_block
vertical_cut_snow_block,snow_block
vertical_disordered_snow_block_bricks,snow_block
weathered_snow_block,snow_block
faded_soul_sand,soul_sand
fine_soul_sand,soul_sand
glowing_soul_sand,soul_sand
graveled_soul_sand,soul_sand
happy_soul_sand,soul_sand
hardened_soul_sand,soul_sand
lauching_soul_sand,soul_sand
meming_soul_sand,soul_sand
reanimated_soul_sand,soul_sand
scared_soul_sand,soul_sand
sifted_soul_sand,soul_sand
smoothed_soul_sand,soul_sand
trampled_soul_sand,soul_sand
bulby_sponge,sponge
fine_sponge,sponge
giant_sponge,sponge
lush_sponge,sponge
old_sponge,sponge
smooth_sponge,sponge
soft_sponge,sponge
basket_woven_spruce_planks,spruce_planks
boxed_spruce_planks,spruce_planks
brick_bond_spruce_planks,spruce_planks
bricky_spruce_planks,spruce_planks
cross_laced_spruce_planks,spruce_planks
crossed_spruce_planks,spruce_planks
detailed_spruce_planks,spruce_planks
diagonal_spruce_planks,spruce_planks
diamond_spruce_planks,spruce_planks
double_herringbone_spruce_planks,spruce_planks
fine_spruce_planks,spruce_planks
fine_vertical_spruce_planks,spruce_planks
herringbone_spruce_planks,spruce_planks
hewn_spruce_planks,spruce_planks
laced_spruce_planks,spruce_planks
nailed_spruce_planks,spruce_planks
polished_spruce_planks,spruce_planks
railed_spruce_planks,spruce_planks
shifted_spruce_planks,spruce_planks
slanted_spruce_planks,spruce_planks
smooth_spruce_planks,spruce_planks
spruce_planks_fine_mosaic,spruce_planks
spruce_planks_mosaic,spruce_planks
spruce_planks_shavings,spruce_planks
stacked_spruce_planks,spruce_planks
thin_spruce_planks,spruce_planks
tiled_spruce_planks,spruce_planks
versailles_spruce_planks,spruce_planks
vertical_spruce_planks,spruce_planks
vertically_railed_spruce_planks,spruce_planks
wickered_spruce_planks,spruce_planks
angry_stone,stone
bordered_stone,stone
brick_bordered_stone,stone
carved_stone,stone
checkered_stone_tiles,stone
cobbled_stone,stone
cracked_disordered_stone_bricks,stone
cracked_flat_stone_tiles,stone
cracked_tiny_stone_tiles,stone
creeper_stone_carving,stone
crying_stone,stone
duh_stone,stone
edged_stone_bricks,stone
engraved_stone,stone
eroded_stone,stone
etched_stone_bricks,stone
flat_stone_tiles,stone
glad_stone,stone
inlayed_stone,stone
inscribed_stone,stone
layed_stone_bricks,stone
loded_stone,stone
offset_stone_bricks,stone
overlapping_stone_tiles,stone
polished_stone,stone
prismal_stone_remnants,stone
rough_stone,stone
rounded_stone_bricks,stone
runic_carved_stone,stone
sad_stone,stone
sanded_stone,stone
small_stone_bricks,stone
smooth_inlayed_stone,stone
smooth_ringed_stone,stone
smoothed_double_inlayed_stone,stone
spiraled_stone,stone
stacked_stone_bricks,stone
stone_cobbled,stone
stone_diamond_pavers,stone
stone_mini_tiles,stone
stone_scales,stone
thick_inlayed_stone,stone
tiled_bordered_stone,stone
tiled_stone,stone
tiny_brick_bordered_stone,stone
tiny_layered_stone_bricks,stone
tiny_layered_stone_slabs,stone
tiny_stone_bricks,stone
trodden_stone,stone
unamused_stone,stone
vertical_cut_stone,stone
vertical_disordered_stone_bricks,stone
weathered_stone,stone
chiseled_terracotta,terracotta
chiseled_terracotta_bricks,terracotta
crossed_terracotta,terracotta
cut_terracotta,terracotta
decorated_terracotta,terracotta
glazed_terracotta,terracotta
layered_terracotta,terracotta
terracotta_bricks,terracotta
terracotta_small_bricks,terracotta
terracotta_tile,terracotta
terracotta_tiles,terracotta
triangular_terracotta,terracotta
angry_tuff,tuff
carved_tuff,tuff
checkered_tuff_tiles,tuff
cobbled_tuff,tuff
cracked_disordered_tuff_bricks,tuff
cracked_flat_tuff_tiles,tuff
cracked_tiny_tuff_tiles,tuff
cracked_tuff_bricks,tuff
creeper_tuff_carving,tuff
crying_tuff,tuff
cut_blank_tuff,tuff
duh_tuff,tuff
engraved_tuff,tuff
eroded_tuff,tuff
etched_tuff_bricks,tuff
flat_tuff_tiles,tuff
glad_tuff,tuff
inlayed_tuff,tuff
inscribed_tuff,tuff
layed_tuff_bricks,tuff
loded_tuff,tuff
mossy_cobbled_tuff,tuff
mossy_tuff_bricks,tuff
offset_tuff_bricks,tuff
prismal_tuff_remnants,tuff
rough_tuff,tuff
rounded_tuff_bricks,tuff
runic_carved_tuff,tuff
sad_tuff,tuff
sanded_tuff,tuff
small_tuff_bricks,tuff
smooth_inlayed_tuff,tuff
smooth_ringed_tuff,tuff
smoothed_double_inlayed_tuff,tuff
spiraled_tuff,tuff
stacked_tuff_bricks,tuff
tiled_tuff,tuff
tiny_layered_tuff_bricks,tuff
tiny_layered_tuff_slabs,tuff
tiny_tuff_bricks,tuff
trodden_tuff,tuff
tuff_bricks,tuff
tuff_mini_tiles,tuff
tuff_scales,tuff
unamused_tuff,tuff
vertical_cut_tuff,tuff
vertical_disordered_tuff_bricks,tuff
weathered_tuff,tuff
angry_veridium,veridium
bordered_veridium,veridium
brick_bordered_veridium,veridium
carved_veridium,veridium
checkered_veridium_tiles,veridium
cobbled_veridium,veridium
cracked_disordered_veridium_bricks,veridium
cracked_flat_veridium_tiles,veridium
cracked_veridium_bricks,veridium
creeper_veridium_carving,veridium
crying_veridium,veridium
cut_blank_veridium,veridium
duh_veridium,veridium
edged_veridium_bricks,veridium
engraved_veridium,veridium
eroded_veridium,veridium
etched_veridium_bricks,veridium
flat_veridium_tiles,veridium
glad_veridium,veridium
inlayed_veridium,veridium
inscribed_veridium,veridium
layed_veridium_bricks,veridium
loded_veridium,veridium
offset_veridium_bricks,veridium
overlapping_veridium_tiles,veridium
polished_veridium,veridium
prismal_veridium_remnants,veridium
rough_veridium,veridium
rounded_veridium_bricks,veridium
runic_carved_veridium,veridium
sad_veridium,veridium
sanded_veridium,veridium
small_veridium_bricks,veridium
smooth_inlayed_veridium,veridium
smooth_ringed_veridium,veridium
smoothed_double_inlayed_veridium,veridium
spiraled_veridium,veridium
stacked_veridium_bricks,veridium
thick_inlayed_veridium,veridium
tiled_bordered_veridium,veridium
tiled_veridium,veridium
tiny_brick_bordered_veridium,veridium
tiny_layered_veridium_bricks,veridium
tiny_layered_veridium_slabs,veridium
tiny_veridium_bricks,veridium
trodden_veridium,veridium
unamused_veridium,veridium
veridium_bricks,veridium
veridium_mini_tiles,veridium
veridium_scales,veridium
vertical_cut_veridium,veridium
vertical_disordered_veridium_bricks,veridium
weathered_veridium,veridium
basket_woven_warped_planks,warped_planks
boxed_warped_planks,warped_planks
brick_bond_warped_planks,warped_planks
bricky_warped_planks,warped_planks
cross_laced_warped_planks,warped_planks
crossed_warped_planks,warped_planks
detailed_warped_planks,warped_planks
diagonal_warped_planks,warped_planks
diamond_warped_planks,warped_planks
double_herringbone_warped_planks,warped_planks
fine_vertical_warped_planks,warped_planks
fine_warped_planks,warped_planks
herringbone_warped_planks,warped_planks
hewn_warped_planks,warped_planks
laced_warped_planks,warped_planks
nailed_warped_planks,warped_planks
polished_warped_planks,warped_planks
railed_warped_planks,warped_planks
shifted_warped_planks,warped_planks
slanted_warped_planks,warped_planks
smooth_warped_planks,warped_planks
stacked_warped_planks,warped_planks
thin_warped_planks,warped_planks
tiled_warped_planks,warped_planks
versailles_warped_planks,warped_planks
vertical_warped_planks,warped_planks
vertically_railed_warped_planks,warped_planks
warped_planks_fine_mosaic,warped_planks
warped_planks_mosaic,warped_planks
warped_planks_shavings,warped_planks
wickered_warped_planks,warped_planks
bubbling_warped_wart_block,warped_wart_block
crumbled_warped_wart_block,warped_wart_block
dried_warped_wart_block,warped_wart_block
erratic_warped_wart_block,warped_wart_block
eyed_warped_wart_block,warped_wart_block
patched_warped_wart_block,warped_wart_block
porous_warped_wart_block,warped_wart_block
rough_warped_wart_block,warped_wart_block
scabbed_warped_wart_block,warped_wart_block
scaled_warped_wart_block,warped_wart_block
seared_warped_wart_block,warped_wart_block
semi_spongy_warped_wart_block,warped_wart_block
speckled_warped_wart_block,warped_wart_block
spongy_warped_wart_block,warped_wart_block
ancient_waxed_copper_block,waxed_copper_block
chipped_waxed_copper_block,waxed_copper_block
copper_block_cone,waxed_copper_block
copper_block_smooth,waxed_copper_block
embossed_waxed_copper_block,waxed_copper_block
engraved_waxed_copper_block,waxed_copper_block
layered_waxed_copper_block,waxed_copper_block
plated_waxed_copper_block,waxed_copper_block
pressed_waxed_copper_block,waxed_copper_block
reinforced_waxed_copper_block,waxed_copper_block
sheet_waxed_copper_block,waxed_copper_block
shuttered_waxed_copper_block,waxed_copper_block
stacked_waxed_copper_block,waxed_copper_block
ancient_waxed_exposed_copper,waxed_exposed_copper
chipped_waxed_exposed_copper,waxed_exposed_copper
embossed_waxed_exposed_copper,waxed_exposed_copper
engraved_waxed_exposed_copper,waxed_exposed_copper
layered_waxed_exposed_copper,waxed_exposed_copper
plated_waxed_exposed_copper,waxed_exposed_copper
pressed_waxed_exposed_copper,waxed_exposed_copper
reinforced_waxed_exposed_copper,waxed_exposed_copper
sheet_waxed_exposed_copper,waxed_exposed_copper
shuttered_waxed_exposed_copper,waxed_exposed_copper
stacked_waxed_exposed_copper,waxed_exposed_copper
ancient_waxed_oxidized_copper,waxed_oxidized_copper
chipped_waxed_oxidized_copper,waxed_oxidized_copper
embossed_waxed_oxidized_copper,waxed_oxidized_copper
engraved_waxed_oxidized_copper,waxed_oxidized_copper
layered_waxed_oxidized_copper,waxed_oxidized_copper
plated_waxed_oxidized_copper,waxed_oxidized_copper
pressed_waxed_oxidized_copper,waxed_oxidized_copper
reinforced_waxed_oxidized_copper,waxed_oxidized_copper
sheet_waxed_oxidized_copper,waxed_oxidized_copper
shuttered_waxed_oxidized_copper,waxed_oxidized_copper
stacked_waxed_oxidized_copper,waxed_oxidized_copper
ancient_waxed_weathered_copper,waxed_weathered_copper
chipped_waxed_weathered_copper,waxed_weathered_copper
embossed_waxed_weathered_copper,waxed_weathered_copper
engraved_waxed_weathered_copper,waxed_weathered_copper
layered_waxed_weathered_copper,waxed_weathered_copper
plated_waxed_weathered_copper,waxed_weathered_copper
pressed_waxed_weathered_copper,waxed_weathered_copper
reinforced_waxed_weathered_copper,waxed_weathered_copper
sheet_waxed_weathered_copper,waxed_weathered_copper
shuttered_waxed_weathered_copper,waxed_weathered_copper
stacked_waxed_weathered_copper,waxed_weathered_copper
bolted_white_concrete,white_concrete
creeper_white_concrete,white_concrete
grid_white_concrete,white_concrete
hazard_white_concrete,white_concrete
mosaic_white_concrete,white_concrete
railed_white_concrete,white_concrete
reinforced_white_concrete,white_concrete
rusted_white_concrete,white_concrete
stacked_white_concrete,white_concrete
stop_white_concrete,white_concrete
warning_white_concrete,white_concrete
white_concrete_bricks,white_concrete
white_concrete_tiles,white_concrete
decorated_white_glazed_terracotta,white_glazed_terracotta
hexagonical_white_glazed_terracotta,white_glazed_terracotta
minimized_white_glazed_terracotta,white_glazed_terracotta
paved_white_glazed_terracotta,white_glazed_terracotta
shrunken_white_glazed_terracotta,white_glazed_terracotta
starry_white_glazed_terracotta,white_glazed_terracotta
waved_white_glazed_terracotta,white_glazed_terracotta
white_glazed_terracotta_smooth_tiles,white_glazed_terracotta
white_glazed_terracotta_tiles,white_glazed_terracotta
chiseled_white_terracotta,white_terracotta
chiseled_white_terracotta_bricks,white_terracotta
crossed_white_terracotta,white_terracotta
cut_white_terracotta,white_terracotta
decorated_white_terracotta,white_terracotta
layered_white_terracotta,white_terracotta
triangular_white_terracotta,white_terracotta
white_terracotta_bricks,white_terracotta
white_terracotta_small_bricks,white_terracotta
white_terracotta_tile,white_terracotta
white_terracotta_tiles,white_terracotta
barky_white_wool,white_wool
blocky_white_wool,white_wool
bundled_white_wool,white_wool
cross_haired_white_wool,white_wool
cubed_white_wool,white_wool
knitted_white_wool,white_wool
patched_white_wool,white_wool
ribbled_white_wool,white_wool
scaled_white_wool,white_wool
soft_white_wool,white_wool
stringed_white_wool,white_wool
tiled_white_wool,white_wool
tripped_white_wool,white_wool
wickered_white_wool,white_wool
windmill_white_wool,white_wool
wool_legacy_white,white_wool
wool_llama_white,white_wool
woved_white_wool,white_wool
bolted_yellow_concrete,yellow_concrete
creeper_yellow_concrete,yellow_concrete
grid_yellow_concrete,yellow_concrete
hazard_yellow_concrete,yellow_concrete
mosaic_yellow_concrete,yellow_concrete
railed_yellow_concrete,yellow_concrete
reinforced_yellow_concrete,yellow_concrete
rusted_yellow_concrete,yellow_concrete
stacked_yellow_concrete,yellow_concrete
stop_yellow_concrete,yellow_concrete
warning_yellow_concrete,yellow_concrete
yellow_concrete_bricks,yellow_concrete
yellow_concrete_tiles,yellow_concrete
decorated_yellow_glazed_terracotta,yellow_glazed_terracotta
hexagonical_yellow_glazed_terracotta,yellow_glazed_terracotta
minimized_yellow_glazed_terracotta,yellow_glazed_terracotta
paved_yellow_glazed_terracotta,yellow_glazed_terracotta
shrunken_yellow_glazed_terracotta,yellow_glazed_terracotta
starry_yellow_glazed_terracotta,yellow_glazed_terracotta
waved_yellow_glazed_terracotta,yellow_glazed_terracotta
yellow_glazed_terracotta_smooth_tiles,yellow_glazed_terracotta
yellow_glazed_terracotta_tiles,yellow_glazed_terracotta
chiseled_yellow_terracotta,yellow_terracotta
chiseled_yellow_terracotta_bricks,yellow_terracotta
crossed_yellow_terracotta,yellow_terracotta
cut_yellow_terracotta,yellow_terracotta
decorated_yellow_terracotta,yellow_terracotta
layered_yellow_terracotta,yellow_terracotta
triangular_yellow_terracotta,yellow_terracotta
yellow_terracotta_bricks,yellow_terracotta
yellow_terracotta_small_bricks,yellow_terracotta
yellow_terracotta_tile,yellow_terracotta
yellow_terracotta_tiles,yellow_terracotta
barky_yellow_wool,yellow_wool
blocky_yellow_wool,yellow_wool
bundled_yellow_wool,yellow_wool
cross_haired_yellow_wool,yellow_wool
cubed_yellow_wool,yellow_wool
knitted_yellow_wool,yellow_wool
patched_yellow_wool,yellow_wool
ribbled_yellow_wool,yellow_wool
scaled_yellow_wool,yellow_wool
soft_yellow_wool,yellow_wool
stringed_yellow_wool,yellow_wool
tiled_yellow_wool,yellow_wool
tripped_yellow_wool,yellow_wool
wickered_yellow_wool,yellow_wool
windmill_yellow_wool,yellow_wool
wool_legacy_yellow,yellow_wool
wool_llama_yellow,yellow_wool
woved_yellow_wool,yellow_wool
